id,typeName,category,description,commonExamples,careTips,lightPreference,humidityPreference,temperaturePreference,springInterval,summerInterval,fallInterval,winterInterval,soilPhPreference,drainagePreference,plantToxicity,growthRate,origin
aglaonema,Aglaonema,Houseplants - Low Maintenance,"Also known as: Chinese evergreen. Low-light tolerant aroids with variegated foliage in shades of green, silver, pink, or red.","Aglaonema commutatum (Chinese evergreen), A. pictum, A. 'Silver Bay', A. 'Maria', A. 'Red Siam', A. 'Pink Star'",Water when top 1-2 inches of soil feels dry. Keep slightly more moist than other low-light plants but avoid soggy soil. Bright indirect light maintains variegation; low light is tolerated but may reduce color. Maintain 50-60% humidity. Fertilize monthly spring through fall with balanced liquid fertilizer (20-20-20) diluted to half strength. Wipe leaves monthly with damp cloth to remove dust and improve photosynthesis. Repot every 2-3 years in spring when roots fill container. Prune yellowing leaves at base. Watch for spider mites in dry conditions. Toxic to pets.,lowIndirect,medium,"[18, 27]",7.0,7.0,10.0,14.0,neutral,wellDraining,toxic,moderate,
aglaonema-pink-star,Aglaonema Pink Star,Houseplants - Low Maintenance,Aglaonema cultivar with pink-splashed variegation on green leaves; bright indirect light enhances color.,Aglaonema 'Pink Star',Water when top 1-2 inches of soil feels dry. Keep slightly more moist than other low-light plants but avoid soggy soil. Bright indirect light maintains pink variegation; low light reduces color intensity. Maintain 50-60% humidity. Fertilize monthly spring through fall with balanced liquid fertilizer diluted to half strength. Wipe leaves monthly with damp cloth to remove dust. Repot every 2-3 years in spring. Prune yellowing leaves at base. Watch for spider mites in dry conditions. Toxic to pets.,brightIndirect,medium,"[18, 27]",7.0,7.0,10.0,14.0,neutral,wellDraining,toxic,moderate,
aglaonema-red-valentine,Red Valentine Aglaonema,Houseplants - Low Maintenance,"Striking Aglaonema cultivar with deep pink or red variegation on dark green leaves, low-light tolerant like other Chinese evergreens.",Aglaonema 'Red Valentine',Water when top 1-2 inches of soil feels dry. Keep slightly more moist than succulents but avoid soggy soil. Low to bright indirect light maintains red coloration. Medium humidity (50-60%) preferred. Fertilize monthly spring through fall with balanced fertilizer at half strength. Wipe leaves monthly to remove dust. Toxic to pets. In spring pruning and Remove dead or damaged foliage promptly.,brightIndirect,medium,"[18, 27]",7.0,7.0,10.0,14.0,neutral,wellDraining,toxic,moderate,
aglaonema-sparkling-sarah,Aglaonema Sparkling Sarah,Houseplants - Low Maintenance,"Colorful Aglaonema cultivar with striking pink, cream, and green variegation on compact foliage; one of the most colorful Chinese evergreen varieties.",Aglaonema 'Sparkling Sarah',Water when top 1-2 inches of soil feels dry. Keep slightly more moist than other low-light plants but avoid soggy soil. Bright indirect light maintains vibrant pink-cream variegation; low light is tolerated but reduces color. Maintain 50-60% humidity. Fertilize monthly spring through fall with balanced liquid fertilizer diluted to half strength. Wipe leaves monthly with damp cloth to remove dust. Repot every 2-3 years in spring. Compact growth habit makes it ideal for tabletops. Watch for spider mites in dry conditions. Toxic to pets. In spring pruning and Remove dead or damaged foliage promptly.,brightIndirect,medium,"[18, 27]",7.0,7.0,10.0,14.0,neutral,wellDraining,toxic,moderate,
aralia-ming,Ming Aralia,Houseplants - Low Maintenance,"Finely textured tropical shrub with lacy, compound leaves; can be pruned into tree form. Sensitive to drafts and dry air.","Polyscias fruticosa (Ming aralia, Parsley aralia)",Water when top 1-2 inches of soil is dry. Keep moderately moist but never soggy—prone to root rot. Bright indirect light preferred; tolerates light shade. Medium to high humidity (50-65%) helps prevent leaf drop. Avoid cold drafts and temps below 18°C. Fertilize monthly spring through fall. Mildly toxic to pets. Prune yellowing or damaged leaves at the base. Trim leggy growth to maintain shape.,brightIndirect,medium,"[18, 24]",7.0,7.0,10.0,14.0,neutral,wellDraining,mildlyToxic,moderate,
aspidistra-variegated,Variegated Cast Iron,Houseplants - Low Maintenance,Variegated form of the cast iron plant with cream or white stripes on narrow leaves; equally indestructible and low-light tolerant.,Aspidistra elatior 'Variegata' (Variegated cast iron plant),Water when top 1-2 inches of soil is dry. Extremely forgiving of neglect. Tolerates very low light; brighter indirect light maintains variegation. Low humidity is fine. Fertilize 2-3 times per year at quarter strength. Repot only when severely root-bound. Non-toxic to pets. Prune yellowing or damaged leaves at the base. Trim leggy growth to maintain shape.,lowIndirect,low,"[10, 24]",7.0,7.0,10.0,14.0,neutral,wellDraining,nonToxic,slow,
cast-iron-plant,Cast Iron Plant,Houseplants - Low Maintenance,"Also known as: Barroom plant. Extremely low-light tolerant foliage plant in the Asparagaceae family, named for its ability to survive neglect. Includes various cultivars like variegated and speckled varieties.","Aspidistra elatior (Cast iron plant, Barroom plant), A. elatior 'Variegata' (Variegated cast iron plant), A. elatior 'Milky Way' (speckled variety)",Water when top 1-2 inches of soil is dry. Extremely forgiving of inconsistent watering and low light conditions. Avoid overwatering which causes root rot. Tolerates very low light but grows faster in bright indirect light. Low humidity is fine. Fertilize 2-3 times per year during growing season with balanced fertilizer at quarter strength. Repot only when severely root-bound (every 5-7 years). Remove dead or yellowing leaves at base by cutting at soil level. Dust leaves occasionally. One of the most indestructible houseplants. Prune yellowing or damaged leaves at the base. Trim leggy growth to maintain shape.,lowIndirect,low,"[7, 27]",10.0,10.0,14.0,21.0,neutral,wellDraining,nonToxic,slow,
dracaena-fragrans,Dracaena Fragrans,Houseplants - Low Maintenance,"Also known as: Corn plant. Corn plant with broad, arching leaves, can grow quite tall. Includes the popular 'Janet Craig' (Deremensis Group) and 'Massangeana' cultivars.","Dracaena fragrans 'Massangeana' (Corn plant), D. fragrans 'Janet Craig' (Deremensis Group), D. fragrans 'Compacta' (dwarf form)","Water when top half of soil is dry. Use filtered, distilled, or rainwater to prevent brown leaf tips from fluoride and chlorine. Bright indirect to medium light preferred. Maintain 40-50% humidity. Fertilize monthly spring through fall with balanced fertilizer diluted to half strength. Wipe leaves monthly to remove dust. Repot every 2-3 years when roots fill container. Prune brown tips and remove yellowing lower leaves. Sensitive to drafts and temperature fluctuations. Toxic to pets.",lowIndirect,medium,"[18, 24]",10.0,10.0,14.0,21.0,neutral,wellDraining,toxic,slow,
dracaena-goldieana,Dracaena Goldieana,Houseplants - Low Maintenance,"Also known as: Zebra-striped dragon tree. Rare dracaena with striking horizontal zebra-like bands of dark and light green on broad, oval leaves. A trending collector plant.","Dracaena goldieana (Zebra-striped dragon tree, Queen of dracaenas)",Water when top 1-2 inches of soil are dry; more sensitive to overwatering than other dracaenas. Bright indirect light — more light than typical dracaenas to maintain bold banding. High humidity (60%+) preferred — this is the key to success; brown leaf edges indicate low humidity. Fertilize monthly spring through fall with balanced fertilizer at half strength. Grows slowly. More finicky than other dracaenas — treat more like a calathea in terms of humidity needs. Repot every 2-3 years. Toxic to pets. Remove yellowing or damaged leaves promptly.,brightIndirect,high,"[18, 27]",10.0,7.0,10.0,14.0,neutral,wellDraining,toxic,slow,
dracaena-limelight,Dracaena Limelight,Houseplants - Low Maintenance,Also known as: Limelight dracaena. Bright lime-green cultivar of Dracaena deremensis; adds vivid color to low-light spaces.,Dracaena deremensis 'Limelight' (Limelight dracaena),Water when top inch of soil is dry. Use filtered water to avoid brown tips. Medium to bright indirect light maintains lime color; low light may dull it. Medium humidity fine. Fertilize monthly spring through fall. Toxic to pets. Remove yellowing or damaged leaves promptly.,brightIndirect,medium,"[18, 27]",7.0,7.0,10.0,14.0,neutral,wellDraining,toxic,slow,
dracaena-marginata,Dracaena Marginata,Houseplants - Low Maintenance,"Also known as: Dragon tree, Madagascar dragon tree. Dragon tree with thin, arching leaves with red edges, very low-maintenance.","Dracaena marginata (Dragon tree, Madagascar dragon tree)","Water when top half of soil is dry. Use filtered, distilled, or rainwater to prevent brown leaf tips from fluoride and chlorine. Bright indirect light maintains red edge coloration. Low to medium humidity is fine. Fertilize monthly spring through fall with balanced fertilizer at half strength. Repot every 2-3 years. Trim brown tips with clean scissors. Remove lower leaves as they yellow. Very low-maintenance once established. Toxic to pets.",lowIndirect,medium,"[18, 24]",10.0,10.0,14.0,21.0,neutral,wellDraining,toxic,slow,
dracaena-song-of-india,Song of India,Houseplants - Low Maintenance,Compact dracaena with yellow-edged leaves in a spiral arrangement; slow-growing and compact.,"Dracaena reflexa 'Song of India' (Song of India, Song of Jamaica)",Water when top inch of soil is dry. Bright indirect light maintains yellow margins. Use filtered water to prevent brown tips. Medium humidity fine. Fertilize monthly spring through fall. Toxic to pets. Remove yellowing or damaged leaves promptly.,brightIndirect,medium,"[18, 27]",7.0,7.0,10.0,14.0,neutral,wellDraining,toxic,slow,
dracaena-warneckii,Dracaena Warneckii,Houseplants - Low Maintenance,Also known as: Deremensis Group. Stripe-edged dracaena with green and white or cream variegation; upright growth habit.,"Dracaena fragrans (Deremensis Group) 'Warneckei' (Striped dracaena, Warneckii)",Water when top inch of soil is dry. Use filtered or distilled water to prevent brown leaf tips. Low to bright indirect light. Medium humidity fine. Fertilize monthly spring through fall. Toxic to pets. Remove dead or damaged foliage promptly.,brightIndirect,medium,"[18, 27]",7.0,7.0,10.0,14.0,neutral,wellDraining,toxic,slow,
false-aralia,False Aralia,Houseplants - Low Maintenance,"Delicate-looking shrub with fine, serrated leaflets; young plants have coppery new growth. Sensitive to changes in light and humidity.","Plerandra elegantissima (syn. Schefflera elegantissima; False aralia, Thread leaf)",Water when top inch of soil is dry. Avoid soggy soil. Bright indirect light preferred; low light causes leaf drop. Moderate to high humidity helps. Avoid drafts and sudden temperature changes. Fertilize monthly spring through fall. Mildly toxic to pets. Remove dead or damaged foliage promptly.,brightIndirect,medium,"[18, 24]",7.0,7.0,10.0,14.0,neutral,wellDraining,mildlyToxic,moderate,
ficus-benjamina,Weeping Fig,Houseplants - Low Maintenance,"Classic indoor tree with arching branches and glossy, pointed leaves; can grow quite tall. Sensitive to relocation and drafts.","Ficus benjamina (Weeping fig, Benjamin fig)",Water when top inch of soil is dry. Bright indirect light preferred. Avoid moving once established—leaf drop often follows. Medium humidity preferred; mist if leaves drop. Fertilize monthly spring through fall. Toxic to pets. Remove dead or damaged foliage promptly.,brightIndirect,medium,"[18, 27]",7.0,7.0,10.0,14.0,neutral,wellDraining,toxic,moderate,
ficus-elastica-tineke,Ficus Tineke,Houseplants - Low Maintenance,"Variegated rubber plant cultivar with striking cream, green, and pink-edged leaves, more colorful than the standard rubber plant while retaining its easy-care nature.","Ficus elastica 'Tineke' (Variegated rubber plant, Tineke rubber plant)",Water when top 2-5 cm of soil is dry; reduce in winter. Bright indirect light essential to maintain variegation—too little light causes green reversion. Medium humidity fine. Well-draining potting mix. Fertilize monthly spring through fall with balanced fertilizer at half strength. Wipe large leaves with damp cloth to remove dust. Prune to control height and encourage branching. Rotate regularly for even growth. Toxic to pets (milky latex sap).,brightIndirect,medium,"[15, 30]",7.0,7.0,10.0,14.0,neutral,wellDraining,toxic,moderate,
peace-lily-sensation,Peace Lily Sensation,Houseplants - Low Maintenance,"Also known as: Sensation peace lily. Large cultivar of peace lily with broad, glossy leaves; can reach 4–6 feet. Low-light tolerant and shows need for water by drooping.",Spathiphyllum 'Sensation' (Sensation peace lily),Water when top inch of soil is dry; plant will droop when thirsty. Low to bright indirect light. Medium humidity preferred. Fertilize monthly spring through fall. Wipe leaves to remove dust. Toxic to pets and humans—causes mouth irritation. Prune yellowing or damaged leaves at the base. Trim leggy growth to maintain shape.,lowIndirect,medium,"[18, 27]",7.0,7.0,10.0,14.0,neutral,wellDraining,toxic,moderate,
peperomia-ginny,Peperomia Ginny,Houseplants - Low Maintenance,"Also known as: Rainbow edge peperomia. Compact peperomia with tricolor leaves—green, cream, and pink edges; upright growth habit.","Peperomia clusiifolia 'Ginny' (Rainbow edge peperomia, Tricolor peperomia)",Water when top inch of soil is dry. Avoid overwatering—succulent leaves store water. Bright indirect light maintains variegation. Medium humidity fine. Fertilize monthly spring through fall at half strength. Non-toxic to pets. Remove dead or damaged foliage promptly.,brightIndirect,medium,"[18, 27]",7.0,7.0,10.0,14.0,neutral,wellDraining,nonToxic,moderate,
philodendron-congo,Philodendron Congo,Houseplants - Low Maintenance,"Upright, non-vining philodendron with glossy, broad leaves; compact and bushy growth habit.","Philodendron 'Congo', P. 'Congo Rojo', P. 'Rojo Congo'",Water when top inch of soil is dry. Low to bright indirect light. Medium humidity fine. Fertilize monthly spring through fall. Wipe leaves to remove dust. Mildly toxic to pets. Prune yellowing or damaged leaves at the base. Trim leggy growth to maintain shape.,lowIndirect,medium,"[18, 27]",7.0,7.0,10.0,14.0,neutral,wellDraining,mildlyToxic,moderate,
pilea-glauca,Silver Sparkle Pilea,Houseplants - Low Maintenance,Also known as: Gray baby tears. Tiny-leaved trailing plant with blue-green foliage; ideal for terrariums or small hanging pots.,"Pilea glauca (unresolved name; possibly P. libanensis) (Silver sparkle, Gray baby tears)","Water when top inch of soil is dry. Keep evenly moist. Bright indirect light preferred. High humidity helps—good for terrariums. Fertilize monthly spring through fall at half strength. Non-toxic to pets. Remove dead or damaged foliage promptly., if planted in water, need to clean rotted root",brightIndirect,high,"[18, 27]",7.0,7.0,10.0,14.0,neutral,wellDraining,nonToxic,fast,
pothos,Pothos,Houseplants - Low Maintenance,"Extremely easy-care trailing aroids in the Araceae family, excellent for beginners, includes many variegated varieties.","Epipremnum aureum (Golden pothos), E. 'Marble Queen', E. 'Neon', E. 'N'Joy', E. 'Manjula', Scindapsus pictus (Satin pothos)",Water when top inch of soil is dry. Very forgiving of neglect and inconsistent watering. Bright indirect light maintains variegation; tolerates low light but may lose variegation. Medium humidity is fine. Fertilize monthly spring through fall with balanced fertilizer at half strength. Prune to control length and encourage bushiness. Repot every 1-2 years. Excellent for beginners. Toxic to pets. One of the most popular houseplants.,brightIndirect,medium,"[18, 27]",7.0,7.0,10.0,14.0,neutral,wellDraining,mildlyToxic,fast,
pothos-cebu-blue,Cebu Blue Pothos,Houseplants - Low Maintenance,"Pothos variety with silvery-blue, elongated leaves; develops fenestrations when mature. Same easy care as golden pothos.",Epipremnum pinnatum 'Cebu Blue' (Cebu blue pothos),Water when top inch of soil is dry. Bright indirect light enhances blue sheen. Medium humidity fine. Fertilize monthly spring through fall. Can develop split leaves with age. Toxic to pets. Prune regularly to maintain a good canopy shape.,brightIndirect,medium,"[16, 29]",7.0,7.0,10.0,14.0,neutral,wellDraining,mildlyToxic,fast,
pothos-jade,Jade Pothos,Houseplants - Low Maintenance,Also known as: Green pothos. Solid green pothos with no variegation; most tolerant of low light and the hardiest pothos variety.,"Epipremnum aureum 'Jade' (Jade pothos, Green pothos)",Water when top inch of soil is dry. Tolerates very low light better than variegated varieties. Medium humidity fine. Fertilize monthly spring through fall. Very forgiving. Toxic to pets. Prune yellowing or damaged leaves at the base. Trim leggy growth to maintain shape.,lowIndirect,medium,"[18, 27]",7.0,7.0,10.0,14.0,neutral,wellDraining,mildlyToxic,fast,
sansevieria-cylindrica,Cylindrical Snake Plant,Houseplants - Low Maintenance,"Also known as: African spear. Snake plant with cylindrical, spear-like leaves; often braided when young. Same drought tolerance as flat-leaf varieties.","Dracaena angolensis (syn. Sansevieria cylindrica; African spear, Cylindrical snake plant)",Water when soil is completely dry (every 2-4 weeks). Very drought tolerant. Low to bright indirect light. Low humidity fine. Fertilize 2-3 times per year. Toxic to pets. Remove yellowing or damaged leaves promptly.,brightIndirect,low,"[18, 27]",14.0,14.0,21.0,28.0,neutral,excellentDrainage,toxic,slow,
sansevieria-hahnii,Bird's Nest Snake Plant,Houseplants - Low Maintenance,"Also known as: Golden hahnii. Dwarf snake plant with rosette-forming leaves; compact, ideal for small spaces and tabletops.","Dracaena trifasciata 'Hahnii' (Bird's nest snake plant, Golden hahnii)",Water when soil is completely dry (every 2-4 weeks). Compact rosette form stays under 20 cm tall — ideal for desks and small spaces. Low to bright indirect light. Low humidity fine. Needs less water than taller snake plants due to smaller leaf volume. Rarely needs repotting due to compact size. Fertilize 2-3 times per year. Toxic to pets. Remove yellowing or damaged leaves promptly.,brightIndirect,low,"[18, 27]",14.0,14.0,21.0,28.0,neutral,excellentDrainage,toxic,slow,
sansevieria-moonshine,Moonshine Snake Plant,Houseplants - Low Maintenance,"Snake plant with silvery-gray, broad leaves; subtle banding. Same easy care as other Dracaena trifasciata varieties.",Dracaena trifasciata 'Moonshine' (Moonshine snake plant),Water when soil is completely dry (every 2-4 weeks). Silvery-gray leaves are more sensitive to direct sun than green varieties — bright indirect light is best to prevent scorching. May lose silvery color and revert to green in low light. Low humidity fine. Drought tolerant. Grows upright to 60 cm. Fertilize 2-3 times per year. Toxic to pets. Remove yellowing or damaged leaves promptly.,brightIndirect,low,"[18, 27]",14.0,14.0,21.0,28.0,neutral,excellentDrainage,toxic,slow,
schefflera,Schefflera (Umbrella Tree),Houseplants - Low Maintenance,"Tropical shrub with glossy, palmately compound leaves—leaflets radiate from a central point like umbrella ribs.","Schefflera actinophylla (Umbrella tree, Octopus tree), S. arboricola (Dwarf umbrella tree, Hawaiian elf)",Water when top 2 inches of soil is dry. Keep consistently moist but not soggy. Bright indirect light preferred. Medium to high humidity (50-60%) preferred. Fertilize monthly spring through fall with balanced fertilizer at half strength. Prune to control size and encourage bushiness. Wipe leaves monthly. Repot every 2-3 years. Can grow quite large. Toxic to pets.,brightIndirect,high,"[18, 24]",7.0,7.0,10.0,14.0,neutral,wellDraining,toxic,moderate,
schefflera-dwarf,Dwarf Schefflera,Houseplants - Low Maintenance,"Compact umbrella plant with palmate leaves, easier to manage indoors than the larger schefflera.","Schefflera arboricola (Dwarf umbrella plant, Hawaiian elf schefflera), S. arboricola 'Variegata'",Water when top inch of soil is dry. Bright indirect light preferred. Medium humidity fine. Fertilize monthly spring through fall. Prune to maintain shape. More compact than standard schefflera. Toxic to pets.,brightIndirect,medium,"[18, 27]",7.0,7.0,10.0,14.0,neutral,wellDraining,toxic,moderate,
shangri-la-pothos,Shangri La Pothos,Houseplants - Low Maintenance,"Unique pothos cultivar with curled and twisted leaves that give a compact, textured appearance. Same easy care as standard pothos but with distinctive ruffled foliage.","Epipremnum aureum 'Shangri La' (Godzilla pothos, Sleeping pothos)",Water when top 1-2 inches of soil is dry. Tolerates low to bright indirect light. Very low maintenance. Curled leaves may unfurl with more light. Average humidity is fine. Fertilize monthly spring through fall. Mildly toxic to pets. Prune yellowing or damaged leaves at the base. Trim leggy growth to maintain shape.,brightIndirect,medium,"[18, 29]",7.0,7.0,10.0,14.0,neutral,wellDraining,mildlyToxic,fast,
snake-plants,Snake Plants,Houseplants - Low Maintenance,Also known as: Mother-in-law's tongue. Extremely low-maintenance succulents in the Asparagaceae family with upright sword-like leaves. Includes various cultivars with different leaf shapes and patterns.,"Dracaena trifasciata (syn. Sansevieria trifasciata; Mother-in-law's tongue), D. trifasciata 'Laurentii', D. trifasciata 'Moonshine', D. trifasciata 'Black Gold', Dracaena angolensis (syn. Sansevieria cylindrica; cylindrical snake plant)","Water only when soil is completely dry (every 2-8 weeks depending on conditions). Very drought tolerant due to water storage in leaves. Bright indirect to direct light preferred; tolerates low light but grows slowly. Low humidity is fine. Fertilize 2-3 times per year during growing season with succulent fertilizer at quarter strength. Repot only when pot breaks or plant becomes top-heavy (every 5-10 years). Remove dead leaves at base by pulling gently. Divide offsets when repotting. Overwatering is the main cause of death - when in doubt, wait longer. Toxic to pets. Remove yellowing or damaged leaves promptly.",brightIndirect,low,"[18, 27]",14.0,14.0,21.0,30.0,neutral,excellentDrainage,toxic,slow,
spathiphyllum-domino,Domino Peace Lily,Houseplants - Low Maintenance,"Variegated peace lily with white speckling on green leaves; smaller than Sensation, good for tabletops.",Spathiphyllum 'Domino' (Domino peace lily),Water when top inch of soil is dry; droops when thirsty. Low to bright indirect light. Medium humidity preferred. Fertilize monthly spring through fall. Brighter light maintains variegation. Toxic to pets. Prune yellowing or damaged leaves at the base. Trim leggy growth to maintain shape.,brightIndirect,medium,"[18, 27]",7.0,7.0,10.0,14.0,neutral,wellDraining,toxic,moderate,
spider-plants,Spider Plants,Houseplants - Low Maintenance,"Also known as: Airplane plant, Ribbon plant. Easy-care trailing plants in the Asparagaceae family that produce plantlets on stolons, excellent air purifiers. Includes various cultivars with different variegation patterns.","Chlorophytum comosum (Spider plant, Airplane plant, Ribbon plant), C. comosum 'Vittatum', C. comosum 'Variegatum', C. comosum 'Bonnie'",Water when top inch of soil is dry. Keep slightly moist but avoid overwatering which causes brown tips. Bright indirect light maintains variegation. Medium humidity (40-50%) preferred. Fertilize monthly spring through fall with balanced liquid fertilizer at half strength. Remove plantlets when they develop roots (2-3 inches long) to propagate or reduce crowding. Trim brown tips with clean scissors. Repot every 1-2 years when roots fill container. Excellent air purifier. Watch for spider mites in dry conditions. Non-toxic to pets.,brightIndirect,medium,"[18, 24]",7.0,7.0,10.0,14.0,neutral,wellDraining,nonToxic,fast,
yucca,Yucca,Houseplants - Low Maintenance,"Also known as: Giant yucca. Drought-tolerant plants in the Asparagaceae family with sword-like leaves, can grow into small trees.","Yucca elephantipes (Spineless yucca, Giant yucca), Y. aloifolia (Spanish bayonet, Dagger plant)",Water when soil is completely dry (every 2-4 weeks). Very drought tolerant. Bright indirect to direct light preferred. Low humidity is fine. Fertilize 2-3 times per year during growing season with balanced fertilizer at quarter strength. Repot every 3-5 years when roots fill container. Remove dead leaves at base. Can grow quite large - provide adequate space. Sharp leaf tips - handle with care. Toxic to pets. Remove dead or damaged foliage promptly.,brightIndirect,low,"[18, 24]",14.0,14.0,21.0,30.0,neutral,wellDraining,toxic,moderate,
zz-plant,ZZ Plant,Houseplants - Low Maintenance,"Also known as: Zanzibar gem, Eternity plant. Extremely low-maintenance plant in the Araceae family with glossy leaves and rhizomes that store water, virtually indestructible.","Zamioculcas zamiifolia (ZZ plant, Zanzibar gem, Eternity plant), Z. zamiifolia 'Raven' (Raven ZZ)","Water when soil is completely dry (every 2-4 weeks). Rhizomes store water making it extremely drought tolerant. Overwatering causes root rot - when in doubt, wait. Low to bright indirect light tolerated; grows faster in brighter light. Low humidity is fine. Fertilize 2-3 times per year during growing season with balanced fertilizer at quarter strength. Repot every 2-3 years when rhizomes fill container. Wipe glossy leaves monthly to remove dust. Virtually indestructible - perfect for beginners. Toxic to pets. Remove old, yellowing, or diseased leaves promptly.",lowIndirect,low,"[18, 24]",14.0,14.0,21.0,30.0,neutral,wellDraining,toxic,slow,
zz-plant-raven,ZZ Plant Raven,Houseplants - Low Maintenance,"Also known as: Raven ZZ plant, Black ZZ. Dark purple-black variety of ZZ plant, same easy-care as standard ZZ, new growth emerges green and darkens with age.","Zamioculcas zamiifolia 'Raven' (Raven ZZ plant, Black ZZ)","Water when soil is completely dry (every 2-4 weeks). Rhizomes store water making it extremely drought tolerant. Overwatering causes root rot. Low to bright indirect light; new growth emerges green and darkens to purple-black with age. Low humidity is fine. Fertilize 2-3 times per year during growing season with balanced fertilizer at quarter strength. Repot every 2-3 years. Wipe glossy leaves monthly. Same easy-care as standard ZZ plant with striking dark foliage. Toxic to pets. Remove old, yellowing, or diseased leaves promptly.",lowIndirect,low,"[18, 24]",14.0,14.0,21.0,30.0,neutral,wellDraining,toxic,slow,
zz-plant-zenzi,ZZ Plant Zenzi,Houseplants - Low Maintenance,"Also known as: Dwarf ZZ plant. Compact cultivar of Zamioculcas zamiifolia with shorter, more tightly clustered dark green leaflets on chunky stems.",Zamioculcas zamiifolia 'Zenzi' (Dwarf ZZ plant),"Water only when soil is completely dry — the thick rhizomes store water and overwatering causes root rot. Tolerates low light but grows faster in bright indirect light; avoid direct sun. Average room humidity is fine; no misting needed. Fertilize once or twice during the growing season with a balanced liquid fertilizer at half strength. Wipe leaves with a damp cloth to remove dust. Toxic to pets — contains calcium oxalate crystals. Remove old, yellowing, or diseased leaves promptly.",lowIndirect,low,"[18, 27]",14.0,14.0,21.0,30.0,neutral,wellDraining,toxic,slow,
alocasia-amazonica,Alocasia Amazonica,Houseplants - Aroids,"Dramatic aroid with arrow-shaped, dark green leaves featuring bold white or silver veining. Parent hybrid of the smaller Alocasia Polly. Despite the name, it is a hybrid, not from the Amazon.","Alocasia × amazonica (African mask plant, Elephant ear), A. × amazonica 'Polly' (compact cultivar)",Water when top inch of soil is dry. Bright indirect light; avoid direct sun which scorches leaves. High humidity (60%+) is important. May go dormant and lose leaves in winter — reduce watering and wait for regrowth. Toxic to pets. Remove yellowing leaves at the base. Prune leggy stems to promote bushier growth. Cut above a node for best results.,brightIndirect,high,"[18, 27]",7.0,7.0,10.0,14.0,acidic,wellDraining,toxic,moderate,
alocasia-black-velvet,Black Velvet Alocasia,Houseplants - Aroids,Compact Alocasia with velvety black leaves and silver veins; dramatic foliage plant requiring high humidity.,Alocasia reginula (Black velvet),"Keep soil evenly moist, never fully dry. High humidity (60%+) essential—use pebble tray or humidifier. Bright indirect light; avoid direct sun. Fertilize monthly spring through fall. Toxic to pets. Remove yellowing or dead leaves promptly.",brightIndirect,high,"[18, 27]",7.0,7.0,10.0,14.0,neutral,wellDraining,toxic,moderate,
alocasia-cuprea,Alocasia Cuprea,Houseplants - Aroids,"Also known as: Mirror plant, Red copper. Alocasia with metallic copper-bronze leaves and pronounced veins; compact, jewel-like foliage.","Alocasia cuprea (Mirror plant, Red copper)",Keep soil evenly moist. High humidity (60%+) required. Bright indirect light; direct sun burns leaves. Warm temps preferred. Fertilize monthly spring through fall. Toxic to pets. Remove yellowing or dead leaves promptly.,brightIndirect,high,"[18, 27]",7.0,7.0,10.0,14.0,neutral,wellDraining,toxic,moderate,
alocasia-dragon-scale,Dragon Scale Alocasia,Houseplants - Aroids,"Compact Alocasia with extraordinarily textured, thick leaves featuring deep silvery-green coloring and prominent dark veining that resembles dragon scales.",Alocasia baginda 'Dragon Scale',"Keep soil lightly moist but never soggy; allow top layer to dry slightly. Bright indirect light—avoid direct sun. High humidity (60%+) essential; struggles in dry indoor air. Very well-draining aroid mix with perlite, bark, and sphagnum. Fertilize monthly spring through fall at quarter strength. May go dormant in winter, losing leaves—reduce watering and keep warm. Sensitive to overwatering. Toxic to pets (calcium oxalate crystals). Remove yellowing or dead leaves promptly.",brightIndirect,high,"[18, 28]",5.0,5.0,7.0,14.0,acidic,wellDraining,toxic,moderate,
alocasia-frydek,Alocasia Frydek,Houseplants - Aroids,Also known as: Green velvet. Velvety green Alocasia with prominent white veins; similar to Black Velvet but green. Requires high humidity.,Alocasia micholitziana 'Frydek' (Green velvet),Keep soil evenly moist. High humidity (60%+) essential. Bright indirect light. Fertilize monthly spring through fall. Toxic to pets. Remove yellowing or dead leaves promptly.,brightIndirect,high,"[18, 27]",7.0,7.0,10.0,14.0,neutral,wellDraining,toxic,moderate,
alocasia-maharani,Alocasia Maharani,Houseplants - Aroids,"Also known as: Grey dragon. Compact gray-green Alocasia with textured, velvety leaves; dwarf elephant ear.",Alocasia maharani (Grey dragon),Keep soil evenly moist. Medium to high humidity preferred. Bright indirect light. Fertilize monthly spring through fall. Toxic to pets. Remove yellowing or dead leaves promptly.,brightIndirect,high,"[18, 27]",7.0,7.0,10.0,14.0,neutral,wellDraining,toxic,moderate,
alocasia-polly,Alocasia Polly,Houseplants - Aroids,"Also known as: African mask. Compact hybrid Alocasia with arrow-shaped, dark green leaves and white veins; popular cultivar.","Alocasia × amazonica 'Polly' (African mask, Polly)",Keep soil evenly moist. Medium to high humidity helps. Bright indirect light; avoid direct sun. Fertilize monthly spring through fall. Toxic to pets. Remove yellowing or dead leaves promptly.,brightIndirect,high,"[18, 27]",7.0,7.0,10.0,14.0,neutral,wellDraining,toxic,moderate,
alocasia-silver-dragon,Silver Dragon Alocasia,Houseplants - Aroids,"Compact Alocasia cultivar from Borneo with rigid, silvery-green leaves featuring deeply etched dark green veins and a textured, almost metallic surface.",Alocasia baginda 'Silver Dragon' (Silver Dragon alocasia),"Keep soil lightly and evenly moist; water when the top inch dries but do not let the corm sit in water. Bright indirect light is essential — too little light leads to leggy growth and dull coloring. Requires humidity above 60%; a humidifier or terrarium setup is recommended. Use a very chunky, well-aerated mix (orchid bark, perlite, coco coir). Fertilize every 2 weeks in spring and summer with a diluted balanced fertilizer. May enter dormancy in winter — reduce watering if leaves die back. Toxic to pets. Remove yellowing or dead leaves promptly.",brightIndirect,veryHigh,"[18, 27]",5.0,5.0,7.0,14.0,acidic,wellDraining,toxic,moderate,
alocasia-stingray,Alocasia Stingray,Houseplants - Aroids,"Alocasia with unique leaf shape—elongated ""tail"" like a stingray; large foliage plant.",Alocasia macrorrhiza 'Stingray',Keep soil evenly moist. High humidity (60%+) preferred. Bright indirect light. Large plant—provide space. Fertilize monthly spring through fall. Toxic to pets. Remove yellowing or dead leaves promptly.,brightIndirect,high,"[18, 27]",7.0,7.0,10.0,14.0,neutral,wellDraining,toxic,moderate,
alocasia-zebrina,Alocasia Zebrina,Houseplants - Aroids,Alocasia with striped zebra-pattern stems and arrow-shaped leaves; striking tropical aroid.,Alocasia zebrina (Zebra plant),Keep soil evenly moist. High humidity (60%+) essential. Bright indirect light. Warm temps preferred. Fertilize monthly spring through fall. Toxic to pets. Remove yellowing or dead leaves promptly.,brightIndirect,high,"[18, 27]",7.0,7.0,10.0,14.0,neutral,wellDraining,toxic,moderate,
alocasias,Alocasias,Houseplants - Aroids,"Also known as: Giant taro. Tropical aroids with large, arrow-shaped leaves (elephant ears), many require high humidity and consistent moisture.","Alocasia × amazonica 'Polly' (hybrid), A. macrorrhizos (Giant taro), A. zebrina (Zebra plant), A. longiloba","Keep soil evenly moist, never let fully dry. High humidity (60-80%) essential - use pebble tray or humidifier. Bright indirect light preferred; direct sun burns leaves. Fertilize monthly spring through fall with balanced fertilizer at half strength. Mist leaves daily or use humidifier. Repot annually in spring with well-draining soil. Wipe large leaves monthly. Watch for spider mites. Some species go dormant in winter - reduce watering then. Toxic to pets. Remove yellowing leaves at the base. Prune leggy stems to promote bushier growth. Cut above a node for best results.",brightIndirect,high,"[18, 29]",5.0,5.0,10.0,14.0,acidic,moistureRetentive,toxic,moderate,
anthurium-bird-nest,Bird's Nest Anthurium,Houseplants - Aroids,"Rosette-forming anthurium with large, wavy, leathery leaves that form a bird's nest shape. Unlike typical anthuriums, grown for dramatic foliage rather than colorful spathes.","Anthurium hookeri (Bird's nest anthurium), A. superbum, A. plowmanii (Ruffled bird's nest anthurium)","Water when top 1-2 inches of soil is dry. Bright indirect light preferred. High humidity (60%+) for best growth. Chunky, well-draining aroid mix. Large, dramatic plant — leaves can reach 1 meter. Fertilize monthly spring through fall. Toxic to pets. Remove any rotting roots and damaged leaves promptly.",brightIndirect,high,"[18, 27]",7.0,7.0,10.0,14.0,acidic,wellDraining,toxic,moderate,
anthurium-clarinervium,Velvet Cardboard Anthurium,Houseplants - Aroids,"Anthurium with velvety heart-shaped leaves and prominent white veins; grown for foliage, not flowers.",Anthurium clarinervium (Velvet cardboard anthurium),"Water when top inch of soil is dry. High humidity (60%+) preferred. Bright indirect light. Chunky, well-draining mix. Fertilize monthly spring through fall. Toxic to pets. Remove any rotting roots and damaged leaves promptly.",brightIndirect,high,"[18, 27]",7.0,7.0,10.0,14.0,neutral,wellDraining,toxic,moderate,
anthurium-crystallinum,Anthurium Crystallinum,Houseplants - Aroids,"Velvet-leaved aroid with large, heart-shaped, dark green leaves featuring prominent crystalline silver venation. One of the most popular ornamental anthuriums for collectors.",Anthurium crystallinum (Crystal anthurium),"Water when top inch of soil is dry; keep consistently moist but never waterlogged. Bright indirect light — avoid direct sun which damages the velvety leaves. Very high humidity (70-80%) is essential for best leaf size and sheen. Extremely well-draining aroid mix (orchid bark, perlite, sphagnum moss, charcoal). Fertilize every 2-3 weeks spring through fall with dilute balanced fertilizer. Leaves are delicate — avoid touching the velvet surface. Provide a support or moss pole. Sensitive to cold drafts and temperatures below 15°C. Toxic to pets. Remove any rotting roots and damaged leaves promptly.",brightIndirect,veryHigh,"[18, 27]",5.0,5.0,7.0,10.0,acidic,excellentDrainage,toxic,moderate,
anthurium-magnificum,Anthurium Magnificum,Houseplants - Aroids,Large velvety Anthurium with dark green leaves and prominent pale veins; dramatic foliage plant native to Colombia.,Anthurium magnificum,"Water when top inch of soil is dry. High humidity (60%+) essential. Bright indirect light. Chunky, well-draining mix. Fertilize monthly spring through fall. Toxic to pets. Remove any rotting roots and damaged leaves promptly.",brightIndirect,high,"[18, 27]",7.0,7.0,10.0,14.0,neutral,wellDraining,toxic,moderate,
anthurium-veitchii,Anthurium Veitchii,Houseplants - Aroids,"Also known as: King Anthurium. Prized collector aroid with spectacularly long, corrugated, pendant leaves that can reach over 1 meter. The deeply rippled texture is unmistakable.",Anthurium veitchii (King anthurium),"Water when top inch of soil is dry; keep consistently moist but never soggy. Bright indirect light — avoid direct sun which burns the large leaves. Very high humidity (70-80%) is critical — this is a cloud forest species. Extremely well-draining aroid mix essential (orchid bark, perlite, sphagnum moss). Fertilize every 2-3 weeks spring through fall with dilute balanced fertilizer. Leaves grow progressively longer as the plant matures. Prefers to climb — provide a moss pole. Cool nights (15-18°C) encourage larger leaf growth. Toxic to pets. Remove any rotting roots and damaged leaves promptly.",brightIndirect,veryHigh,"[18, 27]",5.0,5.0,7.0,10.0,acidic,excellentDrainage,toxic,moderate,
anthurium-vittarifolium,Strap Leaved Anthurium,Houseplants - Aroids,"Anthurium with long, narrow strap-like leaves; unique form among anthuriums.",Anthurium vittarifolium,Keep soil evenly moist. High humidity (60%+) required. Bright indirect light. Epiphytic—chunky mix. Fertilize monthly spring through fall. Toxic to pets. Remove any rotting roots and damaged leaves promptly.,brightIndirect,high,"[18, 27]",7.0,7.0,10.0,14.0,neutral,wellDraining,toxic,moderate,
anthurium-warocqueanum,Queen Anthurium,Houseplants - Aroids,"Majestic collector aroid with elongated, dark velvety leaves up to 1.8m long featuring silvery-white veining. One of the most prized Anthurium species.",Anthurium warocqueanum (Queen Anthurium),"Keep soil consistently moist but never waterlogged. Bright indirect light — avoid direct sun. Very high humidity (70-80%+) critical; best grown in greenhouse, terrarium, or with humidifier. Extremely well-draining aroid mix with orchid bark, perlite, and sphagnum moss. Fertilize lightly every 2 weeks during growing season. Sensitive to mineral buildup — use filtered or rainwater. Keep above 18°C. Toxic to pets. Remove any rotting roots and damaged leaves promptly.",brightIndirect,veryHigh,"[18, 28]",5.0,5.0,7.0,10.0,acidic,wellDraining,toxic,moderate,
anthuriums,Anthuriums,Houseplants - Aroids,"Tropical aroids with colorful spathes and glossy foliage, long-lasting blooms.","Anthurium andraeanum (Flamingo flower), A. crystallinum (Crystal anthurium), A. scherzerianum",Water when top inch of soil is dry. Keep consistently moist but not soggy. Bright indirect light encourages blooms. High humidity (60-70%) preferred. Fertilize every 2-3 weeks spring through fall with orchid or high-phosphorus fertilizer to encourage flowering. Remove spent flowers. Repot every 2 years in spring. Wipe glossy leaves monthly. Blooms last 2-3 months. Avoid cold drafts. Toxic to pets. Remove any rotting roots and damaged leaves promptly.,brightIndirect,high,"[18, 27]",5.0,5.0,7.0,10.0,acidic,moistureRetentive,toxic,moderate,
aroids,Aroids,Houseplants - Aroids,"Tropical plants in the Araceae family with distinctive inflorescences (spathes and spadices), many are popular houseplants.","Monstera deliciosa (Swiss cheese plant), Philodendron, Epipremnum (Pothos), Anthurium, Alocasia, Spathiphyllum (Peace lily)","Water when top 1-2 inches of soil is dry. Most prefer consistently moist but well-drained soil. Bright indirect light preferred. High humidity (50-60%) beneficial. Fertilize monthly spring through fall with balanced fertilizer at half strength. Repot when roots fill container. Wipe leaves monthly. Many are excellent air purifiers. Watch for common pests (spider mites, mealybugs). Mildly toxic to pets—may cause GI upset. Remove yellowing or dead leaves promptly.",brightIndirect,high,"[18, 27]",7.0,7.0,10.0,14.0,neutral,wellDraining,mildlyToxic,fast,
arrowhead-plant,Arrowhead Plant,Houseplants - Aroids,"Also known as: Nephthytis. Popular aroid with arrow-shaped leaves that change form as they mature, can trail or climb.","Syngonium podophyllum (Arrowhead plant, Goosefoot plant, Nephthytis)",Water when top 2 inches of soil is dry. Keep consistently moist but not soggy. Bright indirect light preferred. Medium to high humidity (50-60%) ideal. Fertilize monthly spring through fall with balanced fertilizer at half strength. Leaves change from arrow-shaped to lobed as they mature. Can trail or climb with support. Prune to maintain shape. Repot every 1-2 years. Wipe leaves monthly. Toxic to pets.,mediumIndirect,high,"[16, 24]",7.0,7.0,10.0,14.0,acidic,moistureRetentive,toxic,fast,
burle-marx-philodendron,Philodendron Burle Marx,Houseplants - Aroids,"Fast-growing, easy-care philodendron with narrow, heart-shaped leaves on long stems. Named after the famous Brazilian landscape architect Roberto Burle Marx.",Philodendron burle-marxii (Burle Marx philodendron),Water when top 1-2 inches of soil is dry. Tolerates a range of light from medium to bright indirect. Average humidity is fine. Fast grower that benefits from regular feeding spring through fall. Toxic to pets. Remove dead or damaged foliage promptly.,brightIndirect,medium,"[16, 29]",7.0,7.0,10.0,14.0,acidic,wellDraining,toxic,fast,
caladium,Caladium,Houseplants - Aroids,"Also known as: Angel wings, Heart of Jesus. Tuberous aroid with arrow-shaped leaves in pink, red, white, or green; grown for foliage, goes dormant in winter.","Caladium bicolor (Angel wings, Heart of Jesus)",Keep soil evenly moist during active growth. Bright indirect light preferred; some morning sun enhances color. Medium to high humidity (50-60%). Fertilize monthly spring through fall. Tubers go dormant in fall—reduce watering when leaves yellow. Toxic to pets. Repot tubers in spring. Remove dead or damaged foliage promptly.,brightIndirect,medium,"[18, 27]",7.0,7.0,10.0,,neutral,wellDraining,toxic,moderate,
colocasia,Colocasia / Taro,Houseplants - Aroids,"Also known as: Elephant ear. Large, velvety elephant-ear leaves; tropical tuber that can grow very large, prefers moist to wet conditions.","Colocasia esculenta (Taro, Elephant ear)",Keep soil consistently moist; thrives in wet conditions. Bright indirect to direct light. High humidity (50-60%) preferred. Fertilize monthly spring through fall. Can be grown in water. Toxic to pets (calcium oxalate crystals). Toxic to humans when raw—cooking required for edible tubers. Repot every 1-2 years when roots fill container. Remove dead or damaged foliage promptly.,brightIndirect,high,"[18, 27]",7.0,7.0,10.0,14.0,neutral,waterloggingTolerant,toxic,moderate,
dieffenbachia,Dieffenbachia,Houseplants - Aroids,"Also known as: Dumb cane. Cane-forming aroids with variegated foliage, toxic sap (handle with care).","Dieffenbachia seguine (Dumb cane), D. amoena (Giant dumb cane), D. 'Tropic Snow'",Water when top 2 inches of soil is dry. Keep consistently moist but not soggy. Bright indirect light maintains variegation. Medium to high humidity (50-60%) preferred. Fertilize monthly spring through fall with balanced fertilizer at half strength. Repot every 1-2 years. Wipe large leaves monthly. Toxic sap causes mouth irritation - handle with care and wash hands after touching. Prune leggy stems to encourage bushiness. Toxic to pets.,mediumIndirect,high,"[18, 24]",7.0,7.0,10.0,14.0,neutral,moistureRetentive,toxic,moderate,
dieffenbachia-compact,Compact Dumb Cane,Houseplants - Aroids,"Compact, bushy cultivar of dumb cane with variegated leaves; smaller than standard varieties, ideal for tabletops.",Dieffenbachia 'Compacta' (Compact dumb cane),Water when top inch of soil is dry. Low to bright indirect light; avoid direct sun. Medium humidity preferred. Fertilize monthly spring through fall. Wipe leaves to remove dust. Toxic to pets and humans—causes mouth irritation; handle with care. Remove yellowing leaves at the base. Prune leggy stems to promote bushier growth. Cut above a node for best results.,lowIndirect,medium,"[18, 27]",7.0,7.0,10.0,14.0,neutral,wellDraining,toxic,moderate,
epipremnum-pinnatum-albo,Epipremnum Pinnatum Albo,Houseplants - Aroids,Highly variegated pothos with white and green leaves; develops fenestrations when mature. Same care as Cebu Blue.,Epipremnum pinnatum 'Albo Variegatum',Water when top inch of soil is dry. Bright indirect light maintains variegation. Medium humidity fine. Fertilize monthly spring through fall. Toxic to pets. Prune regularly to maintain a good canopy shape.,brightIndirect,medium,"[18, 27]",7.0,7.0,10.0,14.0,neutral,wellDraining,mildlyToxic,fast,
golden-pothos,Golden Pothos,Houseplants - Aroids,"Also known as: Devil's ivy. Most common pothos variety with green and yellow variegated leaves, extremely easy-care.","Epipremnum aureum 'Golden' (Golden pothos, Devil's ivy)",Water when top inch of soil is dry. Very forgiving of neglect and inconsistent watering. Bright indirect light maintains golden variegation; tolerates low light but may lose variegation. Medium humidity is fine. Fertilize monthly spring through fall with balanced fertilizer at half strength. Prune to control length and encourage bushiness. Repot every 1-2 years. Excellent for beginners. Toxic to pets.,mediumIndirect,medium,"[18, 29]",7.0,7.0,10.0,14.0,neutral,wellDraining,mildlyToxic,fast,
marble-queen-pothos,Marble Queen Pothos,Houseplants - Aroids,"Pothos variety with white and green marbled variegation, requires more light than golden pothos to maintain variegation.","Epipremnum aureum 'Marble Queen' (Marble Queen pothos), E. aureum 'Snow Queen' (more white variegation)",Water when top inch of soil is dry. Very forgiving of inconsistent watering. Bright indirect light is essential to maintain white variegation - low light causes reversion to green. Medium humidity is fine. Fertilize monthly spring through fall with balanced fertilizer at half strength. Prune to encourage bushiness. Repot every 1-2 years. More light-demanding than golden pothos. Mildly toxic to pets—may cause GI upset.,brightIndirect,medium,"[18, 29]",7.0,7.0,10.0,14.0,neutral,wellDraining,mildlyToxic,fast,
monstera-adansonii,Monstera Adansonii,Houseplants - Aroids,"Also known as: Swiss cheese vine. Swiss cheese vine with smaller, perforated leaves compared to Monstera deliciosa.","Monstera adansonii (Monkey mask, Swiss cheese vine)","Water when top 2 inches of soil is dry. Keep consistently moist but not soggy. Bright indirect light preferred. High humidity (60-70%) encourages larger leaves with more fenestrations. Fertilize monthly spring through fall with balanced fertilizer at half strength. Provide moss pole or trellis for climbing - this encourages larger, more fenestrated leaves. Repot every 1-2 years. Wipe leaves monthly. Can trail or climb. Mildly toxic to pets—may cause GI upset. Remove yellowing or dead leaves promptly.",brightIndirect,high,"[18, 27]",7.0,7.0,10.0,14.0,neutral,wellDraining,mildlyToxic,fast,
monstera-albo,Monstera Albo,Houseplants - Aroids,Variegated Monstera with white sections on green leaves; highly sought after. Requires bright light to maintain variegation.,Monstera deliciosa 'Albo Borsigiana',Water when top inch of soil is dry. Bright indirect light essential for variegation. Medium humidity preferred. Fertilize monthly spring through fall. Toxic to pets. Remove yellowing or dead leaves promptly.,brightIndirect,medium,"[18, 27]",7.0,7.0,10.0,14.0,neutral,wellDraining,mildlyToxic,fast,
monstera-aurea,Monstera Aurea,Houseplants - Aroids,Variegated Monstera with yellow-gold splashes on green leaves; similar care to Albo but different coloration.,Monstera deliciosa 'Aurea' (Yellow variegated monstera),Water when top inch of soil is dry. Bright indirect light maintains yellow variegation. Medium humidity preferred. Fertilize monthly spring through fall. Toxic to pets. Remove yellowing or dead leaves promptly.,brightIndirect,medium,"[18, 27]",7.0,7.0,10.0,14.0,neutral,wellDraining,mildlyToxic,fast,
monstera-esqueleto,Monstera Esqueleto,Houseplants - Aroids,Rare climbing Monstera with dramatically large fenestrations that give leaves a skeleton-like appearance. Formerly classified as Monstera epipremnoides.,"Monstera esqueleto (Skeleton monstera, formerly M. epipremnoides)",Water when top 5cm of soil is dry. Bright indirect light for best fenestration development. High humidity (60-80%) important. Provide sturdy moss pole — leaves grow significantly larger when climbing. Aroid mix with good drainage. Fertilize monthly spring through fall. Protect from cold drafts. Toxic to pets. Remove yellowing or dead leaves promptly.,brightIndirect,high,"[18, 29]",7.0,7.0,10.0,14.0,neutral,wellDraining,toxic,fast,
monstera-lechleriana,Monstera Lechleriana,Houseplants - Aroids,"Climbing Monstera species with elongated, lance-shaped leaves that develop small fenestrations (holes) as they mature, more compact than M. deliciosa.",Monstera lechleriana,"Water when top 2-3 cm of soil is dry. Bright indirect light preferred. Medium to high humidity (50-70%). Chunky, well-draining aroid mix. Fertilize monthly spring through fall at half strength. Provide a moss pole or trellis for climbing—leaves grow larger with support. Regularly check for spider mites. Toxic to pets (calcium oxalate crystals). Remove yellowing or dead leaves promptly.",brightIndirect,high,"[18, 28]",5.0,5.0,7.0,10.0,acidic,wellDraining,toxic,fast,
monstera-peru,Monstera Peru,Houseplants - Aroids,"Climbing Monstera with deeply textured, quilted leaves; no fenestrations. Distinct from M. deliciosa.",Monstera karstenianum (syn. Monstera sp. 'Peru') (Monstera peru),Water when top inch of soil is dry. Bright indirect light preferred. Medium humidity. Provide moss pole to climb. Fertilize monthly spring through fall. Toxic to pets. Remove yellowing or dead leaves promptly.,brightIndirect,medium,"[18, 27]",7.0,7.0,10.0,14.0,neutral,wellDraining,mildlyToxic,fast,
monstera-siltepecana,Monstera Siltepecana,Houseplants - Aroids,Also known as: Silver monstera. Silver-marked Monstera with juvenile leaves that develop fenestrations when mature. Climbing habit.,Monstera siltepecana (Silver monstera),Water when top inch of soil is dry. Bright indirect light. Medium humidity preferred. Provide support to climb. Fertilize monthly spring through fall. Toxic to pets. Remove yellowing or dead leaves promptly.,brightIndirect,medium,"[18, 27]",7.0,7.0,10.0,14.0,neutral,wellDraining,mildlyToxic,fast,
monstera-standleyana,Monstera Standleyana,Houseplants - Aroids,"Smaller Monstera species with elongated oval leaves featuring cream or yellow variegation (spots and splashes), a climbing vine often confused with Philodendron.","Monstera standleyana, M. standleyana 'Albo Variegata'",Water when top 2-3 cm of soil is dry. Bright indirect light to maintain variegation. Medium humidity (50%+) fine. Well-draining aroid mix. Fertilize monthly spring through fall at half strength. Provide support for climbing—leaves stay smaller without it. Faster growing than many collector Monsteras. Toxic to pets (calcium oxalate crystals). Remove yellowing or dead leaves promptly.,brightIndirect,medium,"[18, 28]",5.0,5.0,7.0,10.0,acidic,wellDraining,toxic,fast,
monstera-thai-constellation,Thai Constellation Monstera,Houseplants - Aroids,Tissue-culture variegated Monstera with cream splashes; more stable variegation than Albo. Highly sought after.,Monstera deliciosa 'Thai Constellation',Water when top inch of soil is dry. Bright indirect light maintains variegation. Medium humidity preferred. Fertilize monthly spring through fall. Toxic to pets. Remove yellowing or dead leaves promptly.,brightIndirect,medium,"[18, 27]",7.0,7.0,10.0,14.0,neutral,wellDraining,mildlyToxic,fast,
neon-pothos,Neon Pothos,Houseplants - Aroids,"Also known as: Lime pothos. Vibrant chartreuse pothos variety with solid bright green-yellow leaves, adds bright color to indoor spaces.","Epipremnum aureum 'Neon' (Neon pothos, Lime pothos), E. aureum 'Neon' variegated (with darker green variegation)",Water when top inch of soil is dry. Very easy-care like other pothos varieties. Bright indirect light maintains vibrant chartreuse color; low light causes darkening. Medium humidity is fine. Fertilize monthly spring through fall with balanced fertilizer at half strength. Prune to control length. Repot every 1-2 years. Adds bright color to indoor spaces. Toxic to pets.,brightIndirect,medium,"[18, 29]",7.0,7.0,10.0,14.0,neutral,wellDraining,mildlyToxic,fast,
philodendron-birkin,Philodendron Birkin,Houseplants - Aroids,"Striking aroid with dark green leaves and white pinstripes, compact growth habit, variegation can revert to solid green.",Philodendron 'Birkin' (Birkin philodendron),Water when top 1-2 inches of soil is dry. Keep consistently moist but not soggy. Bright indirect light maintains white pinstripes; low light may cause reversion to solid green. High humidity (60-70%) preferred. Fertilize monthly spring through fall with balanced fertilizer at half strength. Repot every 1-2 years. Variegation can revert - prune reverted leaves. May show red variegation as it matures. Mildly toxic to pets—may cause GI upset.,brightIndirect,high,"[18, 27]",7.0,7.0,10.0,14.0,neutral,wellDraining,mildlyToxic,moderate,
philodendron-brandtianum,Silver Leaf Philodendron,Houseplants - Aroids,"Climbing aroid with olive-green, heart-shaped leaves splashed with broad silver patches between the veins.","Philodendron brandtianum (Silver leaf philodendron, Brandi philodendron)",Water when the top 2-3 cm of soil feels dry; reduce frequency in winter. Bright indirect light enhances the silver variegation — tolerates medium light but growth slows. Provide a moss pole or trellis for climbing to encourage larger leaves. Maintain 50-70% humidity for best results. Fertilize monthly in spring and summer with balanced liquid fertilizer at half strength. Toxic to pets — contains calcium oxalate crystals. Remove dead or damaged foliage promptly.,brightIndirect,high,"[16, 27]",7.0,5.0,10.0,14.0,acidic,wellDraining,toxic,fast,
philodendron-florida-ghost,Philodendron Florida Ghost,Houseplants - Aroids,Rare climbing Philodendron hybrid with ghostly white juvenile leaves that mature to green. Multi-lobed leaves on distinctive red petioles.,Philodendron 'Florida Ghost' (Florida Ghost philodendron),Water when top 5cm of soil is dry. Bright indirect light essential — more light produces whiter new leaves. High humidity (60-80%) ideal. Provide a moss pole for climbing support. Fertilize monthly spring through fall with balanced fertilizer at half strength. Well-draining aroid mix preferred. Toxic to pets. Remove dead or damaged foliage promptly.,brightIndirect,high,"[18, 29]",7.0,7.0,10.0,14.0,neutral,wellDraining,toxic,moderate,
philodendron-gloriosum,Philodendron Gloriosum,Houseplants - Aroids,"Terrestrial creeping Philodendron with large, velvety heart-shaped leaves featuring prominent white veining. A collector's favorite aroid.",Philodendron gloriosum (Velvet philodendron),"Water when top 5cm of soil is dry. Bright indirect light; avoid direct sun which scorches velvety leaves. High humidity (60-80%) essential for leaf quality. Creeping rhizome — use a wide, shallow pot rather than deep one. Aroid mix with perlite and orchid bark. Fertilize monthly spring through fall. Sensitive to cold — keep above 18°C. Toxic to pets. Remove dead or damaged foliage promptly.",brightIndirect,high,"[18, 29]",7.0,7.0,10.0,14.0,neutral,wellDraining,toxic,fast,
philodendron-heartleaf,Philodendron Heartleaf,Houseplants - Aroids,"Also known as: Heart-leaf philodendron. Classic trailing aroid with heart-shaped leaves, extremely easy-care and fast-growing.","Philodendron hederaceum (Heart-leaf philodendron, Sweetheart plant), P. hederaceum 'Brasil' (variegated), P. hederaceum 'Lemon Lime'",Water when top inch of soil is dry. Very forgiving of inconsistent care. Bright indirect light preferred; tolerates low light. Medium humidity (40-50%) is fine. Fertilize monthly spring through fall with balanced fertilizer at half strength. Fast-growing trailing plant. Prune to control length. Repot every 1-2 years. Excellent air purifier. Toxic to pets.,brightIndirect,medium,"[18, 27]",7.0,7.0,10.0,14.0,neutral,wellDraining,mildlyToxic,fast,
philodendron-jose-buono,Philodendron Jose Buono,Houseplants - Aroids,"Large, highly variegated Philodendron with cream/white and green leaves; statement plant.",Philodendron 'Jose Buono',Water when top inch of soil is dry. Large paddle-shaped leaves benefit from higher humidity (60%+). Bright indirect light maintains cream-white variegation. Provide sturdy moss pole — this is a large climber with substantial leaves. Fertilize monthly spring through fall with dilute balanced fertilizer. Protect large leaves from direct sun. Mildly toxic to pets. Remove dead or damaged foliage promptly.,brightIndirect,medium,"[18, 27]",7.0,7.0,10.0,14.0,neutral,wellDraining,mildlyToxic,moderate,
philodendron-mamei,Philodendron Mamei,Houseplants - Aroids,"Also known as: Silver cloud. Crawling Philodendron with silver-marked, heart-shaped leaves. Similar to gloriosum but more compact.",Philodendron mamei (Silver cloud),Keep soil evenly moist. Medium to high humidity. Bright indirect light. Shallow pot for crawling. Fertilize monthly spring through fall. Toxic to pets. Remove dead or damaged foliage promptly.,brightIndirect,medium,"[18, 27]",7.0,7.0,10.0,14.0,neutral,wellDraining,mildlyToxic,fast,
philodendron-melanochrysum,Philodendron Melanochrysum,Houseplants - Aroids,"Also known as: Black gold philodendron. Climbing Philodendron with velvety black-green leaves and gold veins; dramatic foliage, needs support.",Philodendron melanochrysum (Black gold philodendron),Keep soil evenly moist. High humidity (60%+) essential. Bright indirect light. Moss pole required. Fertilize monthly spring through fall. Toxic to pets. Remove dead or damaged foliage promptly.,brightIndirect,high,"[18, 27]",7.0,7.0,10.0,14.0,neutral,wellDraining,mildlyToxic,fast,
philodendron-micans,Philodendron Micans,Houseplants - Aroids,"Velvety trailing aroid with heart-shaped leaves that shimmer in light, bronze-green with purple undersides.","Philodendron hederaceum var. hederaceum (Philodendron micans, Velvet philodendron)",Water when top inch of soil is dry. Keep slightly more moist than other philodendrons. Bright indirect light enhances velvety sheen and purple undersides. High humidity (60-70%) preferred. Fertilize monthly spring through fall with balanced fertilizer at half strength. Can trail or climb with support. Repot every 1-2 years. Velvety leaves are delicate - avoid touching. Toxic to pets. Remove dead or damaged foliage promptly.,brightIndirect,high,"[18, 27]",7.0,7.0,10.0,14.0,neutral,wellDraining,mildlyToxic,fast,
philodendron-pink-princess,Philodendron Pink Princess,Houseplants - Aroids,"Also known as: PPP. Rare aroid with dark green and pink variegated leaves, requires bright light to maintain variegation, can revert to solid green.","Philodendron erubescens 'Pink Princess' (PPP), P. erubescens 'White Princess' (white variegation), P. erubescens 'White Knight'",Water when top 1-2 inches of soil is dry. Keep consistently moist but well-drained. Bright indirect light is essential to maintain pink variegation - low light causes reversion to solid green. High humidity (70%+) preferred. Fertilize monthly spring through fall with balanced fertilizer at half strength. Repot every 1-2 years. Variegation is unstable - prune reverted leaves. Rare and expensive - handle with care. Toxic to pets.,brightIndirect,high,"[18, 27]",7.0,7.0,10.0,14.0,neutral,wellDraining,mildlyToxic,fast,
philodendron-plowmanii,Philodendron Plowmanii,Houseplants - Aroids,"Crawling philodendron with wavy, elongated leaves and silver veins; grows along the soil surface, not climbing.",Philodendron plowmanii,Keep soil evenly moist. Medium to high humidity preferred. Bright indirect light. Shallow pot suits crawling habit. Fertilize monthly spring through fall. Toxic to pets. Remove dead or damaged foliage promptly.,brightIndirect,medium,"[18, 27]",7.0,7.0,10.0,14.0,neutral,wellDraining,mildlyToxic,fast,
philodendron-prince-of-orange,Prince of Orange,Houseplants - Aroids,"Upright Philodendron with new orange leaves that age to green; compact, self-heading habit.",Philodendron 'Prince of Orange',Water when top inch of soil is dry. Bright indirect light. Medium humidity fine. Fertilize monthly spring through fall. New growth emerges orange. Toxic to pets. Remove dead or damaged foliage promptly.,brightIndirect,medium,"[18, 27]",7.0,7.0,10.0,14.0,neutral,wellDraining,mildlyToxic,moderate,
philodendron-red-moon,Philodendron Red Moon,Houseplants - Aroids,"Stunning hybrid philodendron with large, deeply lobed leaves that emerge in brilliant red, orange, and pink tones before maturing to dark green. Highly sought-after collector aroid.",Philodendron 'Red Moon',"Water when top 1-2 inches of soil are dry; keep evenly moist but not soggy. Bright indirect light essential to maintain vibrant new-leaf coloring — too little light produces dull green new growth. High humidity (60%+) preferred. Well-draining aroid mix (bark, perlite, peat). Fertilize monthly spring through fall with balanced fertilizer at half strength. New leaves are the showstopper — each unfurls in vivid red-orange before gradually darkening. Provide a moss pole for climbing. Repot every 1-2 years. Toxic to pets. Remove yellowing leaves at the base. Prune leggy stems to promote bushier growth. Cut above a node for best results.",brightIndirect,high,"[18, 27]",5.0,5.0,7.0,10.0,acidic,wellDraining,toxic,moderate,
philodendron-ring-of-fire,Ring of Fire Philodendron,Houseplants - Aroids,"Variegated Philodendron with cream, yellow, orange, and green in leaves; climbing habit.",Philodendron 'Ring of Fire',"Water when top inch of soil is dry. Bright indirect light brings out multicolor variegation (cream, yellow, orange); too much sun washes out colors, too little causes reversion to green. Medium humidity preferred. Slower-growing than most Philodendrons. Provide moss pole for climbing. Serrated leaf edges are distinctive. Fertilize monthly spring through fall. Mildly toxic to pets. Remove dead or damaged foliage promptly.",brightIndirect,medium,"[18, 27]",7.0,7.0,10.0,14.0,neutral,wellDraining,mildlyToxic,moderate,
philodendron-selloum,Tree Philodendron,Houseplants - Aroids,"Also known as: Split-leaf philodendron. Large, deeply lobed Philodendron; can grow into a small tree. Now classified as Thaumatophyllum bipinnatifidum.",Thaumatophyllum bipinnatifidum (syn. Philodendron bipinnatifidum; Split-leaf philodendron),Water when top inch of soil is dry. Bright indirect light. Medium humidity. Can grow large—provide space. Fertilize monthly spring through fall. Toxic to pets. Remove dead or damaged foliage promptly.,brightIndirect,medium,"[18, 27]",7.0,7.0,10.0,14.0,neutral,wellDraining,mildlyToxic,moderate,
philodendron-silver,Silver Philodendron,Houseplants - Aroids,"Also known as: Silver sword. Climbing philodendron with elongated, silvery-green leaves.",Philodendron hastatum (Silver philodendron),Water when top inch of soil is dry. Bright indirect light preferred; tolerates medium light. Medium humidity (40-50%). Provide moss pole or support for climbing. Fertilize monthly spring through fall with balanced fertilizer at half strength. Toxic to pets. Repot every 1-2 years when roots fill container. Remove dead or damaged foliage promptly.,brightIndirect,medium,"[18, 27]",7.0,7.0,10.0,14.0,neutral,wellDraining,mildlyToxic,fast,
philodendron-verrucosum,Philodendron Verrucosum,Houseplants - Aroids,Velvety Philodendron with red undersides and prominent veins; requires high humidity.,Philodendron verrucosum,Keep soil evenly moist. High humidity (60%+) essential. Bright indirect light. Moss pole for climbing. Fertilize monthly spring through fall. Toxic to pets. Remove dead or damaged foliage promptly.,brightIndirect,medium,"[18, 27]",7.0,7.0,10.0,14.0,neutral,wellDraining,mildlyToxic,fast,
philodendron-white-knight,White Variegated Philodendron,Houseplants - Aroids,"Also known as: White Knight, White Wizard. Striking white-and-green variegated climbing Philodendrons. White Knight has purple/burgundy stems; White Wizard has pure green stems. Both produce large, dramatically variegated leaves.","Philodendron 'White Knight' (purple stems), P. 'White Wizard' (green stems)",Water when top 2 inches of soil feels dry. Bright indirect light essential for variegation — too little light reduces white patches; direct sun burns white sections. Maintain 60%+ humidity. Well-draining aroid mix. Fertilize monthly spring through fall with balanced liquid fertilizer at half strength. Provide moss pole for climbing. Prune all-green leaves to maintain variegation. Slow growers. Toxic to pets.,brightIndirect,medium,"[18, 27]",7.0,7.0,10.0,14.0,neutral,wellDraining,mildlyToxic,moderate,
philodendron-white-princess,White Princess Philodendron,Houseplants - Aroids,"Variegated self-heading philodendron with white splashes on green leaves. Slower growing than White Knight, with a more compact habit and brighter white variegation.",Philodendron 'White Princess' (White Princess philodendron),Water when top 1-2 inches of soil is dry. Bright indirect light is essential for variegation; too little light reduces white sectors. High humidity (60%+) preferred. Fertilize monthly spring through fall at half strength. Toxic to pets. Remove yellowing leaves at the base. Prune leggy stems to promote bushier growth. Cut above a node for best results.,brightIndirect,high,"[18, 27]",7.0,7.0,10.0,14.0,acidic,wellDraining,toxic,moderate,
philodendron-xanadu,Philodendron Xanadu,Houseplants - Aroids,"Deeply lobed, compact Philodendron; self-heading, does not climb. Dense foliage habit.",Thaumatophyllum xanadu (syn. Philodendron xanadu),Water when top inch of soil is dry. Low to bright indirect light. Medium humidity fine. Compact growth—good for smaller spaces. Fertilize monthly spring through fall. Toxic to pets. Remove dead or damaged foliage promptly.,brightIndirect,medium,"[18, 27]",7.0,7.0,10.0,14.0,neutral,wellDraining,mildlyToxic,moderate,
rhaphidophora-tetrasperma,Mini Monstera,Houseplants - Aroids,Fast-growing climber with fenestrated leaves; resembles small Monstera but is Rhaphidophora. Easy care.,"Rhaphidophora tetrasperma (Mini monstera, Ginny philodendron)","Water when top inch of soil is dry. Bright indirect light. Medium humidity preferred. Provide moss pole—grows fast. Fertilize monthly spring through fall. Toxic to pets. Remove dead or damaged foliage promptly., after flowering remove the upper part staring from 5 cm above soil surface, leaving 2-3 leaves",brightIndirect,medium,"[18, 27]",7.0,7.0,10.0,14.0,neutral,wellDraining,toxic,moderate,
swiss-cheese-plant,Swiss Cheese Plant,Houseplants - Aroids,"Also known as: Mexican breadfruit. Popular tropical aroid with distinctive split and perforated leaves (fenestrations), develops larger leaves with age.","Monstera deliciosa (Swiss cheese plant, Split-leaf philodendron, Mexican breadfruit), M. adansonii (Monkey mask, Swiss cheese vine)",Water when top 2 inches of soil is dry. Keep consistently moist but well-drained. Bright indirect light encourages fenestrations (splits) in mature leaves. High humidity (60-70%) preferred. Fertilize monthly spring through fall with balanced fertilizer at half strength. Provide moss pole or trellis for climbing - this encourages much larger leaves with more fenestrations. Repot every 1-2 years. Wipe large leaves monthly. Toxic to pets. Remove yellowing or dead leaves promptly.,brightIndirect,high,"[18, 29]",7.0,7.0,10.0,14.0,neutral,wellDraining,mildlyToxic,fast,
syngonium-albo,Syngonium Albo,Houseplants - Aroids,Variegated arrowhead with white and green leaves; trailing or compact depending on pruning. Easy-care aroid.,Syngonium podophyllum 'Albo Variegatum',Water when top inch of soil is dry. Bright indirect light maintains variegation. Medium humidity preferred. Prune to control shape. Fertilize monthly spring through fall. Toxic to pets.,brightIndirect,medium,"[18, 27]",7.0,7.0,10.0,14.0,neutral,wellDraining,toxic,fast,
syngonium-pink,Pink Syngonium,Houseplants - Aroids,"Also known as: Pink Splash. Pink-toned arrowhead plants with leaves ranging from soft pink to vibrant magenta, including solid and splash-patterned varieties.","Syngonium podophyllum 'Neon Robusta' (bright pink), S. 'Pink Splash' (green with pink speckles), S. 'Pink Perfection', S. 'Confetti'",Water when top inch of soil is dry. Bright indirect light enhances pink. Medium humidity preferred. Fertilize monthly spring through fall. Toxic to pets. Remove dead or damaged foliage promptly.,brightIndirect,medium,"[18, 27]",7.0,7.0,10.0,14.0,neutral,wellDraining,toxic,fast,
syngonium-white,White Butterfly,Houseplants - Aroids,Arrowhead plant with cream and green variegation; vining or compact depending on pruning. Easy-care aroid.,"Syngonium podophyllum 'White Butterfly' (White butterfly, Goosefoot plant)",Water when top inch of soil is dry. Low to bright indirect light; more light enhances variegation. Medium humidity preferred. Fertilize monthly spring through fall. Prune to control shape. Toxic to pets.,brightIndirect,medium,"[18, 27]",7.0,7.0,10.0,14.0,neutral,wellDraining,toxic,fast,
trailing-aroids,Trailing Aroids,Houseplants - Aroids,"Vining aroids that trail or climb, easy-care houseplants with excellent air-purifying qualities.","Epipremnum aureum (Pothos, Devil's ivy), Scindapsus pictus (Satin pothos, Silver pothos), Philodendron hederaceum (Heart-leaf philodendron)",Water when top inch of soil is slightly dry. Very forgiving of inconsistent care. Bright indirect to medium light preferred. Medium humidity (40-50%) is fine. Fertilize monthly spring through fall with balanced fertilizer at half strength. Prune to control length and encourage bushiness. Repot every 1-2 years. Excellent air purifiers. Easy-care houseplants perfect for beginners. Toxic to pets.,mediumIndirect,high,"[18, 29]",7.0,7.0,10.0,14.0,neutral,wellDraining,mildlyToxic,fast,
xanthosoma,Xanthosoma,Houseplants - Aroids,"Tropical aroids with large arrow-shaped leaves (elephant ears), require high humidity and consistent moisture.","Xanthosoma sagittifolium (Arrowleaf elephant ear), X. violaceum (Blue taro), X. 'Lime Zinger'","Keep soil evenly moist, never let fully dry. High humidity (60-80%) essential - use pebble tray or humidifier. Bright indirect light preferred; direct sun burns leaves. Fertilize monthly spring through fall with balanced fertilizer at half strength. Mist leaves daily or use humidifier. Repot annually in spring. Large arrow-shaped leaves. Some species go dormant in winter. Toxic to pets. Remove yellowing leaves at the base. Prune leggy stems to promote bushier growth. Cut above a node for best results.",brightIndirect,high,"[18, 29]",5.0,5.0,7.0,10.0,acidic,moistureRetentive,toxic,moderate,
asparagus-setaceus,Asparagus Fern,Houseplants - Ferns,"Also known as: Lace fern, Plumosa fern. Not a true fern—lacey foliage plant in Asparagaceae; feathery stems. Berries and sap toxic to pets.","Asparagus setaceus (Lace fern, Plumosa fern)",Water when top inch of soil is dry. Bright indirect light preferred. Medium humidity (50%) fine. Fertilize monthly spring through fall. Repot every 1-2 years when roots fill container. Avoid berries—toxic to pets. Remove yellowing or dead leaves promptly.,brightIndirect,medium,"[18, 27]",7.0,7.0,10.0,14.0,neutral,wellDraining,toxic,moderate,
birds-nest-fern,Bird's Nest Fern,Houseplants - Ferns,"Epiphytic fern with wavy, strap-like fronds emerging from a central rosette, resembles a bird's nest.","Asplenium nidus (Bird's nest fern), A. antiquum, A. 'Crispy Wave'","Keep soil consistently moist but not soggy. High humidity (60-70%) preferred. Bright indirect light preferred; avoid direct sun. Use distilled or filtered water to prevent leaf browning. Fertilize monthly spring through fall with balanced fertilizer at half strength. Don't pour water into the central rosette - water around the base. Repot every 2-3 years. Wavy, strap-like fronds. Remove yellowing or damaged leaves promptly.",brightIndirect,high,"[18, 27]",3.0,3.0,5.0,7.0,neutral,moistureRetentive,nonToxic,moderate,
blechnum,Dwarf Tree Fern,Houseplants - Ferns,Silver Lady Fern with upright fronds forming a trunk-like base. Tolerates slightly drier air than many ferns.,Blechnum gibbum (Dwarf tree fern),Keep soil consistently moist but not soggy. Medium humidity (50-60%) preferred. Bright indirect light. Fertilize monthly spring through fall. Repot every 1-2 years. New fronds emerge from center. Non-toxic to pets. Remove dead or damaged foliage promptly.,brightIndirect,high,"[18, 27]",7.0,7.0,10.0,14.0,neutral,moistureRetentive,nonToxic,moderate,
boston-ferns,Boston Ferns,Houseplants - Ferns,"Classic houseplant ferns in the Nephrolepis genus with feathery fronds, prefer high humidity and consistent moisture.","Nephrolepis exaltata (Boston fern), N. cordifolia (Sword fern, Fishbone fern), N. exaltata 'Bostoniensis'","Keep soil evenly moist, never let fully dry. Mist daily or use humidifier to maintain 50-60% humidity. Bright indirect to medium light preferred; avoid direct sun. Fertilize monthly spring through fall with balanced liquid fertilizer at half strength. Trim dead fronds at base with clean scissors. Repot every 1-2 years in spring when roots fill container. Excellent air purifiers. Brown tips indicate low humidity or inconsistent watering. Keep away from heating vents.",mediumIndirect,high,"[16, 24]",4.0,4.0,7.0,10.0,acidic,moistureRetentive,nonToxic,moderate,
button-fern,Button Fern,Houseplants - Ferns,"Also known as: Round-leafed fern. Compact fern with round, button-like leaflets on arching fronds, more tolerant of dry air than most ferns.","Pellaea rotundifolia (Button fern, Round-leafed fern)","Keep soil consistently moist but not soggy. Medium to high humidity (50-60%) preferred - more tolerant than most ferns. Bright indirect light preferred. Fertilize monthly spring through fall with balanced fertilizer at half strength. Repot every 1-2 years. Compact growth habit. Round, button-like leaflets. More forgiving than delicate ferns. Remove dead or damaged foliage promptly.",brightIndirect,high,"[18, 24]",3.0,3.0,5.0,7.0,neutral,moistureRetentive,nonToxic,moderate,
deer-fern,Deer Fern,Houseplants - Ferns,Evergreen fern native to western North America with dimorphic fronds—sterile fronds spread outward while fertile fronds grow upright from the center.,"Blechnum spicant (Deer fern, Hard fern)","Keep soil consistently moist but not waterlogged; never let it dry out completely. Low to medium indirect light—avoid direct sun which scorches fronds. High humidity (60%+) essential; mist regularly or use a pebble tray. Use acidic, humus-rich soil with good moisture retention. Fertilize monthly spring through fall with diluted balanced fertilizer. Non-toxic to pets. Remove dead or damaged foliage promptly.",lowIndirect,high,"[5, 24]",3.0,3.0,5.0,7.0,acidic,moistureRetentive,nonToxic,moderate,
ferns,Ferns,Houseplants - Ferns,"Non-flowering vascular plants with delicate fronds, many species thrive in high humidity and indirect light.","Nephrolepis exaltata (Boston fern), Adiantum (Maidenhair fern), Pteris (Ribbon fern), Asplenium (Bird's nest fern), Platycerium (Staghorn fern)",Keep soil consistently moist but not waterlogged. Most ferns prefer high humidity (60-80%) - use pebble tray or humidifier. Bright indirect light preferred; direct sun burns delicate fronds. Mist leaves regularly or use humidifier. Fertilize monthly spring through fall with balanced fertilizer at half strength. Repot every 1-2 years in spring. Remove dead fronds at base. Many species are sensitive to chemicals in tap water - use filtered or distilled water. Research specific fern species for exact requirements. Remove dead or damaged foliage promptly.,brightIndirect,high,"[18, 24]",3.0,3.0,5.0,7.0,neutral,moistureRetentive,nonToxic,moderate,
japanese-painted-fern,Japanese Painted Fern,Houseplants - Ferns,"Deciduous fern with silvery-gray fronds with purple accents, can be grown indoors in containers.","Athyrium niponicum (Japanese painted fern), A. niponicum 'Pictum', A. 'Ghost'",Keep soil consistently moist but not soggy. High humidity (60-70%) preferred. Bright indirect light preferred; some morning sun enhances coloration. Fertilize monthly spring through fall with balanced fertilizer at half strength. Goes dormant in winter - reduce watering. Repot every 2-3 years. Silvery-gray fronds with purple accents. Deciduous - fronds die back in winter. Remove dead or damaged foliage promptly.,brightIndirect,high,"[10, 24]",3.0,3.0,5.0,,neutral,moistureRetentive,nonToxic,moderate,
maidenhair-ferns,Maidenhair Ferns,Houseplants - Ferns,"Delicate ferns in the Adiantum genus with fan-shaped leaflets, requiring high humidity and consistent moisture.","Adiantum raddianum (Delta maidenhair), A. capillus-veneris (Southern maidenhair), A. pedatum (Northern maidenhair)",Never let soil dry - keep constantly moist but not waterlogged. High humidity (70%+) essential - use humidifier or pebble tray. Use only distilled or filtered water to prevent leaf browning from minerals. Bright indirect light preferred; avoid direct sun. Fertilize monthly spring through fall with diluted balanced fertilizer (quarter strength). Avoid touching delicate fronds. Repot carefully every 1-2 years in spring. Very challenging plant - requires consistent care. Remove dead or damaged foliage promptly.,brightIndirect,veryHigh,"[16, 21]",2.0,2.0,4.0,7.0,acidic,moistureRetentive,nonToxic,moderate,
microsorum-diversifolium,Kangaroo Paw Fern,Houseplants - Ferns,"Australian native fern with glossy, lobed fronds; easy-care, tolerant of drier air than most ferns.",Microsorum diversifolium (Kangaroo paw fern),Keep soil consistently moist but not soggy. More tolerant of dry air than most ferns — handles 40-50% humidity well. Can be mounted as an epiphyte on bark or driftwood. Bright indirect light preferred. Compact and well-suited for hanging baskets. Fertilize monthly spring through fall with dilute liquid fertilizer. Repot every 1-2 years. Non-toxic to pets. Remove brown or dead fronds at the base. Avoid cutting green fronds. Trim back any browning tips.,brightIndirect,high,"[18, 27]",7.0,7.0,10.0,14.0,neutral,moistureRetentive,nonToxic,moderate,
microsorum-musifolium,Crocodile Fern,Houseplants - Ferns,"Fern with textured, reptilian-pattern fronds; tropical appearance. Medium humidity preferred.",Microsorum musifolium (Crocodile fern),Keep soil consistently moist — never let dry out completely. Higher humidity (60%+) preferred for best frond texture. Distinctive crocodile-skin pattern on fronds becomes more pronounced with age. Bright indirect light; avoid direct sun. Grows larger upright fronds than Kangaroo Paw Fern. Fertilize monthly spring through fall. Repot every 1-2 years. Non-toxic to pets. Remove brown or dead fronds at the base. Avoid cutting green fronds. Trim back any browning tips.,brightIndirect,high,"[18, 27]",7.0,7.0,10.0,14.0,neutral,moistureRetentive,nonToxic,moderate,
nephrolepis-cordifolia,Lemon Button Fern,Houseplants - Ferns,"Compact Boston fern relative with small, round leaflets; lemony scent. More forgiving than standard Boston fern.",Nephrolepis cordifolia 'Duffii' (Lemon button fern),Keep soil consistently moist but not waterlogged. More forgiving of missed waterings than Boston fern — underground tubers store moisture as backup. Lemony scent when fronds are brushed. Medium to high humidity (50-60%) preferred. Bright indirect light. Compact growth stays under 30 cm — excellent for hanging baskets or terrariums. Fertilize monthly spring through fall. Non-toxic to pets. Remove dead or damaged foliage promptly.,brightIndirect,high,"[18, 27]",7.0,7.0,10.0,14.0,neutral,moistureRetentive,nonToxic,moderate,
phlebodium,Blue Star Fern,Houseplants - Ferns,Also known as: Golden polypody. Epiphytic fern with blue-green fronds and creeping rhizomes; tolerant of lower humidity than most ferns.,"Phlebodium aureum (Blue star fern, Golden polypody)","Keep soil consistently moist but not soggy. Medium humidity (50-60%) fine—more tolerant than most ferns. Bright indirect light. Chunky, well-draining mix. Fertilize monthly spring through fall. Non-toxic to pets. Remove dead or damaged foliage promptly.",brightIndirect,high,"[18, 27]",7.0,7.0,10.0,14.0,neutral,moistureRetentive,nonToxic,moderate,
pteris,Brake Fern,Houseplants - Ferns,"Ferns with divided, often variegated fronds; table fern is common. Non-toxic to pets.","Pteris cretica (Cretan brake fern, Table fern), P. ensiformis (Slender brake), P. vittata (Ladder brake), P. cretica 'Albolineata' (Silver ribbon fern)","Keep soil consistently moist but not soggy. More adaptable to lower humidity than many tropical ferns — medium humidity (50-60%) is sufficient. Bright indirect light; variegated forms need more light to maintain patterns. Many species available with silver, white, or bicolor frond patterns. Compact enough for tabletops. Fertilize monthly spring through fall. Non-toxic to pets. Remove dead or damaged foliage promptly.",brightIndirect,high,"[18, 27]",7.0,7.0,10.0,14.0,neutral,moistureRetentive,nonToxic,moderate,
rabbits-foot-fern,Rabbit's Foot Fern,Houseplants - Ferns,"Also known as: Lacy hare's foot fern. Fern with fuzzy rhizomes that resemble rabbit's feet, trailing over the pot edge, more tolerant of dry conditions.","Davallia fejeensis (Rabbit's foot fern, Lacy hare's foot fern), D. trichomanoides",Keep soil consistently moist but not soggy. Medium to high humidity (50-60%) preferred - more tolerant than most ferns. Bright indirect light preferred. Fertilize monthly spring through fall with balanced fertilizer at half strength. Don't bury the fuzzy rhizomes - let them trail over pot edge. Repot every 2-3 years. Unique fuzzy rhizomes resemble rabbit's feet. Remove dead or damaged foliage promptly.,brightIndirect,high,"[18, 24]",3.0,3.0,5.0,7.0,neutral,moistureRetentive,nonToxic,moderate,
staghorn-fern,Staghorn Fern,Houseplants - Ferns,"Epiphytic fern with distinctive antler-like fronds, typically mounted on boards or grown in baskets.","Platycerium bifurcatum (Staghorn fern, Elkhorn fern), P. superbum (Giant staghorn), P. grande, P. alcicorne",Mounted: Soak entire plant weekly for 15-30 minutes. Potted: Keep soil moist but not soggy. High humidity (60-70%) essential. Bright indirect light preferred; avoid direct sun. Fertilize monthly spring through fall by soaking in diluted fertilizer solution. Mount on wood or grow in hanging basket. Shield fronds (brown base fronds) protect roots. Don't remove shield fronds. Unique antler-like appearance. Remove dead or damaged foliage promptly.,brightIndirect,high,"[18, 27]",3.0,3.0,5.0,7.0,neutral,wellDraining,nonToxic,moderate,
areca-palm,Areca Palm,Houseplants - Palms,"Also known as: Golden cane palm. Feathery palm native to Madagascar with arching fronds, excellent air purifier.","Dypsis lutescens (Areca palm, Butterfly palm, Golden cane palm, Yellow palm)",Water when top 2 inches of soil is dry. Keep consistently moist but not soggy. Bright indirect light preferred. High humidity (50-60%) beneficial. Fertilize monthly spring through fall with balanced fertilizer at half strength. Wipe fronds monthly with damp cloth. Repot every 2-3 years when roots fill container. Excellent air purifier. Brown tips indicate low humidity or overwatering. Feathery arching fronds. Only remove completely brown fronds. Never cut green or yellowing fronds as the plant reclaims nutrients from them.,brightIndirect,high,"[18, 24]",7.0,7.0,10.0,14.0,neutral,wellDraining,nonToxic,slow,
bamboo-palm,Bamboo Palm,Houseplants - Palms,Also known as: Reed palm. Clumping palm with bamboo-like stems and feathery fronds; ideal for low-light spaces and narrow corners.,"Chamaedorea seifrizii (Bamboo palm, Reed palm)",Water when top inch of soil is dry. Keep evenly moist but not soggy. Low to bright indirect light tolerated. Medium humidity preferred; mist if air is dry. Fertilize monthly spring through fall at half strength. Repot every 2-3 years. Non-toxic to pets. Remove dead or damaged foliage promptly.,lowIndirect,medium,"[18, 27]",7.0,7.0,10.0,14.0,neutral,wellDraining,nonToxic,slow,
chamaedorea-radicalis,Radicalis Palm,Houseplants - Palms,"Chamaedorea palm with pinnate fronds; cold-tolerant, can grow in ground in mild climates. Related to parlor palm.",Chamaedorea radicalis (Radicalis palm),Water when top inch of soil is dry. Bright indirect light preferred. Medium humidity fine. Fertilize monthly spring through fall with palm fertilizer. Repot every 1-2 years. Non-toxic to pets. Remove dead or damaged foliage promptly.,brightIndirect,medium,"[18, 27]",7.0,7.0,10.0,14.0,neutral,wellDraining,nonToxic,slow,
cycas-revoluta,Sago Palm,Houseplants - Palms,Ancient cycad (not a true palm) with feathery fronds emerging from a woody trunk.,"Cycas revoluta (Sago palm, King sago), C. circinalis","Water when top half of soil is dry. Bright indirect light preferred. Slow-growing; very long-lived. Fertilize 2-3 times per year. Extremely toxic to pets — ingestion is often fatal to dogs and cats, even in small amounts. Also toxic to humans - handle with care. Remove yellowing or dead leaves promptly.",brightIndirect,medium,"[15, 27]",10.0,10.0,14.0,21.0,neutral,wellDraining,toxic,slow,
european-fan-palm,European Fan Palm,Houseplants - Palms,"Hardy, slow-growing palm with fan-shaped leaves, very low-maintenance and cold-tolerant.","Chamaerops humilis (European fan palm, Mediterranean fan palm, Dwarf fan palm)",Water when top 2 inches of soil is dry. Allow to dry slightly between waterings. Bright indirect to direct light preferred. Low to medium humidity is fine. Fertilize monthly spring through fall with palm fertilizer at half strength. Very slow-growing. Cold-tolerant compared to other palms. Repot every 3-4 years. Low-maintenance palm. Only remove completely brown fronds. Never cut green or yellowing fronds as the plant reclaims nutrients from them.,brightIndirect,medium,"[10, 27]",7.0,7.0,10.0,14.0,neutral,wellDraining,nonToxic,slow,
kentia-palm,Kentia Palm,Houseplants - Palms,"Elegant, slow-growing palm native to Lord Howe Island, very low-maintenance and tolerant of low light.","Howea forsteriana (Kentia palm, Sentry palm, Thatch palm)",Water when top 2 inches of soil is dry. Keep consistently moist but not soggy. Low to bright indirect light tolerated - very adaptable. Medium humidity (40-50%) is fine. Fertilize monthly spring through fall with palm fertilizer at half strength. Wipe fronds monthly. Repot every 2-3 years. Slow-growing and elegant. Very low-maintenance palm. Brown tips indicate overwatering or low humidity. Remove dead or damaged foliage promptly.,lowIndirect,medium,"[18, 24]",7.0,7.0,10.0,14.0,neutral,wellDraining,nonToxic,slow,
lady-palm,Lady Palm,Houseplants - Palms,"Slow-growing, clumping palm with fan-shaped leaves, very low-maintenance and tolerant of low light.","Rhapis excelsa (Lady palm, Broadleaf lady palm), R. humilis (Slender lady palm)",Water when top 2 inches of soil is dry. Keep consistently moist but not soggy. Low to bright indirect light tolerated. Medium humidity (40-50%) is fine. Fertilize monthly spring through fall with palm fertilizer at half strength. Wipe fronds monthly. Repot every 2-3 years. Slow-growing and clumping habit. Very low-maintenance. Brown tips indicate overwatering. Pruning accordingly for any favorate tree shapes,lowIndirect,medium,"[18, 24]",7.0,7.0,10.0,14.0,neutral,wellDraining,nonToxic,slow,
majesty-palm,Majesty Palm,Houseplants - Palms,"Fast-growing palm with feathery fronds, requires high humidity and consistent moisture.","Ravenea rivularis (Majesty palm, Majestic palm)",Keep soil consistently moist (water when top inch is dry). Never let fully dry out. High humidity (60%+) essential - use humidifier or pebble tray. Bright indirect light preferred. Fertilize monthly spring through fall with palm fertilizer. Wipe fronds monthly. Repot annually in spring. Fast-growing but requires consistent care. Brown tips indicate low humidity or inconsistent watering. Remove dead or damaged foliage promptly.,brightIndirect,high,"[18, 27]",5.0,5.0,7.0,10.0,neutral,moistureRetentive,nonToxic,slow,
palms,Palms,Houseplants - Palms,"Tropical and subtropical plants in the Arecaceae family with architectural fronds, popular for adding a tropical feel indoors and outdoors.","Chamaedorea elegans (Parlor palm), Dypsis lutescens (Areca palm, Butterfly palm), Howea forsteriana (Kentia palm), Rhapis excelsa (Lady palm)",Water when top inch of soil is dry. Do not overwater — root rot is the most common cause of palm death. Bright indirect light preferred; most tolerate lower light. Medium to high humidity (40-60%) preferred — mist regularly or use a humidifier. Fertilize monthly spring through fall with palm-specific fertilizer. Do not cut brown tips — trim just above the brown line. Remove only fully brown fronds. Repot infrequently — palms dislike root disturbance. Watch for spider mites and mealybugs.,brightIndirect,medium,"[16, 27]",7.0,7.0,10.0,14.0,neutral,wellDraining,nonToxic,slow,
parlor-palm,Parlor Palm,Houseplants - Palms,"Also known as: Neanthe Bella Palm, Bella Palm. Small, low-light tolerant palm native to Central America with delicate fronds, perfect for offices and low-light spaces.","Chamaedorea elegans (Parlor palm, Neanthe bella palm, Good luck palm)",Water when top inch of soil is dry. Keep slightly moist but avoid overwatering. Low to bright indirect light tolerated - perfect for offices. Medium humidity (40-50%) is fine. Fertilize monthly spring through fall with balanced fertilizer at half strength. Repot every 2-3 years. Slow-growing and compact. One of the best low-light palms. Brown tips indicate overwatering or low humidity. Remove yellowing or dead leaves promptly.,lowIndirect,medium,"[18, 27]",7.0,7.0,10.0,14.0,neutral,wellDraining,nonToxic,slow,
phoenix-roebelenii,Pygmy Date Palm,Houseplants - Palms,Compact date palm with arching fronds; slow-growing. Non-toxic to pets.,"Phoenix roebelenii (Pygmy date palm, Dwarf date palm)",Water when top inch of soil is dry. Bright indirect light preferred. Medium humidity fine. Fertilize monthly spring through fall. Repot every 1-2 years. Non-toxic to pets. Remove dead or damaged foliage promptly.,brightIndirect,medium,"[18, 27]",7.0,7.0,10.0,14.0,neutral,wellDraining,nonToxic,slow,
ponytail-palm,Ponytail Palm,Houseplants - Palms,"Also known as: Elephant's foot. Succulent in the Asparagaceae family with swollen caudex that stores water (not a true palm), very drought tolerant.","Beaucarnea recurvata (Ponytail palm, Elephant's foot, Bottle palm)",Water when soil is completely dry (every 2-4 weeks). Caudex (swollen base) stores water making it very drought tolerant. Overwatering causes root rot. Bright indirect to direct light preferred. Low humidity is fine. Fertilize 2-3 times per year during growing season with balanced fertilizer at quarter strength. Repot every 3-5 years. Not a true palm despite the name. Can live for decades. Remove dead or damaged foliage promptly.,brightIndirect,low,"[18, 24]",14.0,14.0,21.0,30.0,neutral,excellentDrainage,nonToxic,slow,
windmill-palm,Windmill Palm,Houseplants - Palms,"Also known as: Chinese windmill palm. The most cold-hardy palm in the world, tolerating temperatures down to -15°C. Fan-shaped leaves on a trunk covered in dark, hairy fiber.","Trachycarpus fortunei (Windmill palm, Chusan palm, Chinese windmill palm)","Water regularly during growing season; reduce in winter but do not let soil completely dry. Full sun to partial shade — can tolerate quite deep shade. Adaptable to most well-drained soils. Fertilize 2-3 times during growing season with palm fertilizer. Remove old, yellowing fronds at the base. Extremely cold-hardy for a palm — survives temperatures down to -15°C with mature specimens. Grows slowly (15-30cm per year). Excellent for adding tropical look to temperate gardens. Non-toxic to pets. Only remove completely brown fronds. Never cut green or yellowing fronds as the plant reclaims nutrients from them.",outdoorPartialSun,medium,"[-10, 30]",7.0,5.0,10.0,14.0,adaptable,wellDraining,nonToxic,slow,
adenium,Adenium,Houseplants - Succulents,"Also known as: Desert Rose, Sabi Star. Striking succulent shrub with a swollen caudex and vivid trumpet-shaped flowers in pink, red, or white.","Adenium obesum (Desert rose), A. obesum 'Noble Concubine' (double pink), A. arabicum (thick caudex), A. multiflorum (Impala lily)",Full sun essential — at least 6 hours of direct sunlight daily. Water thoroughly when soil is completely dry; reduce drastically in winter dormancy. Extremely well-draining soil required (cactus mix with extra perlite). Temperatures above 10°C; bring indoors in cold climates. Feed monthly spring through fall with balanced fertilizer. Prune after flowering to shape. Highly toxic to pets and humans — all parts contain cardiac glycosides.,strongDirect,low,"[10, 38]",7.0,7.0,14.0,30.0,neutral,excellentDrainage,toxic,slow,
aeonium,Aeonium,Houseplants - Succulents,"Also known as: Tree houseleek. Succulents in the Crassulaceae family with rosette-forming leaves, some varieties are monocarpic.","Aeonium arboreum (Tree houseleek), A. 'Zwartkop' (Black rose), A. haworthii (Pinwheel aeonium), A. 'Kiwi'",Water when soil is completely dry (every 2-3 weeks). More water-tolerant than some succulents but still drought tolerant. Bright indirect to direct light preferred. Low humidity is fine. Fertilize 2-3 times per year during growing season with succulent fertilizer. Well-draining soil essential. Some varieties are monocarpic (die after flowering). Repot every 2-3 years. Rosette-forming succulents. Remove dead or rotting sections promptly.,brightIndirect,low,"[15, 27]",10.0,21.0,14.0,10.0,neutral,excellentDrainage,nonToxic,slow,
agave,Agave,Houseplants - Succulents,"Rosette-forming succulent with thick, fleshy leaves often tipped with spines. Extremely drought tolerant. Many species are monocarpic — they bloom once after many years and then die, but produce offsets (pups).","Agave americana (Century plant), A. attenuata (Fox tail agave), A. victoriae-reginae (Queen Victoria agave), A. parryi (Artichoke agave)",Water deeply but infrequently — every 2-4 weeks depending on season. Full sun to bright direct light. Very low humidity tolerance. Excellent drainage is critical — use cactus/succulent mix. Cold hardiness varies by species. Mildly toxic — sap can cause skin irritation. Remove yellowing or damaged leaves promptly.,strongDirect,low,"[10, 38]",14.0,10.0,14.0,28.0,neutral,excellentDrainage,mildlyToxic,slow,
aloe-vera,Aloe Vera,Houseplants - Succulents,"Also known as: Medicinal aloe. Medicinal succulent with gel-filled leaves, commonly used for skin care.","Aloe vera (Aloe, Medicinal aloe)",Water when soil is completely dry (every 2-3 weeks). Water deeply but infrequently. Bright indirect to direct light preferred. Low humidity is fine. Fertilize 2-3 times per year during growing season with balanced fertilizer at quarter strength. Remove offsets (pups) when 1/3 size of parent to propagate. Repot every 2-3 years. Gel from leaves has medicinal properties for skin care. Overwatering causes rot. Toxic to pets if ingested. Mildly toxic to humans if ingested; gel is safe for topical skin use. Remove dead or rotting sections promptly.,strongDirect,low,"[13, 27]",14.0,14.0,21.0,30.0,neutral,excellentDrainage,toxic,slow,
aloes,Aloes,Houseplants - Succulents,"Rosette-forming succulents in the Asphodelaceae family with medicinal properties, many produce offsets (pups) for propagation.","Aloe vera (Medicinal aloe, Burn plant), A. arborescens (Torch aloe, Candelabra aloe), A. polyphylla (Spiral aloe), A. aristata (Lace aloe)",Water when soil is completely dry (every 2-4 weeks). Water deeply but infrequently. Very drought tolerant. Bright indirect to direct light preferred. Low humidity is fine. Fertilize 2-3 times per year during growing season with balanced fertilizer at quarter strength. Remove offsets (pups) when they're 1/3 the size of parent plant to propagate. Repot every 2-3 years. Many species have medicinal properties. Toxic to pets. Remove dead or rotting sections promptly.,strongDirect,low,"[13, 27]",14.0,14.0,21.0,30.0,neutral,excellentDrainage,toxic,slow,
bears-paw,Bear's Paw,Houseplants - Succulents,"Fuzzy succulent with thick, toothed leaves resembling bear paws, tips turn red in bright light. Native to South Africa.","Cotyledon tomentosa (Bear's paw), C. tomentosa subsp. ladismithiensis (Narrow bear's paw)",Water when soil is completely dry (every 2-3 weeks). Very sensitive to overwatering - root rot is the main threat. Bright indirect light preferred; tips turn red with more light exposure. Avoid harsh direct midday sun. Low humidity preferred. Fertilize 2-3 times per year with succulent fertilizer at quarter strength. Excellent drainage essential - use cactus/succulent mix. Handle gently - fuzzy leaves are delicate. Repot every 2-3 years. Toxic to pets. Remove dead or rotting sections promptly.,brightIndirect,low,"[10, 27]",14.0,14.0,21.0,30.0,neutral,excellentDrainage,toxic,slow,
burros-tail,Burro's Tail,Houseplants - Succulents,"Also known as: Donkey's Tail, Lamb's tail. Trailing succulent with delicate, plump blue-green leaves that drop easily if disturbed.","Sedum morganianum (Burro's tail, Donkey's tail, Lamb's tail)","Water when soil is dry, but more frequently than most succulents. Handle very carefully - leaves drop easily if disturbed. Water at base to avoid wetting leaves. Bright indirect light preferred; direct sun may burn. Medium humidity preferred. Fertilize monthly spring through fall with succulent fertilizer at half strength. Perfect for hanging baskets. Repot carefully every 2-3 years. Very delicate - avoid moving once established. Remove dead or damaged foliage promptly.",brightIndirect,low,"[18, 24]",10.0,10.0,14.0,21.0,neutral,excellentDrainage,nonToxic,moderate,
crassula-ovata-minor,Dwarf Jade,Houseplants - Succulents,"Also known as: Compact jade, Mini jade. Compact jade plant cultivar with smaller leaves; same care as standard jade, ideal for small spaces.","Crassula ovata 'Minor' (Compact jade, Mini jade)",Water when soil is completely dry (every 2-3 weeks). Bright indirect to direct light. Low humidity fine. Fertilize 2-3 times per year. Toxic to pets. Remove dead or rotting sections promptly.,brightIndirect,low,"[18, 27]",10.0,14.0,14.0,14.0,neutral,excellentDrainage,toxic,slow,
crassulas,Crassulas,Houseplants - Succulents,"Succulents in the Crassulaceae family with thick fleshy leaves, many form tree-like structures over time.","Crassula ovata (Jade plant, Money tree), C. perforata (String of buttons), C. tetragona (Miniature pine tree), C. arborescens (Silver jade plant)",Water when soil is completely dry (every 2-3 weeks). Water deeply but infrequently. Reduce watering significantly in winter when growth slows. Bright indirect to direct light preferred. Low humidity is fine. Fertilize 2-3 times per year during growing season with balanced fertilizer at quarter strength. Can be trained as bonsai. Repot every 2-3 years. Many form tree-like structures over time. Toxic to pets. Remove dead or rotting sections promptly.,strongDirect,low,"[18, 24]",14.0,14.0,21.0,30.0,neutral,excellentDrainage,toxic,slow,
echeveria,Echeveria,Houseplants - Succulents,"Rosette-forming succulents with colorful, often powdery leaves, popular in arrangements.","Echeveria elegans, E. 'Perle von Nurnberg', E. agavoides, E. pulidonis",Water when soil is completely dry (every 1-2 weeks). Water at base to avoid wetting leaves - water on leaves can cause rot. Bright indirect to direct light preferred. Low humidity is fine. Fertilize monthly spring through fall with succulent fertilizer at half strength. Remove dead lower leaves. Repot every 2-3 years. Popular in succulent arrangements. Powdery coating (farina) protects from sun - don't rub off. Remove dead or damaged foliage promptly.,strongDirect,low,"[18, 27]",14.0,14.0,21.0,30.0,neutral,excellentDrainage,nonToxic,slow,
euphorbia-tirucalli,Pencil Cactus,Houseplants - Succulents,"Striking succulent with thin, pencil-like branches that turn vibrant red-orange in bright light, though actually a euphorbia, not a true cactus.","Euphorbia tirucalli (Pencil cactus, Firestick plant, Milk bush), E. tirucalli 'Sticks on Fire'",Water sparingly; allow soil to dry completely between waterings. Strong direct light for best color—full sun produces vibrant red tips. Low humidity preferred. Well-draining sandy or gritty succulent mix. Fertilize lightly once in spring. Handle with extreme care—white milky sap is highly irritating to skin and eyes; wear gloves when pruning. Can grow quite large indoors (up to 2 meters). Toxic to pets and humans (caustic latex sap).,strongDirect,low,"[10, 35]",14.0,10.0,21.0,30.0,neutral,excellentDrainage,toxic,slow,
euphorbia-trigona,African Milk Tree,Houseplants - Succulents,Also known as: Cathedral cactus. Candelabra-shaped succulent with green stems and leaves; milky sap is toxic—handle with care.,"Euphorbia trigona (African milk tree, Cathedral cactus)","Water when soil is dry (every 1-2 weeks). Bright indirect light. Low humidity fine. Fertilize 2-3 times per year. Toxic sap—wear gloves, wash hands. Toxic to pets. Remove dead or damaged foliage promptly.",brightIndirect,low,"[18, 27]",14.0,10.0,10.0,14.0,neutral,excellentDrainage,toxic,slow,
euphorbias,Euphorbias,Houseplants - Succulents,"Diverse genus including many succulent species with milky sap (toxic, handle with care).","Euphorbia trigona (African milk tree), E. milii (Crown of thorns), E. obesa (Baseball plant)",Water when soil is completely dry (every 2-4 weeks). Very drought tolerant. Bright indirect to direct light preferred. Low humidity is fine. Fertilize 2-3 times per year during growing season with balanced fertilizer at quarter strength. Milky sap is toxic and can cause skin irritation - handle with care and wash hands after touching. Repot every 2-3 years. Diverse genus with many forms. Research specific species for exact requirements. Toxic to pets. Remove dead or damaged foliage promptly.,strongDirect,low,"[18, 27]",14.0,14.0,21.0,30.0,neutral,excellentDrainage,toxic,slow,
gasteria,Gasteria,Houseplants - Succulents,Tongue-shaped succulents closely related to Haworthia and Aloe in the family Asphodelaceae; shade-tolerant and easy-care.,"Gasteria bicolor, G. verrucosa, G. 'Little Warty'",Water when soil is dry (every 1-2 weeks). More frequent than desert succulents. Bright indirect to medium light preferred; tolerates lower light than most succulents. Medium humidity preferred. Fertilize monthly spring through fall with balanced fertilizer at half strength. Repot every 2-3 years. Shade-tolerant and easy-care. Related to Haworthia. Remove dead or rotting sections promptly.,brightIndirect,low,"[16, 27]",10.0,10.0,14.0,21.0,neutral,excellentDrainage,nonToxic,slow,
graptopetalum,Graptopetalum,Houseplants - Succulents,"Also known as: Mother-of-pearl plant. Succulents in the Crassulaceae family with rosette-forming leaves, often called ghost plants.","Graptopetalum paraguayense (Ghost plant, Mother-of-pearl plant), G. 'Copper Rose', G. 'Purple Delight'",Water when soil is completely dry (every 2-3 weeks). Very drought tolerant. Bright indirect to direct light preferred - more light enhances coloration. Low humidity is fine. Fertilize 2-3 times per year during growing season with succulent fertilizer at quarter strength. Well-draining soil essential. Repot every 2-3 years. Rosette-forming with beautiful coloration. Often called ghost plants. Remove withered and dead leaves and excessive daughter plants,brightIndirect,low,"[15, 27]",14.0,14.0,21.0,30.0,neutral,excellentDrainage,nonToxic,slow,
graptoveria,Graptoveria,Houseplants - Succulents,"Intergeneric hybrid between Graptopetalum and Echeveria, forming compact rosettes with thick, fleshy leaves in pastel hues that intensify with sun stress.","x Graptoveria 'Fred Ives' (Fred Ives), x Graptoveria 'Opalina' (Opalina), x Graptoveria 'Debbie' (Debbie), x Graptoveria 'Bashful' (Bashful)",Water thoroughly using the soak-and-dry method; allow soil to dry completely between waterings. Provide bright indirect to direct morning light for best coloration — insufficient light causes etiolation. Use a fast-draining cactus or succulent mix with added perlite. Fertilize once in spring and once in mid-summer with a diluted succulent fertilizer. Protect from frost below 5°C. Non-toxic to pets. Remove flower stems and any damaged or rotting leaves promptly.,brightIndirect,low,"[10, 30]",10.0,10.0,14.0,21.0,neutral,excellentDrainage,nonToxic,slow,
haworthia,Haworthia,Houseplants - Succulents,"Small rosette succulents that tolerate lower light than most succulents, perfect for windowsills.","Haworthia cooperi, H. fasciata (Zebra plant), H. attenuata, H. limifolia",Water when soil is dry (every 1-2 weeks). More frequent than desert succulents. Bright indirect to medium light preferred; tolerates lower light than most succulents. Medium humidity preferred. Fertilize monthly spring through fall with balanced fertilizer at half strength. Repot every 2-3 years. Perfect for windowsills. Small rosette-forming succulents. Remove dead or rotting sections promptly.,brightIndirect,medium,"[16, 27]",10.0,10.0,14.0,21.0,neutral,excellentDrainage,nonToxic,slow,
jade-plant,Jade Plant,Houseplants - Succulents,"Also known as: Money plant, Lucky plant. Classic succulent with thick, glossy green leaves, can live for decades and grow into a small tree.","Crassula ovata (Jade plant, Money plant, Lucky plant)",Water when soil is completely dry (every 2-3 weeks). Water deeply but infrequently. Bright indirect to direct light preferred - needs good light to maintain compact growth. Low humidity is fine. Fertilize 2-3 times per year during growing season with balanced fertilizer at quarter strength. Can live for decades and grow into small tree. Prune to maintain shape. Repot every 2-3 years. Symbol of good luck. Overwatering causes root rot. Toxic to pets.,strongDirect,low,"[18, 24]",14.0,14.0,21.0,30.0,neutral,excellentDrainage,toxic,slow,
kalanchoe-luciae,Paddle Plant,Houseplants - Succulents,"Also known as: Flapjack. Succulent with flat, paddle-shaped leaves that blush red at edges in bright light; monocarpic (dies after flowering).","Kalanchoe luciae (Flapjack, Paddle plant)","Water when soil is dry (every 1-2 weeks). Bright light enhances red edges. Low humidity fine. Fertilize sparingly. Toxic to pets. Remove diseased, yellowing and dropping leaves, pinching 1-2 times, germinate more branched",brightIndirect,low,"[18, 27]",10.0,10.0,10.0,14.0,neutral,excellentDrainage,toxic,moderate,
lithops,Lithops,Houseplants - Succulents,"Stone-like succulents that mimic pebbles in their native habitat, have specific dormancy periods when they should not be watered.","Lithops (Living stones, Pebble plants), various species with different colors and patterns",Water sparingly in fall when new leaves emerge. Keep dry in summer dormancy and during winter/spring splitting. Very minimal watering even when active (every 2-4 weeks). Bright direct light essential. Low humidity preferred. Fertilize very sparingly during active growth only. Repot every 3-5 years in very well-draining soil. Stone-like appearance mimics pebbles. Very specific care requirements. Remove dead or dried leaves from the base. Prune leggy stems to promote compact growth. Allow cuts to callus before replanting.,strongDirect,low,"[18, 27]",30.0,90.0,14.0,,neutral,excellentDrainage,nonToxic,slow,
pachyphytum,Pachyphytum,Houseplants - Succulents,"Also known as: Moonstones. Adorable succulents with plump, egg-shaped leaves in pastel shades of lavender, pink, and blue-grey, often covered in a powdery farina coating.","Pachyphytum oviferum (Moonstones, Sugar almond plant), P. compactum (Little jewel), P. bracteosum (Silverbracts)","Water only when soil is completely dry; soak and drain method works best. Bright indirect to gentle direct light—too much harsh sun can sunburn delicate leaves. Low humidity preferred—prone to rot in damp conditions. Gritty, fast-draining succulent mix essential. Fertilize once in spring with diluted cactus fertilizer. Avoid touching leaves—the farina coating doesn't grow back. Non-toxic to pets. Remove dead or rotting sections promptly.",brightIndirect,low,"[5, 30]",14.0,10.0,21.0,30.0,neutral,excellentDrainage,nonToxic,slow,
portulacaria-afra,Elephant Bush,Houseplants - Succulents,"Also known as: Spekboom. Small-leaved succulent often confused with jade; drought-tolerant, can be bonsai-trained. Native to South Africa.","Portulacaria afra (Dwarf jade, Spekboom, Elephant bush)",Water when soil is dry (every 1-2 weeks). Bright indirect to direct light. Low humidity fine. Fertilize 2-3 times per year. Non-toxic to pets. Remove dead or rotting sections promptly.,brightIndirect,low,"[18, 27]",7.0,7.0,10.0,14.0,neutral,excellentDrainage,nonToxic,slow,
sedum,Sedum,Houseplants - Succulents,"Large genus of succulents in the Crassulaceae family, includes both trailing and upright varieties.","Sedum morganianum (Burro's tail), S. rubrotinctum (Jelly bean plant), S. adolphii (Golden sedum), S. 'Autumn Joy'",Water when soil is completely dry (every 2-3 weeks). Very drought tolerant. Bright indirect to direct light preferred. Low humidity is fine. Fertilize 2-3 times per year during growing season with succulent fertilizer at quarter strength. Well-draining soil essential. Repot every 2-3 years. Many varieties available - trailing and upright. Very easy-care succulents. Remove dead or rotting sections promptly.,brightIndirect,low,"[15, 27]",14.0,14.0,21.0,30.0,neutral,excellentDrainage,nonToxic,moderate,
sempervivum,Sempervivum,Houseplants - Succulents,"Also known as: Hen and chicks. Hardy succulents in the Crassulaceae family known as hen and chicks, form rosettes and produce offsets. Extremely cold hardy and drought tolerant. Excellent for rock gardens, alpine gardens, and containers.","Sempervivum tectorum (Common houseleek, Hen and chicks), S. arachnoideum (Cobweb houseleek), many cultivars in various colors",Water when soil is completely dry (every 2-3 weeks). Very drought tolerant. Bright indirect to direct light preferred. Low humidity is fine. Fertilize sparingly (2-3 times per year) with succulent fertilizer at quarter strength. Well-draining soil essential. Produces offsets (chicks) around parent plant (hen). Repot every 2-3 years. Very cold-hardy succulents. Remove dead or rotting sections promptly.,brightIndirect,low,"[10, 27]",14.0,14.0,21.0,30.0,neutral,excellentDrainage,nonToxic,slow,
senecio,Senecio,Houseplants - Succulents,"Large genus of succulents in the Asteraceae family, includes trailing varieties like string of pearls (many reclassified to Curio).","Curio rowleyanus (syn. Senecio rowleyanus; String of pearls), Curio radicans (syn. S. radicans; String of bananas), Curio repens (syn. Senecio serpens; Blue chalk sticks), Curio talinoides subsp. mandraliscae (syn. Senecio mandraliscae)",Water when soil is completely dry (every 2-3 weeks). Very drought tolerant. Bright indirect to direct light preferred. Low humidity is fine. Fertilize 2-3 times per year during growing season with succulent fertilizer at quarter strength. Well-draining soil essential. Many are trailing plants. Repot every 2-3 years. Large genus with many varieties. Toxic to pets. Remove dead or rotting sections promptly.,brightIndirect,low,"[15, 27]",14.0,14.0,21.0,30.0,neutral,excellentDrainage,toxic,slow,
split-rock,Split Rock,Houseplants - Succulents,"Stone-mimicking succulent that resembles a split boulder, closely related to lithops but slightly larger. Native to South Africa.","Pleiospilos nelii (Split rock, Cleft stone, Mimicry plant), P. nelii 'Royal Flush' (purple form)","Water ONLY when old leaves have fully dried and absorbed into the new pair - typically only 2-4 times per year. Overwatering causes stacking (extra leaf pairs) and rot. Bright direct light essential - at least 5 hours daily. Very low humidity preferred. Do not fertilize. Excellent drainage essential - use mostly mineral substrate (pumice, perlite). Bottom watering preferred. Repot every 3-5 years. Very specific watering requirements similar to lithops. Remove flower stems and any damaged or rotting leaves promptly.",strongDirect,low,"[18, 27]",30.0,90.0,14.0,,neutral,excellentDrainage,nonToxic,slow,
string-of-bananas,String of Bananas,Houseplants - Succulents,"Trailing succulent with banana-shaped leaves, faster growing than String of Pearls.","Curio radicans (String of bananas, syn. Senecio radicans)","Water when leaves show slight wrinkling - this indicates thirst. Avoid overwatering which causes rot. Bright indirect light preferred. Medium humidity preferred. Fertilize monthly spring through fall with succulent fertilizer at half strength. Faster growing than String of Pearls. Perfect for hanging baskets. Repot every 2-3 years. Handle carefully to avoid leaf drop. Banana-shaped leaves. Toxic to pets. After flowering remove the withered flowers, the part on the ground will wither in winter, the plant germinates again in spring Trim trailing stems to desired length. Remove any shriveled or dry sections.",brightIndirect,low,"[21, 27]",10.0,10.0,14.0,21.0,neutral,excellentDrainage,toxic,slow,
string-of-dolphins,String of Dolphins,Houseplants - Succulents,"Also known as: Dolphin Plant, Dolphin Succulent. Trailing succulent with leaves shaped like leaping dolphins.","Curio × peregrinus (String of dolphins, syn. Senecio × peregrinus)",Water when leaves show slight wrinkling - this indicates thirst. Avoid overwatering which causes rot. Bright indirect light preferred. Medium humidity preferred. Fertilize monthly spring through fall with succulent fertilizer at half strength. Unique dolphin-shaped leaves. Perfect for hanging baskets. Repot every 2-3 years. Handle carefully. Toxic to pets. Remove dead or dried leaves from the base. Prune leggy stems to promote compact growth. Allow cuts to callus before replanting.,brightIndirect,low,"[21, 27]",10.0,10.0,14.0,21.0,neutral,excellentDrainage,toxic,slow,
string-of-hearts,String of Hearts,Houseplants - Succulents,"Trailing succulent with heart-shaped leaves and purple undersides, produces tubers along stems.","Ceropegia woodii (String of hearts, Rosary vine, Chain of hearts)",Water when soil is dry (every 1-2 weeks). More drought tolerant than String of Pearls due to tubers along stems. Bright indirect light preferred. Medium humidity preferred. Fertilize monthly spring through fall with balanced fertilizer at half strength. Produces tubers along stems for storage. Perfect for hanging baskets. Repot every 2-3 years. Heart-shaped leaves with purple undersides. Non-toxic to pets. Remove dead or rotting sections promptly.,brightIndirect,low,"[18, 27]",10.0,10.0,14.0,21.0,neutral,excellentDrainage,nonToxic,moderate,
string-of-needles,String of Needles,Houseplants - Succulents,"Delicate trailing succulent with thin, needle-like leaves along wiry stems. Related to string of hearts but with a finer, more airy appearance.",Ceropegia linearis (String of needles),Water when soil is completely dry. Bright indirect light preferred; tolerates some direct morning sun. Low humidity is fine. Very susceptible to overwatering — use well-draining succulent mix. Fertilize lightly spring through summer. Non-toxic to pets. Remove dead or rotting sections promptly.,brightIndirect,low,"[15, 27]",10.0,10.0,14.0,21.0,neutral,wellDraining,nonToxic,moderate,
string-of-pearls,String of Pearls,Houseplants - Succulents,"Trailing succulent with bead-like leaves, perfect for hanging baskets.","Curio rowleyanus (String of pearls, syn. Senecio rowleyanus), C. herreianus (String of beads)",Water when pearls (leaves) show slight wrinkling - this indicates thirst. Avoid overwatering which causes rot. Bright indirect light preferred. Medium humidity preferred. Fertilize monthly spring through fall with succulent fertilizer at half strength. Perfect for hanging baskets. Repot every 2-3 years. Bead-like leaves are delicate - handle carefully. Very popular trailing succulent. Toxic to pets. Remove dead or rotting sections promptly.,brightIndirect,low,"[21, 27]",10.0,10.0,14.0,21.0,neutral,excellentDrainage,toxic,slow,
string-of-rubies,String of Rubies,Houseplants - Succulents,Trailing succulent with bean-shaped leaves that turn deep ruby-red in bright light; stems are purple-tinged.,"Othonna capensis (String of rubies, Ruby necklace, Little pickles)",Water thoroughly when soil is completely dry; drought-tolerant. Bright indirect to direct light brings out intense red coloring—green in low light. Low humidity fine. Use well-draining succulent/cactus mix. Fertilize sparingly 2-3 times during growing season at quarter strength. Propagates easily from stem cuttings. Toxic to pets. Remove dead or rotting sections promptly.,brightIndirect,low,"[10, 27]",10.0,14.0,14.0,21.0,neutral,excellentDrainage,toxic,slow,
string-of-turtles,String of Turtles,Houseplants - Succulents,"Also known as: Turtle vine. Trailing peperomia with small, patterned leaves resembling turtle shells, slower growing than other string plants.","Peperomia prostrata (String of turtles, Turtle vine), P. prostrata 'Variegata' (variegated form)",Water when top 2 inches of soil is dry. Keep slightly more moist than other string plants but still avoid overwatering. Bright indirect light preferred. High humidity (60%+) preferred. Fertilize monthly spring through fall with balanced fertilizer at half strength. Slower growing than other string plants. Perfect for hanging baskets. Repot every 2-3 years. Small patterned leaves resembling turtle shells. Remove dead or damaged foliage promptly.,brightIndirect,medium,"[18, 24]",7.0,7.0,10.0,14.0,neutral,excellentDrainage,nonToxic,moderate,
succulent-aloe-v-black,Black Gem Aloe,Houseplants - Succulents,Compact aloe with dark green to black-tinted leaves; same care as aloe vera. Toxic to pets.,Aloe 'Black Gem',Water when soil is dry (every 2-3 weeks). Bright indirect to direct light. Low humidity fine. Fertilize 2-3 times per year. Toxic to pets. Remove dead or dried leaves from the base. Prune leggy stems to promote compact growth. Allow cuts to callus before replanting.,strongDirect,low,"[16, 29]",7.0,7.0,10.0,14.0,neutral,excellentDrainage,toxic,slow,
succulent-echeveria-lola,Echeveria Lola,Houseplants - Succulents,Hybrid echeveria with lavender-pink rosettes; powdery farina. Non-toxic to pets.,Echeveria 'Lola',Water when soil is dry (every 1-2 weeks). Water at base to avoid farina. Bright light preferred. Low humidity fine. Fertilize monthly spring through fall. Non-toxic to pets. Remove dead or dried leaves from the base. Prune leggy stems to promote compact growth. Allow cuts to callus before replanting.,strongDirect,low,"[16, 29]",7.0,7.0,10.0,14.0,neutral,excellentDrainage,nonToxic,slow,
succulent-echeveria-perle,Echeveria Perle von Nurnberg,Houseplants - Succulents,Also known as: PVN. Popular echeveria with purple-pink rosettes and powdery farina; classic succulent. Non-toxic to pets.,Echeveria 'Perle von Nurnberg' (PVN),Water when soil is dry (every 1-2 weeks). Water at base to avoid farina. Bright light enhances color. Low humidity fine. Fertilize monthly spring through fall. Non-toxic to pets. Remove dead or dried leaves from the base. Prune leggy stems to promote compact growth. Allow cuts to callus before replanting.,strongDirect,low,"[16, 29]",7.0,7.0,10.0,14.0,neutral,excellentDrainage,nonToxic,slow,
succulent-haworthia-cooperi,Haworthia Cooperi,Houseplants - Succulents,"Also known as: Window plant. Haworthia with translucent ""window"" leaves; tolerates lower light than most succulents. Non-toxic to pets.",Haworthia cooperi (Window plant),Water when soil is dry (every 1-2 weeks). Bright indirect to medium light—tolerates lower light. Medium humidity fine. Fertilize monthly spring through fall. Non-toxic to pets. Remove dead or rotting sections promptly.,brightIndirect,low,"[16, 29]",7.0,7.0,10.0,14.0,neutral,excellentDrainage,nonToxic,slow,
succulents,Succulents,Houseplants - Succulents,"Drought-adapted plants with water-storing leaves, need excellent drainage.","Echeveria, Sedum, Graptopetalum, Graptoveria",Water when soil is completely dry (every 1-3 weeks depending on conditions). Water deeply but infrequently. Excellent drainage is essential - use cactus/succulent mix. Bright indirect to direct light preferred. Low humidity is fine. Fertilize monthly spring through fall with succulent fertilizer at half strength. Repot every 2-3 years. Drought-adapted plants with water-storing leaves. Remove dead or dried leaves from the base. Prune leggy stems to promote compact growth. Allow cuts to callus before replanting.,strongDirect,low,"[18, 27]",14.0,14.0,21.0,30.0,neutral,excellentDrainage,unknown,slow,
barrel-cactus,Barrel Cactus,Houseplants - Cacti,"Also known as: Golden barrel cactus. Round, barrel-shaped cacti that can grow quite large, very low-maintenance.","Echinocactus grusonii (Golden barrel cactus), Ferocactus (Barrel cactus), E. texensis (Horse crippler)","Water when soil is completely dry (every 3-4 weeks in summer, less in winter). Very drought tolerant. Full sun to bright indirect light preferred. Low humidity is fine. Fertilize 2-3 times per year during growing season with cactus fertilizer at quarter strength. Well-draining soil essential. Can grow quite large. Repot every 3-5 years. Very low-maintenance. Handle with care - sharp spines. Remove dead or rotting sections promptly.",strongDirect,low,"[15, 30]",21.0,21.0,30.0,45.0,neutral,excellentDrainage,nonToxic,slow,
cacti,Cacti,Houseplants - Cacti,"Desert plants in the Cactaceae family with spines and areoles, need excellent drainage and bright light.","Echinocactus (Barrel cactus), Opuntia (Prickly pear, Bunny ears), Mammillaria (Pincushion cactus), Ferocactus","Water when soil is completely dry (every 3-6 weeks). Water deeply but infrequently. Reduce significantly or stop watering in winter dormancy (November-February). Bright direct light essential - full sun preferred. Low humidity preferred. Fertilize 2-3 times per year during growing season with cactus fertilizer at quarter strength. Excellent drainage essential. Repot every 3-5 years. Handle with care - spines are sharp. Remove any dead or damaged pads or segments with clean, sharp tools. Minimal pruning needed.",strongDirect,low,"[18, 32]",21.0,21.0,30.0,45.0,neutral,excellentDrainage,nonToxic,slow,
christmas-cactus,Christmas Cactus,Houseplants - Cacti,"Also known as: True Christmas cactus. Forest cactus that blooms around Christmas, requires cool temperatures and reduced light to flower, has rounded leaf segments.","Schlumbergera × buckleyi (Christmas cactus, True Christmas cactus), S. truncata (Thanksgiving cactus, Crab cactus)","Keep soil slightly moist spring through summer. Reduce watering in fall (September-October) to encourage blooms - this triggers bud formation. More frequent watering than desert cacti. Bright indirect light preferred; avoid direct hot sun. High humidity (50-60%) preferred. Fertilize monthly spring through fall with balanced fertilizer at half strength. Cool temperatures (15-18°C) and reduced light in fall encourage flowering. Repot every 2-3 years. Rounded leaf segments distinguish from Thanksgiving cactus. Remove any dead or damaged pads or segments with clean, sharp tools. Minimal pruning needed.",brightIndirect,high,"[18, 24]",7.0,7.0,10.0,14.0,neutral,excellentDrainage,nonToxic,slow,
easter-cactus,Easter Cactus,Houseplants - Cacti,"Forest cactus that blooms in spring, with rounded leaf segments.","Hatiora gaertneri (Easter cactus, syn. Rhipsalidopsis gaertneri)","Keep soil slightly moist spring through summer. Reduce watering in winter (December-February) to encourage spring blooms. Bright indirect light preferred. High humidity (50-60%) preferred. Fertilize monthly spring through fall with balanced fertilizer at half strength. Cool temperatures in winter encourage flowering. Repot every 2-3 years. Rounded leaf segments. Blooms in spring (Easter time). Remove withered flowers and stem after flowering, except the 2-3 segments at the bottom of stem Remove spent flowers after blooming. Prune segments to shape after flowering.",brightIndirect,high,"[18, 24]",7.0,7.0,10.0,14.0,neutral,excellentDrainage,nonToxic,slow,
echinopsis,Easter Lily Cactus,Houseplants - Cacti,"Round or columnar cacti that produce large, funnel-shaped flowers in white, pink, or red, often opening at night.",Echinopsis spp. (Easter lily cactus),Water when top inch of soil is dry. Bright indirect light preferred; some morning sun is fine. Medium humidity (40-50%). Fertilize monthly spring through fall with cactus fertilizer. Large flowers bloom spring through summer. Repot every 1-2 years when roots fill container. Remove dead or rotting sections promptly.,strongDirect,low,"[18, 27]",14.0,14.0,21.0,30.0,neutral,excellentDrainage,nonToxic,slow,
epiphyllum,Orchid Cactus,Houseplants - Cacti,"Epiphytic woodland cactus with flat, leaf-like stems that produce spectacular nocturnal flowers in many colors.",Epiphyllum spp. (Orchid cactus),Keep soil slightly moist spring through summer; reduce watering in winter. Bright indirect light preferred; avoid strong midday sun. Medium humidity (40-50%). Fertilize monthly spring through fall with balanced fertilizer at half strength. Epiphytic—use well-draining mix. Repot every 2-3 years. Remove dead or damaged foliage promptly.,brightIndirect,medium,"[18, 27]",7.0,7.0,10.0,14.0,neutral,wellDraining,nonToxic,slow,
forest-cacti,Forest Cacti,Houseplants - Cacti,"Epiphytic cacti native to tropical forests, require different care from desert cacti with higher humidity needs.","Schlumbergera (Christmas cactus, Thanksgiving cactus), Rhipsalis (Mistletoe cactus), Epiphyllum (Orchid cactus, Queen of the night)","Keep soil slightly moist spring through summer. More frequent watering than desert cacti. Reduce watering in fall for bloom induction. Bright indirect light preferred; some direct morning sun is fine. High humidity (50-60%) preferred. Fertilize monthly spring through fall with balanced fertilizer at half strength. Epiphytic cacti native to tropical forests. Repot every 2-3 years in well-draining mix. Different care from desert cacti. Remove any dead or damaged pads or segments with clean, sharp tools. Minimal pruning needed.",brightIndirect,high,"[18, 24]",7.0,7.0,10.0,14.0,acidic,excellentDrainage,nonToxic,slow,
gymnocalycium,Chin Cactus,Houseplants - Cacti,"Also known as: Moon cactus. Small, round cacti with chin-like notches above each areole; Moon cactus is a colorful grafted form.",Gymnocalycium mihanovichii (Moon cactus),Water when top inch of soil is dry. Bright indirect light preferred; avoid intense direct sun. Medium humidity (40-50%). Fertilize monthly spring through fall with cactus fertilizer. Moon cactus is grafted—keep colorful top from burning. Repot every 1-2 years when roots fill container. Remove dead or rotting sections promptly.,brightIndirect,low,"[18, 27]",14.0,14.0,21.0,30.0,neutral,excellentDrainage,nonToxic,slow,
mammillaria,Pincushion Cactus,Houseplants - Cacti,"Compact, round cacti with spiral tubercles and a crown of small flowers in spring.",Mammillaria spp. (Pincushion cactus),Water when top inch of soil is dry. Bright indirect or direct light preferred. Medium humidity (40-50%). Fertilize monthly spring through fall with cactus fertilizer. Flowers form a ring around the crown in spring. Well-draining soil essential. Repot every 1-2 years when roots fill container. Remove dead or rotting sections promptly.,strongDirect,low,"[18, 27]",14.0,14.0,21.0,30.0,neutral,excellentDrainage,nonToxic,slow,
old-lady-cactus,Old Lady Cactus,Houseplants - Cacti,"Round, woolly cactus covered in white hairs, produces pink flowers.","Mammillaria hahniana (Old lady cactus), M. bocasana (Powder puff cactus)","Water when soil is completely dry (every 3-4 weeks in summer, less in winter). Very drought tolerant. Bright indirect to direct light preferred. Low humidity is fine. Fertilize 2-3 times per year during growing season with cactus fertilizer. Well-draining soil essential. Covered in white hairs giving woolly appearance. Produces pink flowers in spring. Repot every 3-5 years. Compact, round growth habit. Remove dead or rotting sections promptly.",strongDirect,low,"[15, 27]",21.0,21.0,30.0,45.0,neutral,excellentDrainage,nonToxic,slow,
opuntia-microdasys,Bunny Ears Cactus,Houseplants - Cacti,Flat-padded cactus with glochids (tiny barbed spines) instead of large spines; handle with care.,"Opuntia microdasys (Bunny ears, Polka dot cactus)",Water when top inch of soil is dry. Bright indirect to direct light preferred. Medium humidity (40-50%). Fertilize monthly spring through fall with cactus fertilizer. Handle with extreme care—glochids detach easily and are very irritating. Repot every 1-2 years when roots fill container. Remove dead or rotting sections promptly.,strongDirect,low,"[18, 27]",14.0,14.0,21.0,30.0,neutral,excellentDrainage,nonToxic,slow,
parodia,Ball Cactus,Houseplants - Cacti,"Round, ribbed cacti that produce yellow or golden flowers from the crown.","Parodia leninghausii, P. magnifica",Water when top inch of soil is dry. Bright indirect or direct light preferred. Medium humidity (40-50%). Fertilize monthly spring through fall with cactus fertilizer. Golden flowers bloom spring through summer. Well-draining soil essential. Repot every 1-2 years when roots fill container. Remove dead or rotting sections promptly.,brightIndirect,low,"[18, 27]",14.0,14.0,21.0,30.0,neutral,excellentDrainage,nonToxic,slow,
prickly-pear,Prickly Pear,Houseplants - Cacti,"Flat-padded cacti in the Opuntia genus, can produce edible fruit, very low-maintenance.","Opuntia ficus-indica (Indian fig opuntia), O. microdasys (Bunny ears), O. humifusa (Eastern prickly pear)","Water when soil is completely dry (every 3-4 weeks in summer, less in winter). Very drought tolerant. Full sun to bright indirect light preferred. Low humidity is fine. Fertilize 2-3 times per year during growing season with cactus fertilizer. Well-draining soil essential. Flat, pad-like stems. Can produce edible fruit. Repot every 3-5 years. Handle with extreme care - tiny glochids are very irritating. Remove dead or rotting sections promptly.",strongDirect,low,"[15, 30]",21.0,21.0,30.0,45.0,neutral,excellentDrainage,nonToxic,slow,
rat-tail-cactus,Rat Tail Cactus,Houseplants - Cacti,"Trailing cactus with long, thin stems covered in spines, produces bright pink or red flowers.","Aporocactus flagelliformis (Rat tail cactus), Disocactus flagelliformis","Water when soil is completely dry (every 2-3 weeks in summer, less in winter). More water-tolerant than some cacti. Bright indirect to direct light preferred. Medium humidity (40-50%) preferred. Fertilize monthly spring through fall with cactus fertilizer at half strength. Trailing growth habit - perfect for hanging baskets. Produces bright pink or red flowers. Repot every 2-3 years. Long, thin trailing stems. Remove any dead or damaged pads or segments with clean, sharp tools. Minimal pruning needed.",brightIndirect,medium,"[18, 27]",10.0,10.0,14.0,21.0,neutral,excellentDrainage,nonToxic,slow,
rhipsalis,Rhipsalis,Houseplants - Cacti,"Epiphytic jungle cacti with branching, often pendulous stems; spineless and ideal for hanging baskets.","Rhipsalis baccifera (Mistletoe cactus), R. cereuscula (Coral cactus), R. pilocarpa (Hairy-stemmed rhipsalis), R. ewaldiana, R. mesembryanthemoides","Water when top inch of soil is dry. Bright indirect light preferred; avoid direct sun. Medium humidity (40-50%). Fertilize monthly spring through fall with balanced fertilizer at half strength. Epiphytic—well-draining mix. Trailing habit suits hanging baskets. Repot every 2-3 years. Remove any dead or damaged pads or segments with clean, sharp tools. Minimal pruning needed.",brightIndirect,medium,"[18, 27]",7.0,7.0,10.0,14.0,neutral,wellDraining,nonToxic,slow,
saguaro,Saguaro Cactus,Houseplants - Cacti,"Also known as: Giant cactus. Iconic columnar cactus of the Sonoran Desert, growing up to 12m tall with arm-like branches. Extremely slow-growing; takes 10 years to reach 2.5cm.",Carnegiea gigantea (Saguaro cactus),"Water deeply but infrequently — every 2-4 weeks in summer, monthly or less in winter. Requires full sun and excellent drainage. Use cactus mix with extra perlite. Extremely slow grower; indoor specimens rarely exceed 30cm. Tolerates extreme heat but protect from frost below -5°C. Fertilize once in spring with dilute cactus fertilizer. Non-toxic to pets. Remove any dead or damaged pads or segments with clean, sharp tools. Minimal pruning needed.",outdoorFullSun,low,"[5, 45]",14.0,14.0,21.0,30.0,neutral,excellentDrainage,nonToxic,slow,
star-cactus,Star Cactus,Houseplants - Cacti,"Small, round cactus with star-shaped pattern, very slow-growing and rare.","Astrophytum asterias (Star cactus, Sand dollar cactus, Sea urchin cactus)","Water when soil is completely dry (every 3-4 weeks in summer, very little in winter). Very drought tolerant. Bright indirect to direct light preferred. Low humidity is fine. Fertilize sparingly (2-3 times per year) with cactus fertilizer at quarter strength. Well-draining soil essential. Very slow-growing. Star-shaped pattern on top. Produces yellow flowers. Repot every 3-5 years. Rare and protected in wild. Remove flower stems and any damaged or rotting leaves promptly.",strongDirect,low,"[15, 27]",21.0,21.0,30.0,45.0,neutral,excellentDrainage,nonToxic,slow,
thanksgiving-cactus,Thanksgiving Cactus,Houseplants - Cacti,"Also known as: Crab cactus. Forest cactus that blooms in late fall, similar to Christmas cactus but with pointed leaf segments.","Schlumbergera truncata (Thanksgiving cactus, Crab cactus)",Keep soil slightly moist spring through summer. Reduce watering in fall (September-October) to encourage blooms. Bright indirect light preferred. High humidity (50-60%) preferred. Fertilize monthly spring through fall with balanced fertilizer at half strength. Pointed leaf segments distinguish from Christmas cactus. Blooms in late fall (Thanksgiving time). Repot every 2-3 years. Remove flower stems and any damaged or rotting leaves promptly.,brightIndirect,high,"[18, 24]",7.0,7.0,10.0,14.0,neutral,excellentDrainage,nonToxic,moderate,
african-violets,African Violets,Houseplants - Flowering,"Compact flowering plants in the Gesneriaceae family with fuzzy leaves and colorful blooms, avoid getting water on leaves. Includes various cultivars with different flower colors, single, double, or ruffled flowers.","Saintpaulia ionantha (African violet), various cultivars with different flower colors, single, double, or ruffled flowers",Keep soil lightly moist. Always water from bottom or avoid wetting leaves - water on leaves causes permanent spots. Use room temperature water. Bright indirect light preferred; direct sun burns leaves. High humidity (50-60%) preferred. Fertilize every 2-3 weeks with African violet fertilizer to encourage continuous blooms. Repot annually in spring. Remove spent flowers. Crown rot is common - avoid overwatering. Remove dead and yellowish leaves and withered flowers,mediumIndirect,high,"[18, 24]",5.0,5.0,7.0,10.0,neutral,wellDraining,nonToxic,moderate,
anthurium-flamingo,Flamingo Flower,Houseplants - Flowering,"Classic tropical houseplant with glossy, heart-shaped spathes in red, pink, white, or coral that bloom year-round with proper care.","Anthurium andraeanum (Flamingo flower, Flamingo lily, Laceleaf), A. scherzerianum (Pigtail anthurium)","Water when top 2-3 cm of soil is dry; keep slightly moist but never soggy. Bright indirect light—direct sun bleaches spathes. High humidity (60%+) preferred; mist regularly or use a pebble tray. Well-draining, chunky aroid mix. Fertilize monthly spring through fall with quarter-strength phosphorus-rich fertilizer to promote flowering. Wipe leaves to remove dust. Toxic to pets (calcium oxalate crystals). Remove any rotting roots and damaged leaves promptly.",brightIndirect,high,"[18, 28]",5.0,5.0,7.0,10.0,acidic,wellDraining,toxic,moderate,
begonia-angel-wing,Angel Wing Begonia,Houseplants - Flowering,"Cane begonias with wing-shaped spotted leaves and pendent flower clusters in red, pink, or white.","Begonia coccinea, B. 'Lucerna'",Water when top inch of soil is dry. Bright indirect light preferred; some morning sun is fine. Medium humidity (40-50%). Fertilize monthly spring through fall with balanced fertilizer. Prune leggy stems to encourage bushiness. Toxic to pets. Repot every 1-2 years when roots fill container.,brightIndirect,medium,"[18, 27]",7.0,7.0,10.0,14.0,neutral,wellDraining,toxic,moderate,
begonia-ferox,Begonia Ferox,Houseplants - Flowering,"Dramatic rhizomatous begonia with dark, textured leaves covered in cone-shaped black spikes (bullae). One of the most unusual-looking houseplants available. Native to limestone caves in Vietnam.",Begonia ferox (Fierce begonia),"Water when top inch of soil is dry; avoid getting water on leaves. Bright indirect light — avoid direct sun. High humidity (60-70%) essential for best spike development. Extremely well-draining, chunite soil mix (perlite, bark, pumice). Fertilize monthly spring through fall with dilute balanced fertilizer. Grows naturally on limestone — benefits from slightly alkaline water or occasional crushed oyster shell in soil. Small white flowers appear in clusters. Cool to intermediate temperatures preferred — struggles above 27°C. Sensitive to root rot. Toxic to pets. Remove dead or damaged foliage promptly.",brightIndirect,high,"[15, 27]",5.0,5.0,7.0,10.0,acidic,excellentDrainage,toxic,moderate,
begonia-maculata,Polka Dot Begonia,Houseplants - Flowering,"Cane begonia with silver-spotted leaves, red undersides, and white flower clusters. The most commonly sold form is the 'Wightii' cultivar.","Begonia maculata (Polka dot begonia, Spotted begonia), B. maculata 'Wightii' (most common cultivar)",Water when top inch of soil is dry. Bright indirect light preferred; avoid direct sun. Medium humidity (40-50%). Fertilize monthly spring through fall with balanced fertilizer. Leaf spots fade in low light. Toxic to pets. Repot every 1-2 years when roots fill container. Remove dead or damaged foliage promptly.,brightIndirect,medium,"[18, 27]",7.0,7.0,10.0,14.0,neutral,wellDraining,toxic,moderate,
begonia-rex,Rex Begonia,Houseplants - Flowering,"Rhizomatous begonia grown for its spectacular, multicolored foliage in swirling patterns of silver, purple, pink, red, and green. One of the most ornamental houseplant species.","Begonia rex-cultorum (Rex begonia, Painted-leaf begonia, King begonia), 'Escargot' (spiral pattern), 'Iron Cross', 'Fireworks', 'Silver Dollar'","Keep soil evenly moist, never let dry completely. High humidity (60-70%) preferred — use pebble tray or humidifier. Bright indirect light maintains vibrant leaf colors; direct sun fades colors. Avoid wetting leaves which causes powdery mildew and spots. Water from bottom when possible. Fertilize monthly spring through fall with balanced fertilizer at half strength. Repot every 1-2 years. Ensure good air circulation. May go dormant in winter — reduce watering. Toxic to pets. Remove dead or damaged foliage promptly.",brightIndirect,high,"[16, 27]",7.0,7.0,10.0,14.0,acidic,wellDraining,toxic,moderate,
bromeliad-aechmea,Aechmea Bromeliads,Houseplants - Flowering,Also known as: Silver vase plant. Bromeliads with pink flower spikes and silver-banded leaves.,"Aechmea fasciata (Silver vase plant, Urn plant), A. 'Blue Rain'","Keep central cup (tank) filled with water at all times. Water soil when dry. Change cup water monthly to prevent stagnation and mosquito breeding. Bright indirect light preferred. High humidity (50-60%) preferred. Fertilize monthly spring through fall by adding diluted fertilizer to cup water. Flower spike lasts months. After flowering, plant produces offsets (pups) - parent plant dies but pups can be separated and repotted. In spring pruning and Remove dead or damaged foliage promptly.",brightIndirect,high,"[16, 24]",7.0,7.0,10.0,14.0,acidic,wellDraining,nonToxic,moderate,
bromeliad-guzmania,Guzmania Bromeliads,Houseplants - Flowering,"Colorful bromeliads with bright, long-lasting flower spikes.","Guzmania lingulata, G. 'Luna', G. 'Rana'","Keep central cup (tank) filled with water at all times. Water soil when dry. Change cup water monthly to prevent stagnation. Bright indirect light preferred. High humidity (50-60%) preferred. Fertilize monthly spring through fall by adding diluted fertilizer to cup water. Bright, long-lasting flower spikes. After flowering, plant produces offsets (pups) - parent dies but pups can be separated and repotted. Remove dead or damaged foliage promptly.",brightIndirect,high,"[16, 24]",7.0,7.0,10.0,14.0,acidic,wellDraining,nonToxic,moderate,
bromeliads,Bromeliads,Houseplants - Flowering,Tropical plants in the Bromeliaceae family with rosette growth and central cups (tanks) that hold water.,"Guzmania (Flaming sword), Tillandsia (some species), Aechmea (Urn plant), Neoregelia (Blushing bromeliad)","Keep central cup (tank) filled with water at all times. Water soil when dry. Change cup water monthly to prevent stagnation and mosquito breeding. Bright indirect light preferred. High humidity (50-60%) preferred. Fertilize monthly spring through fall by adding diluted fertilizer to cup water. After flowering, plant produces offsets (pups) - parent dies but pups can be separated. Most bloom once then produce pups. Deadhead spent blooms to encourage reblooming. Prune leggy growth after flowering season.",brightIndirect,high,"[16, 24]",7.0,7.0,10.0,14.0,acidic,wellDraining,nonToxic,moderate,
clivia,Clivia,Houseplants - Flowering,Shade-tolerant flowering plant with strap-like leaves and striking orange or yellow flower clusters.,"Clivia miniata (Bush lily), C. nobilis","Water when top inch of soil is dry. Needs a cool, dry rest period (6-8 weeks in fall) with minimal watering to trigger blooming. Bright indirect light preferred; tolerates low light. Keep slightly pot-bound to encourage flowering. Fertilize monthly spring through summer. Toxic to pets. Remove dead and yellowish leaves and withered flowers",brightIndirect,medium,"[15, 24]",7.0,7.0,10.0,14.0,neutral,wellDraining,toxic,moderate,
coffee-plant,Coffee Plant,Houseplants - Flowering,Glossy-leaved shrub that can produce white flowers and red coffee cherries indoors.,Coffea arabica (Arabian coffee),Water when top inch of soil is dry. Bright indirect light preferred. Medium humidity (40-50%). Fertilize monthly spring through fall with balanced fertilizer. Berries need several years to ripen. Acidic soil preferred. Toxic to pets. Repot every 1-2 years when roots fill container. Deadhead spent blooms to encourage reblooming. Prune leggy growth after flowering season.,brightIndirect,high,"[18, 27]",7.0,7.0,10.0,14.0,neutral,wellDraining,toxic,moderate,
crown-of-thorns,Crown of Thorns,Houseplants - Flowering,Thorny succulent shrub with colorful bracts that bloom year-round in bright light.,"Euphorbia milii (Crown of thorns, Christ plant)",Water when top inch of soil is dry. Bright indirect to direct light preferred. Medium humidity (40-50%). Fertilize monthly spring through fall with balanced fertilizer. Milky sap is irritating—handle with care. Toxic to pets. Repot every 1-2 years when roots fill container. Remove dead or damaged foliage promptly.,strongDirect,low,"[18, 27]",7.0,7.0,10.0,14.0,neutral,excellentDrainage,toxic,moderate,
cyclamen,Cyclamen,Houseplants - Flowering,Tuberous flowering plants in the Primulaceae family with heart-shaped leaves and upswept flowers.,"Cyclamen persicum (Florist's cyclamen), C. hederifolium (Hardy cyclamen), various colors","Keep soil consistently moist but not soggy. Water from bottom to avoid wetting leaves and crown. Cool temperatures (60-65°F) extend bloom time. Bright indirect light preferred. Medium humidity (50%) preferred. Fertilize every 2 weeks during flowering with balanced fertilizer at half strength. Goes dormant after flowering - reduce watering and allow foliage to die back. Repot when dormant. Upswept, colorful flowers. Toxic to pets. Remove dead or damaged foliage promptly.",brightIndirect,medium,"[15, 20]",3.0,,3.0,5.0,neutral,wellDraining,toxic,moderate,
gardenia,Gardenia,Houseplants - Flowering,"Also known as: Cape jasmine. Fragrant flowering shrubs in the Rubiaceae family with glossy leaves and white blooms, require high humidity.","Gardenia jasminoides (Cape jasmine, Common gardenia), G. 'August Beauty', G. 'Veitchii'",Keep soil consistently moist but well-drained (water when top inch is dry). Acidic soil essential (pH 5.0-6.5). Bright indirect light preferred; some direct morning sun is fine. High humidity (60%+) essential - use humidifier. Fertilize every 2-3 weeks spring through fall with acid-loving plant fertilizer. Very fragrant white flowers. Prune after flowering. Can be finicky - requires consistent care. Repot every 2-3 years. Mildly toxic to pets—may cause GI upset.,brightIndirect,high,"[18, 24]",3.0,3.0,5.0,7.0,acidic,wellDraining,mildlyToxic,moderate,
gerbera-daisy,Gerbera Daisy,Houseplants - Flowering,"Also known as: Transvaal Daisy, Barberton Daisy. Cheerful flowering perennial from South Africa with large, vibrant daisy-like blooms in many colors.","Gerbera jamesonii (Barberton daisy), G. 'Revolution' (compact series), G. 'Flori Line' (pot series), G. 'Garvinea' (garden series)","Bright indirect light or morning sun with afternoon shade. Water when top inch of soil dries — avoid wetting the crown to prevent rot. Well-draining, slightly acidic soil (pH 5.5-6.5). Keep at 15-21°C for best flowering; avoid temperatures above 29°C. Deadhead spent blooms to encourage continuous flowering. Non-toxic to pets.",brightIndirect,medium,"[6, 29]",5.0,4.0,7.0,10.0,acidic,wellDraining,nonToxic,moderate,
gloxinia,Gloxinia,Houseplants - Flowering,"Also known as: Florist's Gloxinia, Sinningia. Tuberous flowering plants in the Gesneriaceae family with velvety leaves and large, bell-shaped flowers.","Sinningia speciosa (Gloxinia, Florist's gloxinia), various colors and patterns","Keep soil consistently moist but not soggy. Water from bottom to avoid wetting leaves. Bright indirect light preferred; avoid direct sun. High humidity (60%+) preferred. Fertilize every 2 weeks during flowering with high-phosphorus fertilizer. Goes dormant after flowering - reduce watering and allow foliage to die back. Repot when dormant. Large, bell-shaped velvety flowers. Velvety leaves. Deadhead spent blooms to encourage reblooming. Prune leggy growth after flowering season.",brightIndirect,high,"[18, 24]",3.0,5.0,,,neutral,wellDraining,nonToxic,moderate,
goldfish-plant,Goldfish Plant,Houseplants - Flowering,"Trailing gesneriad with waxy, tubular flowers resembling goldfish in orange, red, or yellow; ideal for hanging baskets.","Columnea gloriosa (Goldfish plant, Column flower), Nematanthus gregarius (Goldfish plant), Columnea microphylla","Water when top inch of soil is dry. Bright indirect light preferred; avoid direct sun. Medium humidity (40-50%). Fertilize monthly spring through fall with balanced fertilizer at half strength. Cooler, drier winter rest encourages spring blooming. Prune after flowering to maintain shape. Non-toxic to pets. Repot every 1-2 years when roots fill container.",brightIndirect,high,"[18, 27]",7.0,7.0,10.0,14.0,neutral,wellDraining,nonToxic,moderate,
hibiscus-tropical,Tropical Hibiscus,Houseplants - Flowering,"Also known as: Chinese hibiscus. Showy shrub with large, colorful trumpet flowers that last one day but bloom repeatedly.",Hibiscus rosa-sinensis (Chinese hibiscus),Water when top inch of soil is dry. Bright indirect to direct light preferred. Medium humidity (40-50%). Fertilize weekly spring through fall with bloom fertilizer. Bud drop from stress or pests. Non-toxic to pets. Repot every 1-2 years when roots fill container. Remove dead or damaged foliage promptly.,strongDirect,high,"[18, 27]",7.0,7.0,10.0,14.0,neutral,wellDraining,nonToxic,moderate,
hoya-carnosa,Hoya Carnosa,Houseplants - Flowering,"Also known as: Wax plant. Classic wax plant with thick, waxy leaves and fragrant star-shaped flowers.","Hoya carnosa (Wax plant, Porcelain flower), H. carnosa 'Krimson Princess', H. carnosa 'Compacta'",Water when most of pot is dry (every 1-2 weeks). More drought tolerant than many houseplants. Bright indirect light preferred; some direct morning sun encourages flowering. Medium humidity (40-50%) is fine. Fertilize monthly spring through fall with balanced fertilizer at half strength. Don't remove spent flower stems (peduncles) - they rebloom. Repot every 2-3 years. Fragrant star-shaped flowers. Can trail or climb. Remove dead or damaged foliage promptly.,brightIndirect,medium,"[16, 27]",10.0,10.0,14.0,21.0,adaptable,wellDraining,nonToxic,fast,
hoya-kerrii,Hoya Kerrii,Houseplants - Flowering,"Heart-shaped hoya often sold as single leaves, slow-growing but charming.","Hoya kerrii (Sweetheart hoya, Valentine hoya)","Water when most of pot is dry (every 1-2 weeks). Bright indirect light preferred. Medium humidity (40-50%) is fine. Fertilize monthly spring through fall with balanced fertilizer at half strength. Very slow-growing - single leaves may never grow into full plant. If you have a stem cutting (not just leaf), it will grow. Repot every 2-3 years. Charming heart-shaped leaves. Remove dead or damaged foliage promptly.",brightIndirect,medium,"[16, 27]",10.0,10.0,14.0,21.0,adaptable,wellDraining,nonToxic,fast,
hoyas,Hoyas,Houseplants - Flowering,"Epiphytic vines in the Apocynaceae family with waxy leaves and fragrant star-shaped flowers, also called wax plants.","Hoya carnosa (Wax plant, Porcelain flower), H. pubicalyx, H. kerrii (Sweetheart hoya, Valentine hoya)",Water when most of pot is dry (every 1-2 weeks). More drought tolerant than many houseplants. Reduce watering in winter when growth slows. Bright indirect light preferred; some direct morning sun encourages flowering. Medium humidity (40-50%) is fine. Fertilize monthly spring through fall with balanced fertilizer at half strength. Don't remove spent flower stems - they rebloom. Repot every 2-3 years. Fragrant star-shaped flowers. Can trail or climb. Remove dead or damaged foliage promptly.,brightIndirect,medium,"[16, 27]",10.0,10.0,14.0,21.0,adaptable,wellDraining,nonToxic,fast,
ixora,Ixora,Houseplants - Flowering,"Also known as: Flame of the woods. Tropical shrub producing dense clusters of tiny star-shaped flowers in vibrant red, orange, yellow, or pink.","Ixora coccinea (Jungle geranium, Flame of the woods), I. chinensis, I. 'Nora Grant', I. 'Maui Yellow'",Keep soil evenly moist during growing season; reduce in winter. Bright direct to indirect light for best flowering. Medium humidity preferred. Acidic soil essential (pH 5.0-6.0)—iron chlorosis (yellow leaves) in alkaline soil. Fertilize monthly spring through fall with acid-forming fertilizer. Prune after flowering to maintain shape.,brightIndirect,medium,"[15, 35]",5.0,3.0,7.0,10.0,acidic,wellDraining,nonToxic,moderate,
jasmine,Jasmine,Houseplants - Flowering,"Also known as: Pink jasmine. Fragrant flowering vines in the Oleaceae family, popular for their sweet-smelling blooms.","Jasminum polyanthum (Pink jasmine), J. sambac (Arabian jasmine), J. officinale (Common jasmine)",Keep soil consistently moist (water when top inch is dry). Bright indirect to direct light preferred - more light encourages flowering. High humidity (60%+) preferred. Fertilize every 2 weeks spring through fall with high-phosphorus fertilizer to encourage flowering. Provide support for climbing. Prune after flowering. Very fragrant flowers. Can be grown as houseplant or outdoor in warm climates. Repot every 1-2 years.,brightIndirect,high,"[18, 27]",3.0,3.0,5.0,7.0,neutral,wellDraining,nonToxic,moderate,
kalanchoe,Kalanchoe,Houseplants - Flowering,"Also known as: Flaming Katy, Florist Kalanchoe. Colorful succulent houseplants with clusters of long-lasting blooms in red, pink, orange, yellow, and white. The most popular species is K. blossfeldiana.","Kalanchoe blossfeldiana (Flaming Katy), K. tomentosa (Panda plant), K. daigremontiana (Mother of thousands), K. pinnata (Cathedral bells)",Water when soil is completely dry — very drought tolerant. Bright indirect to direct light. Low humidity preferred. Well-draining succulent mix. Fertilize monthly during growing season. K. blossfeldiana needs short days (14+ hours darkness) for 6 weeks to rebloom. Deadhead spent flowers. Toxic to pets — contains cardiac glycosides.,brightIndirect,low,"[16, 24]",10.0,10.0,14.0,21.0,neutral,excellentDrainage,toxic,moderate,
lipstick-plant,Lipstick Plant,Houseplants - Flowering,Also known as: Lipstick vine. Trailing gesneriad with tubular red flowers emerging from dark calyxes like lipstick.,Aeschynanthus radicans (Lipstick vine),Water when top inch of soil is dry. Bright indirect light preferred; some morning sun encourages blooms. Medium humidity (40-50%). Fertilize monthly spring through fall with balanced fertilizer at half strength. Trailing habit suits hanging baskets. Non-toxic to pets. Repot every 1-2 years when roots fill container. Remove dead or damaged foliage promptly.；remove peduncle after flowering,brightIndirect,high,"[18, 27]",7.0,7.0,10.0,14.0,neutral,wellDraining,nonToxic,fast,
mandevilla,Mandevilla,Houseplants - Flowering,"Vining plant with trumpet flowers in pink, red, or white; blooms from spring through fall.",Mandevilla sanderi (Rock trumpet),Water when top inch of soil is dry. Bright indirect to direct light preferred. Medium humidity (40-50%). Fertilize weekly spring through fall with bloom fertilizer. Provide trellis or support for climbing. Toxic to pets. Repot every 1-2 years when roots fill container. Remove dead or damaged foliage promptly.,strongDirect,high,"[18, 27]",7.0,7.0,10.0,14.0,neutral,wellDraining,toxic,moderate,
medinilla,Medinilla,Houseplants - Flowering,"Also known as: Rose Grape. Dramatic tropical houseplant with large, leathery leaves and cascading clusters of pink flowers that can last for months.","Medinilla magnifica (Rose grape, Philippine orchid, Showy medinilla)","Water when top 2-3 cm of soil is dry; reduce watering in winter. Bright indirect light—avoid direct sun which scorches leaves. High humidity (60%+) essential; mist daily or use a humidifier. Use well-draining, slightly acidic potting mix. Fertilize every 2 weeks spring through summer with half-strength balanced fertilizer. Needs a cool dry rest period (16-18°C) in winter to trigger reblooming. Non-toxic to pets. Remove dead or damaged foliage promptly.",brightIndirect,high,"[18, 27]",5.0,5.0,7.0,10.0,acidic,wellDraining,nonToxic,moderate,
peace-lilies,Peace Lilies,Houseplants - Flowering,"Aroids with white spathes and dark green foliage, excellent air purifiers, droop dramatically when thirsty as a watering indicator. Includes various cultivars ranging from compact to large.","Spathiphyllum wallisii (Peace lily), S. wallisii 'Domino', S. 'Sensation', S. floribundum, S. 'Mauna Loa'","Keep soil consistently moist but not soggy, water when leaves droop slightly. Fertilize every 6-8 weeks during growing season. Remove spent flowers to encourage new blooms. Repot when roots fill container, typically every 1-2 years. Toxic to humans and pets if ingested; causes mouth irritation. Toxic to pets. Remove any rotting roots and damaged leaves promptly.",mediumIndirect,high,"[18, 27]",4.0,4.0,7.0,10.0,adaptable,moistureRetentive,toxic,moderate,
phalaenopsis-orchids,Phalaenopsis Orchids,Houseplants - Flowering,"Also known as: Moth orchid. Moth orchids, most common and beginner-friendly orchid genus in the Orchidaceae family with long-lasting blooms. Available in various colors.","Phalaenopsis (Moth orchid, Phal), various hybrid cultivars in many colors","Soak roots weekly for 15-20 minutes, then allow to dry between waterings. Never let sit in water. Avoid getting water in crown (center) which causes fatal crown rot. Use well-draining orchid bark mix, never regular potting soil. Bright indirect light preferred; direct sun burns leaves. High humidity (50-70%) preferred. Fertilize weekly spring through fall with orchid fertilizer at quarter strength. Repot every 1-2 years when bark breaks down. Blooms last 2-3 months. Most beginner-friendly orchid. Deadhead spent blooms to encourage reblooming. Prune leggy growth after flowering season.",brightIndirect,high,"[18, 27]",7.0,7.0,10.0,14.0,acidic,wellDraining,nonToxic,moderate,
stephanotis,Stephanotis,Houseplants - Flowering,"Also known as: Madagascar jasmine, Wax flower. Twining vine with waxy, tubular white flowers of exquisite fragrance, traditionally used in wedding bouquets.","Stephanotis floribunda (Madagascar jasmine, Bridal wreath, Wax flower)",Keep soil evenly moist spring through fall; reduce in winter but don't let it dry out completely. Bright indirect light—some morning sun beneficial. High humidity (50-60%+) preferred. Well-draining potting mix. Fertilize every 2 weeks spring through summer with half-strength balanced fertilizer. Provide a trellis or hoop for climbing. Avoid moving once buds form—bud drop is common from changes in position or light. Cool winter rest (13-16°C) promotes flowering. Mildly toxic to pets. Remove dead or damaged foliage promptly.,brightIndirect,high,"[15, 27]",5.0,5.0,7.0,14.0,neutral,wellDraining,mildlyToxic,moderate,
streptocarpus,Cape Primrose,Houseplants - Flowering,"Gesneriad with strappy leaves and trumpet flowers in blue, purple, pink, or white.",Streptocarpus spp. (Cape primrose),Water when top inch of soil is dry. Bright indirect light preferred; avoid direct sun. Medium humidity (40-50%). Fertilize monthly spring through fall with balanced fertilizer at half strength. Long blooming season. Non-toxic to pets. Repot every 1-2 years when roots fill container. Remove dead or damaged foliage promptly.,brightIndirect,medium,"[18, 27]",7.0,7.0,10.0,14.0,neutral,wellDraining,nonToxic,moderate,
tuberous-begonias,Tuberous Begonias,Houseplants - Flowering,"Flowering begonias grown from tubers, often with large showy blooms in various colors.","Begonia × tuberhybrida (Tuberous begonia), various hybrid cultivars",Keep soil evenly moist during active growth (spring through fall). Reduce watering significantly during dormancy period (winter) when leaves die back. Bright indirect light preferred; avoid direct hot sun. High humidity (50-60%) preferred. Fertilize every 2 weeks during active growth with high-phosphorus fertilizer to encourage blooms. Store tubers dry in winter. Repot tubers in spring. Large showy blooms in various colors. Toxic to pets. Deadhead spent blooms to encourage reblooming. Prune leggy growth after flowering season.,mediumIndirect,high,"[18, 24]",5.0,5.0,7.0,10.0,acidic,moistureRetentive,toxic,moderate,
zebra-plant-aphelandra,Zebra Plant,Houseplants - Flowering,Tropical plant with bold white-veined leaves and showy yellow bract flowers; requires consistent moisture and high humidity.,"Aphelandra squarrosa (Zebra plant, Saffron spike zebra)",Keep soil consistently moist but not soggy. Bright indirect light essential. High humidity (60-70%) required—use pebble tray or humidifier. Fertilize monthly spring through fall. Prone to leaf drop if care is inconsistent. Non-toxic to pets. Remove dead or damaged foliage promptly.,brightIndirect,high,"[18, 27]",7.0,7.0,10.0,14.0,neutral,wellDraining,nonToxic,moderate,
calathea-freddie,Calathea Freddie,Houseplants - Prayer Plants,Compact prayer plant with light green leaves featuring bold dark green striping along the veins; folds leaves upward at night.,Goeppertia concinna (syn. Calathea concinna 'Freddie'),Keep soil evenly moist but never soggy; use filtered or distilled water as sensitive to minerals and chlorine. Low to bright indirect light—no direct sun which scorches leaves. High humidity essential (60%+); use humidifier or pebble tray. Fertilize monthly spring through fall at quarter strength. Sensitive to drafts and temperature changes. Non-toxic to pets. Remove yellowing or dead leaves promptly.,lowIndirect,high,"[16, 27]",5.0,5.0,7.0,10.0,acidic,wellDraining,nonToxic,moderate,
calathea-makoyana,Calathea Makoyana,Houseplants - Prayer Plants,"Also known as: Peacock plant, Cathedral windows. Prayer plant with oval leaves featuring peacock-like patterns, leaves fold up at night.","Goeppertia makoyana (Peacock plant, Cathedral windows), Calathea makoyana",Keep soil consistently moist but not soggy. High humidity (60%+) essential - use humidifier or pebble tray. Bright indirect light preferred; avoid direct sun. Use distilled or filtered water to prevent leaf browning. Fertilize monthly spring through fall with balanced fertilizer at half strength. Leaves fold up at night (prayer plant behavior). Repot every 1-2 years. Peacock-like pattern on leaves. Non-toxic to pets. Remove yellowing or dead leaves promptly.,brightIndirect,high,"[18, 27]",3.0,3.0,5.0,7.0,neutral,moistureRetentive,nonToxic,moderate,
calathea-medallion,Calathea Medallion,Houseplants - Prayer Plants,"Popular prayer plant with dark green leaves and purple undersides, requires high humidity, leaves fold up at night.","Goeppertia roseopicta 'Medallion' (Calathea medallion), G. roseopicta 'Dottie' (darker variety), G. roseopicta 'Rosy'","Keep soil evenly moist, never let dry. High humidity (60-70%) essential - use humidifier or pebble tray. Use only distilled or filtered water to prevent leaf browning from minerals. Bright indirect light preferred; direct sun burns leaves. Fertilize monthly spring through fall with balanced fertilizer at half strength. Leaves fold up at night (nyctinasty). Repot every 1-2 years. Wipe leaves monthly. Sensitive to tap water and low humidity. Non-toxic to pets. Remove yellowing or dead leaves promptly.",mediumIndirect,veryHigh,"[18, 24]",4.0,4.0,7.0,10.0,neutral,moistureRetentive,nonToxic,moderate,
calathea-musaica,Calathea Musaica,Houseplants - Prayer Plants,"Stunning prayer plant with an intricate mosaic-like network pattern on its leaves that resembles stained glass or circuit boards, one of the most visually complex leaf patterns in nature.","Goeppertia kegeljanii (syn. Calathea musaica, Network calathea)","Keep soil consistently moist but not waterlogged; very sensitive to drying out. Bright indirect light—no direct sun. High humidity (60%+) essential; leaf edges brown quickly in dry air. Use filtered or distilled water—sensitive to fluoride and chlorine in tap water. Well-draining, peat-based mix. Fertilize monthly spring through fall at quarter strength. Leaves fold up at night (nyctinasty). Non-toxic to pets. Remove yellowing or dead leaves promptly.",brightIndirect,high,"[18, 27]",3.0,3.0,5.0,7.0,acidic,wellDraining,nonToxic,moderate,
calathea-orbifolia,Calathea Orbifolia,Houseplants - Prayer Plants,"Also known as: Round-leaved calathea. Large prayer plant with silver-striped round leaves, requires high humidity, leaves fold up at night (nyctinasty).","Goeppertia orbifolia (Calathea orbifolia, Round-leaved calathea)","Keep soil evenly moist, never let dry. High humidity (60-70%) essential - use humidifier. Use only distilled or filtered water to prevent leaf browning. Bright indirect light preferred; direct sun fades silver stripes. Fertilize monthly spring through fall with balanced fertilizer at half strength. Leaves fold up at night (nyctinasty). Repot every 1-2 years. One of the larger calathea varieties. Wipe large leaves monthly. Non-toxic to pets. Remove yellowing or dead leaves promptly.",mediumIndirect,veryHigh,"[18, 24]",4.0,4.0,7.0,10.0,neutral,moistureRetentive,nonToxic,moderate,
calathea-ornata,Pin-stripe Calathea,Houseplants - Prayer Plants,"Also known as: Pin-stripe plant. Elegant prayer plant with dark green, glossy leaves adorned with thin pink or white pinstripes that fade to cream with age.","Goeppertia ornata (Pin-stripe calathea), G. ornata 'Sanderiana' (Broad-stripe calathea)","Keep soil evenly moist; water when the top inch feels slightly dry. Medium indirect light is ideal — avoid direct sun, which scorches the delicate leaves. Maintain humidity above 60%; mist regularly or use a humidifier. Use filtered, distilled, or rainwater to prevent brown leaf edges from mineral sensitivity. Fertilize monthly during the growing season with a diluted balanced liquid fertilizer. Non-toxic to pets. Trim brown leaf edges with clean scissors. Remove yellowing leaves at the stem. Prune leggy stems to encourage fullness.",mediumIndirect,veryHigh,"[18, 27]",5.0,4.0,7.0,10.0,acidic,moistureRetentive,nonToxic,moderate,
calathea-rattlesnake,Calathea Rattlesnake,Houseplants - Prayer Plants,"Prayer plant with wavy, patterned leaves resembling a rattlesnake's tail.","Goeppertia lancifolia (Calathea rattlesnake, syn. Calathea lancifolia)","Keep soil evenly moist, never let dry. High humidity (60-70%) essential - use humidifier. Use distilled or filtered water to prevent leaf browning. Bright indirect light preferred. Fertilize monthly spring through fall with balanced fertilizer at half strength. Wavy, patterned leaves resembling rattlesnake's tail. Repot every 1-2 years. Wipe leaves monthly. Sensitive to tap water and low humidity. Non-toxic to pets. Remove yellowing or dead leaves promptly.",mediumIndirect,veryHigh,"[18, 24]",4.0,4.0,7.0,10.0,neutral,moistureRetentive,nonToxic,moderate,
calathea-roseopicta,Calathea Roseopicta,Houseplants - Prayer Plants,"Also known as: Rose painted calathea. Prayer plant with oval leaves featuring a bold pink or cream border on dark green, with purple undersides. Multiple popular cultivars.","Goeppertia roseopicta (Rose painted calathea), G. roseopicta 'Medallion', G. roseopicta 'Dottie' (nearly black leaves with pink outline), G. roseopicta 'Rosy' (pink center)",Water when top inch of soil is slightly dry; keep consistently moist. Use filtered water. Medium indirect light preferred. High humidity (60%+) essential — brown leaf edges indicate low humidity. Non-toxic to pets. Remove yellowing or dead leaves promptly.,mediumIndirect,high,"[18, 27]",4.0,4.0,7.0,10.0,acidic,moistureRetentive,nonToxic,moderate,
calathea-vittata,Calathea Vittata,Houseplants - Prayer Plants,"Prayer plant with delicate white pinstripes on bright green, elliptical leaves. More compact than Calathea ornata with finer, more numerous stripes.","Goeppertia elliptica 'Vittata' (syn. Calathea vittata, White-striped calathea)",Water when top inch of soil is slightly dry; keep consistently moist but not soggy. Use filtered water — sensitive to fluoride and chlorine. Medium indirect light; direct sun scorches leaves. High humidity (60%+) essential. Non-toxic to pets. Remove yellowing or dead leaves promptly.,mediumIndirect,high,"[18, 27]",4.0,4.0,7.0,10.0,acidic,moistureRetentive,nonToxic,moderate,
calathea-white-fusion,Calathea White Fusion,Houseplants - Prayer Plants,"Prayer plant with variegated leaves in white, green, and lavender; leaves fold up at night.",Goeppertia lietzei 'White Fusion' (syn. Calathea lietzei 'White Fusion'),"Keep soil evenly moist, never let dry. Bright indirect light preferred; avoid direct sun. High humidity (60%+) essential—variegation reverts in low humidity. Use distilled or filtered water to prevent leaf browning. Fertilize monthly spring through fall with balanced fertilizer at half strength. Repot every 1-2 years when roots fill container. Non-toxic to pets. Remove yellowing or dead leaves promptly.",brightIndirect,veryHigh,"[18, 27]",7.0,7.0,10.0,14.0,neutral,moistureRetentive,nonToxic,moderate,
calathea-white-star,Calathea White Star,Houseplants - Prayer Plants,Prayer plant with bold white stripes on dark green leaves; leaves fold up at night.,"Goeppertia majestica 'Whitestar' (syn. Calathea 'White Star', Calathea majestica 'Whitestar')","Keep soil evenly moist, never let dry. Bright indirect light preferred; avoid direct sun. High humidity (60%+) preferred. Use distilled or filtered water to prevent leaf browning. Fertilize monthly spring through fall with balanced fertilizer at half strength. Repot every 1-2 years when roots fill container. Non-toxic to pets. Remove yellowing or dead leaves promptly.",brightIndirect,veryHigh,"[18, 27]",7.0,7.0,10.0,14.0,neutral,moistureRetentive,nonToxic,moderate,
calathea-zebrina,Zebra Calathea,Houseplants - Prayer Plants,Prayer plant with velvety stripes alternating dark and light green; leaves fold up at night.,Goeppertia zebrina (syn. Calathea zebrina; Zebra plant),"Keep soil evenly moist, never let dry. Bright indirect light preferred; avoid direct sun. Medium to high humidity (50-60%). Use distilled or filtered water to prevent leaf browning. Fertilize monthly spring through fall with balanced fertilizer at half strength. Leaves fold at night. Repot every 1-2 years when roots fill container. Non-toxic to pets. Remove yellowing or dead leaves promptly.",brightIndirect,high,"[18, 27]",7.0,7.0,10.0,14.0,neutral,moistureRetentive,nonToxic,moderate,
ctenanthe,Ctenanthe,Houseplants - Prayer Plants,"Also known as: Fishbone prayer plant. Prayer plants in the Marantaceae family with patterned leaves that fold up at night, more tolerant than some prayer plants.","Ctenanthe burle-marxii (Fishbone prayer plant), C. burle-marxii 'Amagris' (Golden Mosaic), C. setosa (Grey Star), C. oppenheimiana (Never-never plant), C. lubbersiana",Keep soil consistently moist but not soggy. High humidity (60%+) preferred - more tolerant than some prayer plants. Bright indirect light preferred; avoid direct sun. Use distilled or filtered water to prevent leaf browning. Fertilize monthly spring through fall with balanced fertilizer at half strength. Leaves fold up at night (prayer plant behavior). Patterned leaves. Repot every 1-2 years. Trim brown leaf edges with clean scissors. Remove yellowing leaves at the stem. Prune leggy stems to encourage fullness.,brightIndirect,high,"[18, 27]",3.0,3.0,5.0,7.0,neutral,moistureRetentive,nonToxic,moderate,
maranta-prayer-plant,Maranta Prayer Plant,Houseplants - Prayer Plants,Also known as: Maranta Leuconeura. Classic prayer plant with red-veined leaves that fold up at night.,"Maranta leuconeura (Prayer plant), M. leuconeura var. erythroneura (Red prayer plant), M. leuconeura var. kerchoveana (Rabbit tracks)","Keep soil evenly moist, never let dry. High humidity (60-70%) preferred - use humidifier or pebble tray. Use distilled or filtered water to prevent leaf browning. Bright indirect light preferred; direct sun burns leaves. Fertilize monthly spring through fall with balanced fertilizer at half strength. Red-veined leaves fold up at night (nyctinasty). Repot every 1-2 years. Wipe leaves monthly. Remove yellowing or dead leaves promptly.",mediumIndirect,veryHigh,"[18, 24]",4.0,4.0,7.0,10.0,neutral,moistureRetentive,nonToxic,moderate,
prayer-plants,Prayer Plants,Houseplants - Prayer Plants,"Plants in Marantaceae family with leaves that fold up at night (nyctinasty), require high humidity.","Calathea (Goeppertia), Maranta leuconeura (Prayer plant), Stromanthe sanguinea","Keep soil evenly moist, never let dry. High humidity (60-70%) essential - use humidifier. Use only distilled or filtered water to prevent leaf browning from minerals. Bright indirect light preferred; direct sun burns leaves. Fertilize monthly spring through fall with balanced fertilizer at half strength. Leaves fold up at night (nyctinasty). Repot every 1-2 years. Wipe leaves monthly. Sensitive to tap water, low humidity, and drafts. Remove yellowing or dead leaves promptly.",mediumIndirect,veryHigh,"[18, 24]",4.0,4.0,7.0,10.0,neutral,moistureRetentive,nonToxic,moderate,
stromanthe,Stromanthe,Houseplants - Prayer Plants,"Prayer plants in the Marantaceae family with colorful, patterned leaves that fold up at night.","Stromanthe sanguinea 'Triostar' (Tricolor stromanthe), S. sanguinea 'Magic Star' (spotted form), S. thalia","Keep soil consistently moist but not soggy. High humidity (60%+) essential - use humidifier or pebble tray. Bright indirect light preferred; avoid direct sun. Use distilled or filtered water to prevent leaf browning. Fertilize monthly spring through fall with balanced fertilizer at half strength. Leaves fold up at night (prayer plant behavior). Colorful, patterned leaves. Repot every 1-2 years. Remove yellowing or dead leaves promptly.",brightIndirect,high,"[18, 27]",3.0,3.0,5.0,7.0,neutral,moistureRetentive,nonToxic,moderate,
cissus-discolor,Rex Begonia Vine,Houseplants - Vines & Trailing,"Tropical climbing vine with stunning elongated leaves featuring silver, green, and purple coloring with deep red-purple undersides, not a true begonia despite the common name.","Cissus discolor (Rex begonia vine, Tapestry vine)","Keep soil evenly moist but not soggy; sensitive to both drought and overwatering. Bright indirect light—direct sun fades the stunning leaf colors. High humidity (60%+) essential—drops leaves rapidly in dry air. Well-draining potting mix. Fertilize monthly spring through fall at half strength. Provide a trellis or moss pole. May go semi-dormant in winter, losing some leaves—reduce watering. Non-toxic to pets. Remove flower stems and any damaged or rotting leaves promptly.",brightIndirect,high,"[18, 28]",5.0,5.0,7.0,10.0,neutral,wellDraining,nonToxic,fast,
dischidia,Dischidia,Houseplants - Vines & Trailing,"Also known as: String of nickels. Epiphytic succulents related to Hoya, with coin-shaped or heart-shaped leaves; trailing or climbing habit.","Dischidia nummularia (String of nickels), D. ruscifolia",Water when top inch of soil is dry. Bright indirect light preferred. Medium humidity (40-50%). Fertilize monthly spring through fall with balanced fertilizer at half strength. Epiphytic—well-draining mix. Trailing habit suits hanging baskets. Repot every 1-2 years when roots fill container. Remove dead or damaged foliage promptly.,brightIndirect,medium,"[18, 27]",7.0,7.0,10.0,14.0,neutral,wellDraining,nonToxic,fast,
english-ivy,English Ivy,Houseplants - Vines & Trailing,"Classic trailing vine with lobed leaves, can be grown indoors or outdoors.","Hedera helix (English ivy, Common ivy), H. helix 'Glacier', H. helix 'Needlepoint'",Keep soil slightly moist. Cooler temperatures (60-70°F) preferred. Bright indirect light preferred. Medium humidity (40-50%) preferred. Fertilize monthly spring through fall with balanced fertilizer at half strength. Prone to spider mites - mist regularly and inspect leaves. Prune to control length. Repot every 1-2 years. Can be grown indoors or outdoors. Toxic to pets.,brightIndirect,high,"[10, 27]",5.0,5.0,7.0,10.0,adaptable,wellDraining,toxic,moderate,
grape-ivy,Grape Ivy,Houseplants - Vines & Trailing,"Also known as: Venezuela Treebine. Trailing vine with glossy, grape-like trifoliate leaves. Excellent low-maintenance houseplant that tolerates lower light conditions and adapts well to indoor environments. Can trail from hanging baskets or climb a moss pole.","Cissus rhombifolia (Grape ivy, Oak leaf ivy), C. alata",Water when top inch of soil is dry. Allow to dry between waterings. Bright indirect light preferred. Medium humidity (40-50%) is fine. Fertilize monthly spring through fall with balanced fertilizer at half strength. Prune to control length. Repot every 1-2 years. Easy-care houseplant. Grape-like leaves. Can trail or climb with support.,brightIndirect,medium,"[18, 27]",7.0,7.0,10.0,14.0,neutral,wellDraining,nonToxic,fast,
hoya-australis,Hoya Australis,Houseplants - Vines & Trailing,"Vining Hoya with waxy, oval leaves and fragrant white flowers with red centers.",Hoya australis,Water when top inch of soil is dry. Bright indirect light preferred. Medium humidity (40-50%). Fertilize monthly spring through fall with balanced fertilizer at half strength. Allow soil to dry between waterings. Repot every 2-3 years when roots fill container. Remove dead or damaged foliage promptly.,brightIndirect,medium,"[18, 27]",7.0,7.0,10.0,14.0,neutral,wellDraining,nonToxic,fast,
hoya-bella,Hoya Bella,Houseplants - Vines & Trailing,"Compact, trailing hoya with small, pointed leaves and clusters of star-shaped, fragrant white flowers with pink or purple centers. One of the most popular hoyas for hanging baskets.","Hoya lanceolata subsp. bella (Hoya bella, Miniature wax plant, Beautiful hoya)",Water when top inch of soil is dry. Bright indirect light encourages blooming. Do not remove spent flower stalks (peduncles) — new flowers emerge from the same spurs. Average to high humidity preferred. Fertilize monthly spring through summer. Mildly toxic. Remove dead or damaged foliage promptly.,brightIndirect,medium,"[18, 27]",7.0,7.0,10.0,14.0,neutral,wellDraining,mildlyToxic,fast,
hoya-callistophylla,Hoya Callistophylla,Houseplants - Vines & Trailing,"Distinctive Hoya species with long, pointed leaves featuring prominent dark veining on a light green background, giving a stained-glass appearance. A highly sought-after collector Hoya.",Hoya callistophylla,Allow soil to dry between waterings. Bright indirect light for best leaf coloring; tolerates medium light. Do not remove flower peduncles as they rebloom from the same stalk. Well-draining aroid or orchid mix with bark and perlite. Fertilize monthly spring through fall. Slow to moderate grower. Leaves develop best venation pattern with good light. Non-toxic to pets. Remove dead or damaged foliage promptly.,brightIndirect,medium,"[15, 29]",10.0,7.0,14.0,21.0,neutral,excellentDrainage,nonToxic,fast,
hoya-compacta,Hoya Compacta,Houseplants - Vines & Trailing,"Hoya carnosa cultivar with twisted, curled leaves creating a rope-like appearance; Hindu rope.",Hoya carnosa 'Compacta',Water when top inch of soil is dry. Bright indirect light preferred. Medium humidity (40-50%). Fertilize monthly spring through fall with balanced fertilizer at half strength. Slow-growing. Waxy pink flowers when mature. Repot every 2-3 years when roots fill container. Remove dead or damaged foliage promptly.,brightIndirect,medium,"[18, 27]",7.0,7.0,10.0,14.0,neutral,wellDraining,nonToxic,fast,
hoya-cumingiana,Hoya Cumingiana,Houseplants - Vines & Trailing,"Compact Hoya species with small, thick oval leaves and fragrant yellow star-shaped flower clusters. One of the easier Hoyas to bring into bloom.",Hoya cumingiana,"Allow soil to dry out between waterings — water thoroughly when dry. Bright indirect light encourages blooming; tolerates medium light. Do not remove spent flower stalks as new blooms emerge from the same peduncle. Well-draining mix essential — orchid bark, perlite, and peat. Fertilize monthly spring through fall with balanced fertilizer. Non-toxic to pets. Remove dead or damaged foliage promptly.",brightIndirect,medium,"[15, 29]",10.0,7.0,14.0,21.0,neutral,excellentDrainage,nonToxic,fast,
hoya-curtisii,Hoya Curtisii,Houseplants - Vines & Trailing,"Trailing Hoya with small, silver-mottled leaves; ideal for hanging baskets.",Hoya curtisii,Water when top inch of soil is dry. Bright indirect light preferred. Medium humidity (40-50%). Fertilize monthly spring through fall with balanced fertilizer at half strength. Compact growth. Repot every 2-3 years when roots fill container. Remove dead or damaged foliage promptly.,brightIndirect,medium,"[18, 27]",7.0,7.0,10.0,14.0,neutral,wellDraining,nonToxic,fast,
hoya-krimson-queen,Hoya Krimson Queen,Houseplants - Vines & Trailing,"Also known as: Variegated wax plant. Popular variegated Hoya carnosa cultivar with creamy white to pink margins on waxy, semi-succulent leaves.","Hoya carnosa 'Krimson Queen' (Tricolor hoya, Variegated wax plant)","Allow soil to dry out between waterings; water thoroughly when the top 2-3 cm feel dry. Bright indirect light is essential to maintain variegation — some morning sun encourages pink tones on new growth. Use a well-draining, chunky mix with orchid bark and perlite. Maintain 40-60% humidity; tolerates average home humidity. Fertilize monthly in spring and summer with balanced fertilizer at half strength. Do not remove spent flower peduncles, as they rebloom from the same spurs. Non-toxic to pets. Remove dead or damaged foliage promptly.",brightIndirect,medium,"[16, 27]",7.0,7.0,10.0,14.0,neutral,wellDraining,nonToxic,fast,
hoya-linearis,Hoya Linearis,Houseplants - Vines & Trailing,"Trailing Hoya with long, narrow, fuzzy leaves; pendulous habit suits hanging baskets.",Hoya linearis,Water when top inch of soil is dry. Bright indirect light preferred. Medium humidity (40-50%). Fertilize monthly spring through fall with balanced fertilizer at half strength. Fragrant white flowers. Repot every 2-3 years when roots fill container. Remove dead or damaged foliage promptly.,brightIndirect,medium,"[18, 27]",7.0,7.0,10.0,14.0,neutral,wellDraining,nonToxic,fast,
hoya-mathilde,Hoya Mathilde,Houseplants - Vines & Trailing,Compact Hoya with silver-flecked leaves; hybrid of H. serpens × H. carnosa.,Hoya mathilde,Water when top inch of soil is dry. Bright indirect light preferred. Medium humidity (40-50%). Fertilize monthly spring through fall with balanced fertilizer at half strength. Slow-growing. Repot every 2-3 years when roots fill container. Remove dead or damaged foliage promptly.,brightIndirect,medium,"[18, 27]",7.0,7.0,10.0,14.0,neutral,wellDraining,nonToxic,fast,
hoya-obovata,Hoya Obovata,Houseplants - Vines & Trailing,"Large, round-leaved Hoya with thick, often silver-splashed foliage. Splash markings are the standard form. Produces fragrant star-shaped flower clusters.",Hoya obovata,Water when top inch of soil is dry. Bright indirect light preferred. Medium humidity (40-50%). Fertilize monthly spring through fall with balanced fertilizer at half strength. Pink flowers in clusters. Repot every 2-3 years when roots fill container. Remove dead or damaged foliage promptly.,brightIndirect,medium,"[18, 27]",7.0,7.0,10.0,14.0,neutral,wellDraining,nonToxic,fast,
hoya-pubicalyx,Hoya Pubicalyx,Houseplants - Vines & Trailing,Fast-growing Hoya with silver-flecked leaves and fragrant dark pink or red flowers.,Hoya pubicalyx,Water when top inch of soil is dry. Bright indirect light preferred. Medium humidity (40-50%). Fertilize monthly spring through fall with balanced fertilizer at half strength. Prolific bloomer. Repot every 2-3 years when roots fill container. Remove dead or damaged foliage promptly.,brightIndirect,medium,"[18, 27]",7.0,7.0,10.0,14.0,neutral,wellDraining,nonToxic,fast,
hoya-wayetii,Hoya Wayetii,Houseplants - Vines & Trailing,"Trailing hoya with narrow, elongated leaves edged in red or dark maroon, producing clusters of fragrant star-shaped flowers when mature.","Hoya wayetii, H. wayetii 'Variegata'",Allow soil to dry mostly between waterings (every 1-2 weeks). Bright indirect light preferred—some direct morning sun enhances leaf color. Medium humidity (40-50%) fine. Well-draining mix with perlite and orchid bark. Fertilize monthly spring through fall at half strength. Don't remove old flower stems (peduncles)—they rebloom. Let it become slightly rootbound for flowering. Non-toxic to pets. Remove dead or damaged foliage promptly.,brightIndirect,medium,"[15, 28]",7.0,7.0,10.0,14.0,neutral,wellDraining,nonToxic,fast,
philodendron-brasil,Philodendron Brasil,Houseplants - Vines & Trailing,"Also known as: Lemon-lime philodendron. Variegated heart-leaf philodendron with green and yellow-chartreuse leaves, easy-care trailing plant.","Philodendron hederaceum 'Brasil' (Brasil philodendron, Lemon-lime philodendron)",Water when top inch of soil is dry. Very forgiving of inconsistent care. Bright indirect light maintains variegation; tolerates low light but may lose variegation. Medium humidity (40-50%) is fine. Fertilize monthly spring through fall with balanced fertilizer at half strength. Fast-growing trailing plant. Prune to control length. Repot every 1-2 years. Green and yellow-chartreuse variegation. Toxic to pets.,brightIndirect,medium,"[18, 27]",7.0,7.0,10.0,14.0,neutral,wellDraining,mildlyToxic,fast,
scindapsus,Scindapsus,Houseplants - Vines & Trailing,"Also known as: Silver pothos. Trailing aroids often called satin pothos, with silvery-splotched leaves, easy-care houseplants.","Scindapsus pictus (Satin pothos, Silver pothos), S. pictus 'Exotica' (large silver leaves), S. pictus 'Argyraeus', S. treubii 'Moonlight', S. treubii 'Dark Form'",Water when top inch of soil is dry. Very forgiving of inconsistent care. Bright indirect light maintains silvery variegation; tolerates low light. Medium humidity (40-50%) is fine. Fertilize monthly spring through fall with balanced fertilizer at half strength. Trailing growth habit. Prune to control length. Repot every 1-2 years. Silvery-splotched leaves. Often called satin pothos but not a true pothos. Mildly toxic to pets -- causes mouth and skin irritation.,brightIndirect,medium,"[18, 27]",7.0,7.0,10.0,14.0,neutral,wellDraining,mildlyToxic,fast,
scindapsus-pictus,Silver Satin Pothos,Houseplants - Vines & Trailing,"Trailing vine with heart-shaped, matte green leaves covered in silvery spots and patches. Not a true pothos despite the common name; belongs to the genus Scindapsus.","Scindapsus pictus 'Argyraeus' (Satin pothos), S. pictus 'Exotica' (larger silver patches), S. pictus 'Silver Ann' (mostly silver)",Water when top 1-2 inches of soil is dry. Bright indirect light brings out the silver markings. Average humidity is fine but higher humidity encouraged for larger leaves. Let dry out slightly between waterings. Toxic to pets. Remove dead or damaged foliage promptly.,brightIndirect,medium,"[18, 29]",7.0,7.0,10.0,14.0,neutral,wellDraining,toxic,fast,
tradescantia,Tradescantia,Houseplants - Vines & Trailing,Also known as: Spiderwort. Fast-growing trailing plants in the Commelinaceae family with colorful striped or solid leaves.,"Tradescantia zebrina (Wandering dude, Inch plant), T. pallida (Purple heart), T. fluminensis (Small-leaf spiderwort), T. spathacea (Moses-in-the-cradle)","Keep soil lightly moist, allow to dry slightly between waterings. Very fast-growing - may need frequent pruning. Bright indirect light maintains vibrant colors; low light causes leggy growth. Medium humidity (40-50%) is fine. Fertilize monthly spring through fall with balanced fertilizer at half strength. Pinch tips to encourage bushiness. Repot every 1-2 years. Perfect for hanging baskets. Easy to propagate from cuttings. Mildly toxic to pets -- causes mouth and skin irritation.",brightIndirect,medium,"[18, 24]",5.0,5.0,7.0,10.0,adaptable,wellDraining,mildlyToxic,fast,
tradescantia-nanouk,Tradescantia Nanouk,Houseplants - Vines & Trailing,"Trailing plant with thick, striped leaves in pink, green, and cream; compact, upright-then-cascading habit.",Tradescantia 'Nanouk',Keep soil lightly moist. Bright indirect light maintains pink stripes. Medium humidity (40-50%). Fertilize monthly spring through fall with balanced fertilizer at half strength. Fast-growing. Mildly toxic to pets -- causes mouth and skin irritation. Repot every 1-2 years when roots fill container. Trim trailing stems to desired length. Prune leggy growth to encourage branching. Pinch growing tips for bushier growth.,brightIndirect,medium,"[18, 27]",7.0,7.0,10.0,14.0,neutral,wellDraining,mildlyToxic,fast,
tradescantia-purple-heart,Purple Heart,Houseplants - Vines & Trailing,Trailing plant with vivid purple foliage and small pink flowers; can be grown indoors or outdoors.,Tradescantia pallida (Purple heart),Water when top inch of soil is dry. Bright indirect to direct light enhances purple color. Medium humidity (40-50%). Fertilize monthly spring through fall with balanced fertilizer at half strength. Mildly toxic to pets -- causes mouth and skin irritation. Repot every 1-2 years when roots fill container. Remove dead or damaged foliage promptly.,brightIndirect,medium,"[18, 27]",7.0,7.0,10.0,14.0,neutral,wellDraining,mildlyToxic,fast,
vines-trailing,Vines & Trailing Plants,Houseplants - Vines & Trailing,"Houseplants with trailing or climbing growth habits, popular for hanging baskets and shelves. Many are fast-growing and easy to propagate.","Epipremnum aureum (Pothos), Hedera helix (English ivy), Tradescantia (Spiderwort), Hoya (Wax plant), Ceropegia woodii (String of hearts)","Water when top inch of soil is dry. Most are forgiving of occasional missed waterings. Bright indirect to medium light preferred — most tolerate lower light but may lose variegation. Medium humidity (40-50%) is fine for most species. Fertilize monthly spring through fall with balanced liquid fertilizer at half strength. Prune to control length and encourage bushier growth — cuttings root easily in water. Provide support (moss pole, trellis) for climbing species. Research specific species for exact requirements.",brightIndirect,medium,"[16, 27]",7.0,7.0,10.0,14.0,neutral,wellDraining,unknown,fast,
ficus-altissima,Ficus Altissima,Houseplants - Ficus & Fig,"Tall fig tree with leathery, variegated leaves in shades of green and yellow. Also called council tree. Easier to care for than fiddle leaf fig.","Ficus altissima (Council tree), F. altissima 'Yellow Gem' (variegated cultivar)",Water when top 1-2 inches of soil is dry. Bright indirect to direct light preferred. Average humidity is fine. Avoid moving frequently — can drop leaves from environmental changes. Fertilize monthly spring through fall. Toxic to pets. Remove dead or damaged foliage promptly.,brightIndirect,medium,"[16, 30]",7.0,7.0,10.0,14.0,neutral,wellDraining,toxic,moderate,
ficus-audrey,Ficus Audrey,Houseplants - Ficus & Fig,"The more forgiving cousin of the Fiddle Leaf Fig, with velvety, oval leaves and pale trunk, increasingly popular as a statement houseplant.","Ficus benghalensis (Ficus Audrey, Banyan fig—indoor cultivar)",Water when top 2-5 cm of soil is dry; more forgiving than Fiddle Leaf Fig but still dislikes soggy soil. Bright indirect light preferred—tolerates some direct morning sun. Medium humidity fine. Well-draining potting mix. Fertilize monthly spring through fall at half strength. Wipe velvety leaves with damp cloth to remove dust. Less prone to leaf drop than Fiddle Leaf Fig but still dislikes being moved. Toxic to pets (milky latex sap). Remove dead or damaged foliage promptly.,brightIndirect,medium,"[15, 30]",7.0,7.0,10.0,14.0,neutral,wellDraining,toxic,moderate,
ficus-microcarpa,Chinese Banyan,Houseplants - Ficus & Fig,"Ficus with glossy oval leaves, popular for bonsai; can develop aerial roots.","Ficus microcarpa (Chinese banyan, Ginseng ficus, Banyan fig), F. microcarpa 'Green Island'",Water when top inch of soil is dry. Bright indirect light. Often grown as bonsai. Avoid moving once established. Fertilize monthly spring through fall. Toxic to pets. Remove dead or damaged foliage promptly.,brightIndirect,high,"[18, 27]",7.0,7.0,10.0,14.0,neutral,wellDraining,toxic,moderate,
fiddle-leaf-fig,Fiddle-Leaf Fig,Houseplants - Ficus & Fig,"Also known as: FLF. Popular but finicky ficus with large violin-shaped leaves, requires consistent care and stable environment.","Ficus lyrata (Fiddle-leaf fig, FLF), F. lyrata 'Bambino' (compact variety), F. lyrata variegated (rare)","Water when top 2-3 inches of soil is dry. Very sensitive to overwatering and location changes - may drop leaves. Avoid drafts and sudden temperature changes. Bright indirect light essential - rotate regularly for even growth. High humidity (60%+) preferred. Fertilize monthly spring through fall with balanced fertilizer at half strength. Wipe large leaves monthly. Repot every 2-3 years. Popular but finicky - requires consistent care and stable environment. Toxic to pets. Remove old, yellowing, or diseased leaves promptly.",brightIndirect,high,"[18, 24]",10.0,10.0,14.0,21.0,neutral,wellDraining,toxic,moderate,
rubber-plant,Rubber Plant,Houseplants - Ficus & Fig,"Popular ficus with large, glossy dark green or burgundy leaves, can grow into a tree.","Ficus elastica (Rubber plant, Rubber tree), F. elastica 'Burgundy'",Water when top 2-3 inches of soil is dry. Avoid overwatering which causes root rot. Sensitive to location changes - may drop leaves when moved. Bright indirect light preferred; some direct morning sun is fine. Medium to high humidity (50-60%) preferred. Fertilize monthly spring through fall with balanced fertilizer at half strength. Wipe large glossy leaves monthly. Prune to control height. Repot every 2-3 years. Can grow into a tree. Toxic to pets.,brightIndirect,high,"[18, 27]",10.0,10.0,14.0,21.0,neutral,wellDraining,toxic,moderate,
rubber-plant-burgundy,Burgundy Rubber Plant,Houseplants - Ficus & Fig,"Ficus elastica cultivar with dark burgundy, nearly black leaves; bold statement plant.",Ficus elastica 'Burgundy',Water when top inch of soil is dry. Bright indirect light preferred; tolerates low light. Medium humidity (40-50%). Wipe leaves to remove dust. Toxic to pets. Repot every 1-2 years when roots fill container. Remove yellowing or damaged leaves promptly.,brightIndirect,high,"[18, 27]",7.0,7.0,10.0,14.0,neutral,wellDraining,toxic,moderate,
rubber-plant-ruby,Ruby Rubber Plant,Houseplants - Ficus & Fig,"Striking Ficus elastica cultivar with tricolored leaves in deep green, cream, and vivid ruby-pink, especially vibrant on new growth.","Ficus elastica 'Ruby' (Ruby rubber plant, Pink rubber tree)","Water when the top 2-3 cm of soil feel dry; avoid overwatering which causes leaf drop. Bright indirect light is crucial to maintain the pink and cream variegation — low light causes reversion to green. Wipe the large, glossy leaves monthly with a damp cloth to keep them dust-free. Average room humidity is adequate. Fertilize monthly during spring and summer with balanced liquid fertilizer at half strength. Prune to control height and encourage branching. Mildly toxic — the milky sap can irritate skin and is harmful to pets if ingested.",brightIndirect,medium,"[16, 27]",7.0,7.0,10.0,14.0,neutral,wellDraining,mildlyToxic,moderate,
bamboo,Bamboo,Houseplants - Specialty,"Fast-growing grasses in the Poaceae family, can be clumping or running types, popular for screening and containers.","Bambusa (Clumping bamboo), Phyllostachys (Running bamboo), Fargesia (Cold-hardy clumping bamboo), indoor varieties like Dracaena sanderiana (Lucky bamboo)",Keep soil consistently moist (2-3 times per week). Running types spread aggressively - contain with barriers or plant in containers. Clumping types are more manageable. Full sun to partial shade depending on species. Fertilize monthly during growing season with high-nitrogen fertilizer. Prune to control height and remove old canes. Container-grown bamboo needs regular repotting. Research clumping vs running types before planting. Some species are invasive - check local regulations. Indoor lucky bamboo grows in water or soil.,brightIndirect,medium,"[18, 27]",3.0,3.0,5.0,7.0,neutral,wellDraining,nonToxic,moderate,
bird-of-paradise,Bird of Paradise,Houseplants - Specialty,Also known as: Crane flower. Large tropical plants in the Strelitziaceae family with distinctive bird-like flowers and banana-like leaves.,"Strelitzia reginae (Bird of paradise, Crane flower), S. nicolai (Giant white bird of paradise, Wild banana)","Water when top 2 inches of soil is dry. Keep consistently moist in growing season, reduce in winter. Bright indirect to direct light preferred - needs lots of light to flower. High humidity (50-60%) preferred. Fertilize monthly spring through fall with balanced fertilizer at half strength. Wipe large leaves monthly. Repot every 2-3 years. Distinctive bird-like flowers. Can grow quite large - provide adequate space. Toxic to pets. Remove dead or damaged foliage promptly.",brightIndirect,medium,"[18, 27]",7.0,7.0,10.0,14.0,neutral,wellDraining,toxic,moderate,
bird-of-paradise-white,White Bird of Paradise,Houseplants - Specialty,Also known as: Giant bird of paradise. Large tropical plant with banana-like leaves and striking white and blue crane-shaped flowers. Grows to 6m outdoors; popular as dramatic indoor foliage plant.,"Strelitzia nicolai (White bird of paradise, Giant bird of paradise)",Water when top 5cm of soil is dry; reduce in winter. Bright indirect to direct light — more light encourages flowering. Medium humidity sufficient but appreciates higher. Large plant that needs space; repot every 2-3 years. Fertilize monthly spring through fall with balanced fertilizer. Leaves may split naturally with age. Prune dead leaves at base. Mildly toxic to pets.,brightIndirect,medium,"[10, 30]",7.0,5.0,10.0,14.0,neutral,wellDraining,mildlyToxic,moderate,
bonsai,Bonsai,Houseplants - Specialty,"Miniature trees created through cultivation techniques - care varies by species, this is a general guide.","Juniperus (Juniper), Ficus, Acer (Maple), Pinus (Pine)",Water when soil surface is dry - check daily as small pots dry quickly. Avoid both over and under-watering. Adjust based on species needs - research your specific tree type. Bright indirect to direct light depending on species. Fertilize monthly spring through fall with bonsai fertilizer. Prune regularly to maintain shape. Repot every 2-3 years with bonsai soil mix. Requires patience and consistent care. Each species has specific requirements.,brightIndirect,high,"[15, 27]",3.0,3.0,5.0,7.0,adaptable,wellDraining,unknown,moderate,
coleus,Coleus,Houseplants - Specialty,"Also known as: Painted nettle. Colorful foliage plants in the Lamiaceae family with vibrant leaves in various patterns and colors, pinch flowers to maintain foliage.","Coleus scutellarioides (syn. Plectranthus scutellarioides, Solenostemon scutellarioides) (Coleus, Painted nettle), various hybrid cultivars","Keep soil evenly moist, avoid letting dry out. Bright indirect light maintains vibrant colors; direct sun may fade colors. High humidity (50-60%) preferred. Fertilize every 2 weeks spring through fall with balanced fertilizer at half strength. Pinch flower spikes to redirect energy into leaf growth and maintain the best foliage color, though flowering does not kill the plant. Pinch tips regularly to maintain bushy growth. Repot annually. Easy to propagate from cuttings. Annual in most climates. Mildly toxic to pets if ingested.",brightIndirect,high,"[18, 24]",5.0,5.0,7.0,10.0,neutral,moistureRetentive,mildlyToxic,fast,
cordyline,Cordyline,Houseplants - Specialty,"Tropical foliage plant with sword-shaped leaves in vibrant reds, pinks, purples, and greens. The Hawaiian ti plant holds deep cultural significance in Polynesian traditions.","Cordyline fruticosa (Ti plant, Good luck plant), C. australis (Cabbage tree, New Zealand cabbage palm), C. terminalis (syn. C. fruticosa)",Water when top 1-2 inches of soil are dry; keep evenly moist but not soggy. Bright indirect light for best color; tolerates lower light but colors fade. Medium humidity (50%+). Fertilize monthly spring through fall with balanced fertilizer. Prune leggy stems by cutting back — new growth sprouts from below the cut. Brown leaf tips indicate low humidity or fluoride sensitivity — use filtered water. Hawaiian ti leaves are used for wrapping food and making hula skirts. Toxic to cats and dogs — causes vomiting and depression.,brightIndirect,medium,"[10, 30]",5.0,5.0,7.0,10.0,acidic,wellDraining,toxic,moderate,
corpse-flower,Corpse Flower,Houseplants - Specialty,"World's largest unbranched flower structure, producing a massive spathe that smells of rotting flesh when blooming. Blooms are rare, occurring every 7-10 years.","Amorphophallus titanum (Titan arum, Corpse flower). Distinct from Rafflesia, which is the world's largest individual flower",Keep soil consistently moist but well-drained during active growth. Bright indirect light. Very high humidity (70-80%) required. Goes completely dormant after flowering — reduce water drastically. Requires large pot (60+ cm) for mature corm. Fertilize monthly during growing season with balanced fertilizer. Grows from a massive underground corm. Prefers acidic soil. Non-toxic to pets. Remove dead or yellowing foliage. Prune to maintain desired shape.,brightIndirect,veryHigh,"[20, 30]",7.0,5.0,10.0,,acidic,wellDraining,nonToxic,moderate,
croton,Croton,Houseplants - Specialty,"Also known as: Garden croton. Colorful tropical foliage plants in the Euphorbiaceae family with vibrant leaves in red, orange, yellow, and green, sensitive to changes.","Codiaeum variegatum (Croton, Garden croton), C. variegatum 'Petra', C. variegatum 'Mammy'","Keep soil evenly moist, avoid letting dry out. High humidity (60%+) preferred - use humidifier. Bright indirect to direct light essential to maintain vibrant colors. Sensitive to changes - avoid moving once established. Fertilize monthly spring through fall with balanced fertilizer at half strength. May drop leaves if stressed (drafts, temperature changes, low humidity). Repot every 1-2 years. Wipe leaves monthly. Toxic to pets. Remove dead or damaged foliage promptly.",brightIndirect,high,"[16, 27]",5.0,5.0,7.0,10.0,adaptable,wellDraining,toxic,moderate,
croton-mammy,Croton Mammy,Houseplants - Specialty,"Croton cultivar with twisted, spiral leaves in red, orange, yellow, and green.",Codiaeum variegatum 'Mammy',"Keep soil evenly moist, avoid letting dry out. Bright indirect to direct light essential for vibrant colors. High humidity (60%+) preferred. Fertilize monthly spring through fall with balanced fertilizer at half strength. Sensitive to drafts and changes. Toxic to pets. Repot every 1-2 years. Remove dead or damaged foliage promptly.",brightIndirect,high,"[18, 27]",7.0,7.0,10.0,14.0,neutral,wellDraining,toxic,moderate,
cycads,Cycads,Houseplants - Specialty,"Ancient palm-like plants in the Cycadaceae family, slow-growing with stiff fronds, many are endangered in the wild.","Cycas revoluta (Sago palm, King sago), Zamia (Coontie, Cardboard palm), Dioon (Dioon cycad), Macrozamia",Water when top 2-3 inches of soil is dry. Allow to dry slightly between waterings - avoid overwatering which causes root rot. Bright indirect to direct light preferred. Low to medium humidity is fine. Fertilize 2-3 times per year during growing season with palm fertilizer. Very slow-growing - repot every 3-5 years. Remove dead fronds at base. Toxic to pets if ingested. Ancient plants that have existed for millions of years. Research specific species for exact requirements. Remove yellowing or dead leaves promptly.,brightIndirect,high,"[18, 27]",7.0,7.0,10.0,14.0,neutral,wellDraining,toxic,slow,
fatsia,Fatsia,Houseplants - Specialty,"Bold tropical foliage plant with large, deeply lobed palmately compound leaves.","Fatsia japonica (Japanese aralia, Paper plant), F. japonica 'Spider Web'",Water when top inch of soil is dry. Bright indirect light; tolerates lower light. High humidity preferred. Fertilize monthly spring through fall. Can grow large; prune to control size. Toxic to pets.,brightIndirect,high,"[15, 24]",7.0,7.0,10.0,14.0,neutral,wellDraining,toxic,moderate,
geogenanthus,Geogenanthus,Houseplants - Specialty,"Striking tropical plant with deeply textured, dark purple-black suckered leaves that shimmer in the light. A trending collector plant.","Geogenanthus ciliatus (Geo plant, Seersucker plant)","Keep soil consistently moist — sensitive to drought; leaf edges crisp quickly if too dry. Medium indirect light; avoid direct sun. High humidity (60%+) critical — brown leaf edges indicate low humidity. Well-draining, moisture-retentive mix. Fertilize monthly spring through fall at quarter strength. Slow grower. Sensitive to cold — keep above 18°C. Non-toxic to pets. Remove dead or yellowing foliage. Prune to maintain desired shape.",mediumIndirect,high,"[18, 27]",7.0,7.0,10.0,14.0,neutral,wellDraining,nonToxic,moderate,
heliconia,Heliconia,Houseplants - Specialty,"Tropical rhizomatous plants with spectacular waxy bracts in red, orange, yellow, and pink. Related to banana and bird of paradise.","Heliconia rostrata (Hanging lobster claw), H. psittacorum (Parrot's beak), H. bihai (Red palulu), H. caribaea (Caribbean heliconia)","Water frequently — heliconias are heavy drinkers that need consistently moist soil. Bright indirect light indoors; filtered sun outdoors. Rich, acidic, well-drained soil with high organic matter. Very high humidity (70%+) essential — mist daily or use a humidifier. Fertilize every 2 weeks during growing season with balanced fertilizer. Protect from temperatures below 15°C. Remove dead or damaged leaves at the base. Excellent cut flowers that last 1-2 weeks. Non-toxic to pets. Remove dead or damaged foliage promptly.",brightIndirect,veryHigh,"[18, 35]",3.0,3.0,5.0,7.0,acidic,wellDraining,nonToxic,moderate,
lemon-cypress,Lemon Cypress,Houseplants - Specialty,"Bright golden conifer with lemony scent, popular as indoor or patio plant, requires good air circulation.","Cupressus macrocarpa 'Goldcrest' (Lemon cypress, Goldcrest cypress, Monterey cypress 'Goldcrest')",Keep soil moist but not waterlogged. Excellent drainage essential. Allow top inch to dry slightly between waterings. Bright indirect to direct light preferred. Good air circulation essential - avoid stagnant air. Medium humidity (40-50%) preferred. Fertilize monthly spring through fall with balanced fertilizer at half strength. Prune to maintain shape. Repot every 2-3 years. Bright golden color with lemony scent. Popular as indoor or patio plant.,strongDirect,high,"[16, 24]",5.0,5.0,7.0,10.0,neutral,wellDraining,nonToxic,moderate,
lucky-bamboo,Lucky Bamboo,Houseplants - Specialty,"Also known as: Chinese water bamboo. Dracaena species often grown in water or soil, popular for feng shui, not a true bamboo.","Dracaena sanderiana (Lucky bamboo, Chinese water bamboo, Ribbon plant)","In water: Change water weekly, keep water level consistent. In soil: Water when top inch is dry. Bright indirect light preferred; avoid direct sun. Medium humidity is fine. Fertilize monthly spring through fall with balanced fertilizer at half strength (if in soil) or add to water monthly. Can be grown in water indefinitely or in soil. Popular for feng shui arrangements. Not a true bamboo. Toxic to pets. Repot every 2-3 years if in soil. Remove yellowing or damaged leaves promptly.",brightIndirect,high,"[18, 24]",7.0,7.0,10.0,14.0,neutral,wellDraining,toxic,slow,
money-tree,Money Tree,Houseplants - Specialty,"Tropical tree with palmate leaves, often sold with braided trunk; symbol of prosperity and good luck.","Pachira aquatica (Money tree, Guiana chestnut, Malabar chestnut)",Water when top 2 inches of soil is dry. Avoid overwatering which causes root rot—very sensitive to soggy soil. Bright indirect light preferred. Medium to high humidity (50-60%) preferred. Fertilize monthly spring through fall with balanced fertilizer at half strength. Often sold with braided trunk—don't untie. Repot every 2-3 years. Remove yellowing leaves. Non-toxic to pets. Remove yellowing or dead leaves promptly.,brightIndirect,high,"[18, 24]",7.0,7.0,10.0,14.0,neutral,wellDraining,nonToxic,moderate,
nerve-plant,Nerve Plant,Houseplants - Specialty,"Also known as: Mosaic plant. Colorful foliage plants in the Acanthaceae family with distinctive veining in various colors, will wilt dramatically when thirsty.","Fittonia albivenis, F. verschaffeltii (Nerve plant, Mosaic plant), F. 'Pink Angel', F. 'Red Anne'","Keep soil evenly moist, never let dry. High humidity (70%+) essential - use humidifier or terrarium. Will wilt dramatically when thirsty but recovers quickly when watered. Bright indirect light preferred; direct sun burns leaves. Fertilize monthly spring through fall with balanced fertilizer at half strength. Pinch tips to encourage bushiness. Repot every 1-2 years. Perfect for terrariums. Distinctive veining in various colors.",mediumIndirect,veryHigh,"[18, 24]",4.0,4.0,7.0,10.0,neutral,moistureRetentive,nonToxic,moderate,
norfolk-island-pine,Norfolk Island Pine,Houseplants - Specialty,"Also known as: Star pine. Indoor conifer native to Norfolk Island, popular as holiday plant, not a true pine but resembles one, sensitive to dry air. Requires consistent moisture.","Araucaria heterophylla (Norfolk Island pine, Star pine)","Keep soil evenly moist, avoid drying out completely. High humidity (50-60%) preferred - mist regularly in dry conditions or use humidifier. Bright indirect light preferred; some direct morning sun is fine. Fertilize monthly spring through fall with balanced fertilizer at half strength. Sensitive to dry air - brown needles indicate low humidity. Repot every 2-3 years. Popular as holiday plant. Not a true pine despite the name. Remove dead or damaged foliage promptly.",brightIndirect,high,"[16, 24]",7.0,7.0,10.0,14.0,acidic,wellDraining,nonToxic,moderate,
oxalis,Oxalis (Shamrock Plant),Houseplants - Specialty,"Plants in the Oxalidaceae family with clover-like leaves that fold at night, some species go dormant seasonally.","Oxalis triangularis (Purple shamrock, False shamrock), O. regnellii (Green shamrock, Lucky clover)","Keep soil moist during active growth. Reduce significantly or stop watering during dormancy when leaves die back - this is normal. Bright indirect to direct light preferred. Medium humidity (40-50%) is fine. Fertilize monthly during active growth with balanced fertilizer at half strength. Clover-like leaves fold at night. Some species go dormant seasonally - don't discard, it will regrow. Repot every 2-3 years. Toxic to pets. Remove dead or damaged foliage promptly.",brightIndirect,medium,"[16, 24]",5.0,5.0,7.0,10.0,neutral,wellDraining,toxic,moderate,
oxalis-triangularis,Purple Shamrock,Houseplants - Specialty,Also known as: False shamrock. Clover-like plant with purple triangular leaves that fold at night; produces small pink or white flowers.,"Oxalis triangularis (Purple shamrock, False shamrock)",Water when top inch of soil is dry. Bright indirect light preferred; some direct morning sun enhances purple. Medium humidity (40-50%). Goes dormant periodically—reduce watering when leaves die back. Fertilize monthly during active growth. Toxic to pets. Repot every 1-2 years. Remove dead or damaged foliage promptly.,brightIndirect,medium,"[18, 27]",7.0,7.0,10.0,14.0,neutral,wellDraining,toxic,moderate,
peperomia,Peperomia,Houseplants - Specialty,"Compact tropical foliage plants in the Piperaceae family with thick, succulent-like leaves.","Peperomia obtusifolia (Baby rubber plant), P. caperata (Ripple peperomia), P. argyreia (Watermelon peperomia), P. 'Hope', P. 'Rosso'","Water when top 2 inches of soil is dry. More drought tolerant than many tropical plants due to succulent-like leaves. Bright indirect light preferred. Medium humidity (40-50%) is fine. Fertilize monthly spring through fall with balanced fertilizer at half strength. Compact growth habit. Repot every 2-3 years. Easy-care houseplants. Thick, succulent-like leaves store water. Non-toxic to pets. Remove dead or damaged foliage promptly.",mediumIndirect,medium,"[18, 24]",7.0,7.0,10.0,14.0,adaptable,wellDraining,nonToxic,moderate,
peperomia-caperata,Emerald Ripple,Houseplants - Specialty,"Compact peperomia with deeply ridged, heart-shaped leaves in red, green, or silver.",Peperomia caperata (Emerald ripple),Water when top inch of soil is dry. Bright indirect light preferred; avoid direct sun. Medium humidity (40-50%). Fertilize monthly spring through fall with balanced fertilizer at half strength. Susceptible to overwatering. Repot every 1-2 years when roots fill container. Non-toxic to pets. Remove dead or damaged foliage promptly.,brightIndirect,medium,"[18, 27]",7.0,7.0,10.0,14.0,neutral,wellDraining,nonToxic,moderate,
peperomia-obtusifolia,Baby Rubber Plant,Houseplants - Specialty,"Peperomia with thick, glossy oval leaves; upright or trailing, not a true rubber plant.",Peperomia obtusifolia (Baby rubber plant),Water when top inch of soil is dry. Bright indirect light preferred. Medium humidity (40-50%). Fertilize monthly spring through fall with balanced fertilizer at half strength. Tolerates low light. Non-toxic to pets. Repot every 1-2 years when roots fill container. Remove dead or damaged foliage promptly.,brightIndirect,medium,"[18, 27]",7.0,7.0,10.0,14.0,neutral,wellDraining,nonToxic,moderate,
peperomia-rosso,Peperomia Rosso,Houseplants - Specialty,"Compact peperomia with deeply ridged, dark green leaves and striking red undersides. Semi-succulent with low water needs. Excellent desk plant.","Peperomia caperata 'Rosso' (Emerald ripple pepper, Red ripple peperomia)",Water when top inch of soil is dry; semi-succulent so tolerates slight drought. Bright indirect light enhances red coloring. Average humidity is fine. Compact grower rarely needing repotting. Fertilize lightly spring through summer. Non-toxic to pets. Remove dead or damaged foliage promptly.,brightIndirect,medium,"[18, 27]",7.0,7.0,10.0,14.0,neutral,wellDraining,nonToxic,moderate,
peperomia-watermelon,Peperomia Watermelon,Houseplants - Specialty,Compact peperomia with silver-striped leaves resembling watermelon rind.,"Peperomia argyreia (Watermelon peperomia, syn. P. sandersii)",Water when top 2 inches of soil is dry. Allow to dry between waterings. Bright indirect light maintains silver stripes. Medium humidity (40-50%) is fine. Fertilize monthly spring through fall with balanced fertilizer at half strength. Silver-striped leaves resembling watermelon rind. Compact growth habit. Repot every 2-3 years. Easy-care houseplant. Non-toxic to pets. Remove dead or damaged foliage promptly.,mediumIndirect,medium,"[18, 24]",7.0,7.0,10.0,14.0,adaptable,wellDraining,nonToxic,moderate,
pilea,Pilea,Houseplants - Specialty,Compact tropical foliage plants in the Urticaceae family with round or textured leaves.,"Pilea peperomioides (Chinese money plant, Pancake plant, UFO plant), P. cadierei (Aluminum plant), P. involucrata (Friendship plant)","Water when top 2 inches of soil is dry. Allow to dry between waterings. Avoid overwatering. Bright indirect light preferred. Medium humidity (40-50%) is fine. Fertilize monthly spring through fall with balanced fertilizer at half strength. Compact growth habit. Round or textured leaves. Repot every 1-2 years. Easy to propagate from offsets or cuttings. Remove dead or damaged foliage promptly., if planted in water, need to clean rotted root",mediumIndirect,medium,"[18, 24]",7.0,7.0,10.0,14.0,neutral,wellDraining,nonToxic,fast,
pilea-chinese-money-plant,Chinese Money Plant,Houseplants - Specialty,"Also known as: UFO plant. Popular Pilea with round, coin-like leaves on upright stems.","Pilea peperomioides (Chinese money plant, Pancake plant, UFO plant)","Water when top 2 inches of soil is dry. Allow to dry between waterings. Bright indirect light preferred; rotate regularly for even growth. Medium humidity (40-50%) is fine. Fertilize monthly spring through fall with balanced fertilizer at half strength. Produces offsets (pups) that can be separated and repotted. Repot every 1-2 years. Round, coin-like leaves on upright stems. Popular and easy-care. Remove dead or damaged foliage promptly., if planted in water, need to clean rotted root",mediumIndirect,medium,"[18, 24]",7.0,7.0,10.0,14.0,neutral,wellDraining,nonToxic,fast,
pilea-involucrata,Friendship Plant,Houseplants - Specialty,"Compact pilea with quilted, bronze-veined leaves; easy to propagate and share—hence the name.",Pilea involucrata (Friendship plant),"Water when top inch of soil is dry. Bright indirect light preferred; avoid direct sun. Medium humidity (40-50%). Fertilize monthly spring through fall with balanced fertilizer at half strength. Easy to propagate from cuttings. Repot every 1-2 years when roots fill container. Resistant to pruning, Remove dead or damaged foliage promptly.",brightIndirect,high,"[18, 27]",7.0,7.0,10.0,14.0,neutral,wellDraining,nonToxic,fast,
podocarpus,Buddhist Pine,Houseplants - Specialty,"Also known as: Kusamaki. Conifer-like evergreen with narrow leaves, popular for bonsai and topiary.","Podocarpus macrophyllus (Buddhist pine, Kusamaki, Yew pine), P. henkelii",Water when top inch of soil is dry. Bright indirect light. Tolerates lower light. Fertilize monthly spring through fall. Prune to maintain shape. Good for bonsai. Toxic to pets.,brightIndirect,medium,"[15, 24]",10.0,10.0,14.0,21.0,neutral,wellDraining,toxic,slow,
polka-dot-plant,Polka Dot Plant,Houseplants - Specialty,"Colorful foliage plants in the Acanthaceae family with spotted leaves in pink, red, or white, pinch to maintain bushy growth.","Hypoestes phyllostachya (Polka dot plant, Freckle face), various color cultivars","Keep soil evenly moist, avoid letting dry out. High humidity (60%+) preferred - use humidifier or pebble tray. Bright indirect light maintains vibrant colors. Fertilize every 2 weeks spring through fall with balanced fertilizer at half strength. Pinch tips regularly to encourage branching and maintain bushy growth. Pinch flowers immediately to prolong plant life. Repot annually. Annual in most climates. Easy to propagate from cuttings.",brightIndirect,high,"[18, 27]",5.0,5.0,7.0,10.0,neutral,moistureRetentive,nonToxic,moderate,
rafflesia,Rafflesia,Houseplants - Specialty,"World's largest individual flower, up to 1m diameter and weighing 11kg. A parasitic plant with no stems, leaves, or roots — it lives entirely within a host vine and only emerges to bloom.","Rafflesia arnoldii (Corpse lily), R. keithii, R. tuan-mudae","Cannot be cultivated outside its native Southeast Asian rainforest habitat. Parasitizes Tetrastigma vines. Requires specific tropical conditions: 70-90% humidity, 22-32°C, deep shade. Blooms last only 5-7 days and smell of rotting flesh to attract pollinating flies. Several species critically endangered. Botanical gardens worldwide have attempted cultivation with extremely limited success. Non-toxic. Remove dead or yellowing foliage. Prune to maintain desired shape.",outdoorShade,veryHigh,"[22, 32]",7.0,7.0,7.0,7.0,neutral,moistureRetentive,nonToxic,moderate,
welwitschia,Welwitschia,Houseplants - Specialty,"One of the most unusual plants on Earth — a living fossil from the Namib Desert. Each plant produces only two leaves in its entire lifetime, which grow continuously and split into straps. Can live over 1,000 years.","Welwitschia mirabilis (Welwitschia, Tree tumbo, Tweeblaarkanniedood)",Extremely drought tolerant but benefits from occasional deep watering. Full sun. Excellent drainage is critical — grows naturally in desert sand and gravel. Very slow growing. Nearly impossible to transplant due to a deep taproot. Non-toxic. Remove dead or yellowing foliage. Prune to maintain desired shape.,outdoorFullSun,low,"[5, 45]",14.0,14.0,21.0,28.0,neutral,excellentDrainage,nonToxic,moderate,
acacia,Acacia,Outdoor - Trees,"Large genus of trees and shrubs found across Africa, Australia, and the Americas. Iconic savanna trees with umbrella-shaped canopies. Australian wattles are the national floral emblem.","Vachellia tortilis (Umbrella thorn acacia), Acacia pycnantha (Golden wattle, Australia's national flower), A. dealbata (Silver wattle, Mimosa), Senegalia senegal (Gum arabic tree)","Water sparingly once established — most acacias are extremely drought tolerant. Full sun essential. Highly adaptable to poor, sandy, or alkaline soils. Minimal fertilization needed — many species fix nitrogen. Prune to remove dead wood and shape. Fast-growing but many species are short-lived (20-30 years). African acacias have sharp thorns. Golden wattle is a prolific seeder and can be invasive outside Australia. Mildly toxic to pets (some species contain tannins).",outdoorFullSun,low,"[-5, 42]",10.0,7.0,14.0,,adaptable,wellDraining,mildlyToxic,moderate,
ash,Ash,Outdoor - Trees,"Deciduous tree with compound leaves and winged seeds (samaras). Valued for its strong, flexible wood used in tool handles, furniture, and baseball bats. Currently threatened by emerald ash borer.","Fraxinus excelsior (European ash, Common ash), F. americana (White ash), F. pennsylvanica (Green ash)","Water regularly when young; established trees tolerate moderate drought. Full sun preferred. Adaptable to most well-drained soils, including alkaline. Fertilize annually in spring. Prune in late winter to remove dead wood and maintain form. Currently devastated by emerald ash borer (Agrilus planipennis) in North America and Europe — consult local authorities before planting. Seeds (keys) can be prolific and messy. Non-toxic to pets.",outdoorFullSun,medium,"[-10, 32]",7.0,5.0,10.0,,adaptable,wellDraining,nonToxic,moderate,
aspen,Aspen,Outdoor - Trees,Deciduous tree famous for leaves that tremble in the slightest breeze. Brilliant golden-yellow fall color. Pando in Utah is the world's largest organism by mass.,"Populus tremuloides (Quaking aspen), P. tremula (European aspen)","Water regularly — aspens prefer moist conditions and struggle in drought. Full sun essential. Moist, well-drained soil; tolerates a wide pH range. Fertilize annually in spring. Colonizes by root suckering — a single tree can produce a large clone colony. Best planted in groups. Short-lived as individuals (40-80 years) but clones persist for millennia. Stunning golden fall color. Prefers cool climates — struggles in hot, humid areas. Non-toxic to pets. Remove dead or damaged foliage promptly.",outdoorFullSun,medium,"[-10, 28]",7.0,5.0,10.0,,adaptable,moistureRetentive,nonToxic,moderate,
bald-cypress,Bald Cypress,Outdoor - Trees,"Deciduous conifer with feathery foliage and distinctive ""knees""; tolerates wet or swampy sites.",Taxodium distichum (Bald cypress),"Keep soil moist; tolerates standing water. Full sun preferred. Adapts to wet or dry sites once established. Fertilize in spring when young. Prune in late winter. Develops woody ""knees"" in wet soil. Golden fall color. Long-lived.",outdoorFullSun,medium,"[-10, 35]",7.0,7.0,10.0,,neutral,waterloggingTolerant,nonToxic,moderate,
banyan,Banyan Tree,Outdoor - Trees,"Strangler fig with a dramatic aerial root system that forms secondary trunks, allowing a single tree to cover several acres. National tree of India.","Ficus benghalensis (Indian banyan), F. macrophylla (Moreton Bay fig), F. citrifolia (Shortleaf fig)","Water regularly to keep soil consistently moist, especially when young. Full sun preferred for outdoor specimens. Rich, well-drained soil with high organic matter. Fertilize monthly during growing season. Aerial roots need humidity to develop—mist regularly in dry climates. Requires enormous space outdoors; can also be grown as an indoor bonsai. Mildly toxic to pets (latex sap causes irritation). Remove dead or damaged foliage promptly.",outdoorFullSun,high,"[15, 40]",7.0,5.0,10.0,14.0,neutral,wellDraining,mildlyToxic,moderate,
baobab,Baobab,Outdoor - Trees,"Also known as: Tree of Life. Massive African tree with a hugely swollen trunk that stores water, sparse crown, and edible fruit rich in vitamin C.","Adansonia digitata (African baobab, Tree of Life), A. grandidieri (Grandidier's baobab), A. madagascariensis","Very drought-tolerant; water sparingly during growing season and withhold water entirely during dormancy (leaf-drop period). Full sun essential. Requires excellent drainage—sandy, well-drained soil. Do not overwater; trunk rot is the primary killer. Frost-sensitive—protect below 10°C. Can be grown as a bonsai or container specimen in temperate climates. Non-toxic to pets. Remove flower stems and any damaged or rotting leaves promptly.",outdoorFullSun,low,"[10, 40]",21.0,14.0,30.0,,neutral,excellentDrainage,nonToxic,moderate,
beech,Beech,Outdoor - Trees,"Deciduous tree with smooth, silver-gray bark and glossy oval leaves that turn golden-bronze in autumn. Copper beech is a prized ornamental with purple foliage.","Fagus sylvatica (European beech), F. sylvatica 'Purpurea' (Copper beech, Purple beech), F. grandifolia (American beech)","Water regularly during establishment and in dry spells; mature trees have extensive root systems. Full sun to partial shade. Well-drained, slightly acidic to neutral soil — does not tolerate compacted or waterlogged ground. Fertilize annually in early spring. Prune in late winter. Tolerates heavy pruning and makes excellent formal hedging (retains dry leaves through winter when clipped). Thin bark is easily damaged — protect from mechanical injury. Beechnuts are edible. Non-toxic to pets.",outdoorFullSun,medium,"[-10, 28]",7.0,7.0,10.0,,neutral,wellDraining,nonToxic,slow,
birch,Birch,Outdoor - Trees,"Deciduous trees in the Betulaceae family with distinctive white or colored bark, prefer cool climates and moist soil.","Betula papyrifera (Paper birch), B. nigra (River birch), B. pendula (Silver birch, European white birch), B. alleghaniensis (Yellow birch)","Keep soil consistently moist, especially during hot weather. Prefer cool climates and moist, well-drained soil. Full sun to partial shade. Fertilize in early spring with tree fertilizer during establishment. Prune in late summer to avoid bleeding sap. Mulch around base to keep roots cool and moist. Distinctive white or colored bark. Research specific species for exact requirements. Deciduous; reduce or withhold watering when leaves drop in fall.",outdoorFullSun,medium,"[5, 24]",7.0,7.0,14.0,,neutral,moistureRetentive,nonToxic,moderate,
bodhi-tree,Bodhi Tree,Outdoor - Trees,"Also known as: Sacred Fig, Peepal Tree, Pipal. Tropical fig tree sacred in Buddhism, with distinctive heart-shaped leaves and long drip tips.","Ficus religiosa (Bodhi tree), F. religiosa 'Superba' (improved form)","Full sun to partial shade. Water deeply when top 2 inches of soil dry; reduce in winter. Tolerates poor soil but prefers rich, well-drained loam. Warm temperatures above 15°C — not frost hardy. Can grow into a massive tree (30m+) in tropical climates; container culture limits size. Aerial roots may develop. Prune to shape in spring. Mildly toxic — latex sap can cause skin irritation.",outdoorFullSun,high,"[-1, 40]",5.0,4.0,7.0,14.0,acidic,wellDraining,mildlyToxic,moderate,
bristlecone-pine,Bristlecone Pine,Outdoor - Trees,"The oldest known living organisms on Earth, with gnarled, wind-sculpted forms found at high elevations in the American West. Some specimens exceed 5,000 years old.","Pinus longaeva (Great Basin bristlecone pine), P. aristata (Rocky Mountain bristlecone pine)","Extremely drought-tolerant; water sparingly. Full sun essential. Requires excellent drainage—thrives in rocky, alkaline, nutrient-poor soil. Do not fertilize. Extremely slow-growing (may add only a few centimeters per year). Very cold-hardy. Difficult to cultivate outside its native high-altitude habitat. Non-toxic to pets. Remove dead, rotten, diseased leaves and the parts that may affect the good appearance",outdoorFullSun,low,"[-10, 30]",21.0,14.0,30.0,,alkaline,excellentDrainage,nonToxic,slow,
catalpa,Catalpa,Outdoor - Trees,"Deciduous tree with enormous heart-shaped leaves, showy clusters of orchid-like white flowers, and long bean-like seed pods. Bold, tropical appearance in a hardy tree.","Catalpa bignonioides (Southern catalpa, Indian bean tree), C. speciosa (Northern catalpa)","Water regularly when young; established trees are drought tolerant. Full sun for best flowering. Adaptable to most soils including clay and wet ground. Minimal fertilization needed. Prune in late winter — responds well to hard pruning. Known for large leaves, showy flowers, and dangling seed pods (up to 40cm long). Fast-growing and can look untidy — coarse branching and large leaf litter. Catalpa worms (sphinx moth caterpillars) are prized fishing bait. Non-toxic to pets.",outdoorFullSun,medium,"[-10, 35]",7.0,5.0,10.0,,adaptable,wellDraining,nonToxic,moderate,
cedar,Cedar,Outdoor - Trees,"Majestic evergreen conifer with spreading, tiered branches and aromatic wood. The Cedar of Lebanon is one of the most culturally significant trees in history.","Cedrus libani (Cedar of Lebanon), C. deodara (Deodar cedar, Himalayan cedar), C. atlantica (Atlas cedar)",Water regularly when young; established trees are drought tolerant. Full sun essential. Well-drained soil; tolerates various soil types. Minimal fertilization needed — once annually in spring is sufficient. Prune only to remove dead or crossing branches. Slow-growing but eventually reaches massive size — give ample space (15-20m spread). Cedar of Lebanon is a symbol of strength and eternity. Deodar cedar is the most commonly planted landscape cedar. Aromatic wood naturally resists insects. Non-toxic to pets.,outdoorFullSun,medium,"[-10, 35]",10.0,7.0,14.0,,neutral,wellDraining,nonToxic,slow,
cherry-blossom,Flowering Cherry,Outdoor - Trees,Ornamental cherry with clouds of pink or white spring blossoms; iconic in Japanese gardens.,Prunus serrulata (Japanese flowering cherry),Keep soil evenly moist during bloom. Full sun preferred. Well-draining soil. Fertilize after flowering. Prune after bloom to avoid disease; minimal pruning preferred. Short-lived (15–25 years). Susceptible to borers and diseases. Toxic to pets.,outdoorFullSun,medium,"[-10, 35]",7.0,7.0,10.0,,neutral,wellDraining,toxic,moderate,
chinese-elm,Chinese Elm,Outdoor - Trees,"Graceful deciduous or semi-evergreen tree with small leaves, fine branching, and attractive mottled bark that flakes to reveal orange, grey, and cream. The most popular species for bonsai.","Ulmus parvifolia (Chinese elm, Lacebark elm), popular bonsai tree",Water regularly — keep soil consistently moist but not waterlogged. Full sun to partial shade. Adapts to most soil types. Prune in late winter for shape. Highly resistant to Dutch elm disease. Excellent for bonsai — responds well to pruning and wiring. Non-toxic.,outdoorFullSun,medium,"[-10, 35]",5.0,5.0,7.0,14.0,neutral,wellDraining,nonToxic,moderate,
citrus-trees,Citrus Trees,Outdoor - Trees,"Evergreen fruit trees in the Rutaceae family with fragrant flowers and edible fruits, require warm climates or indoor protection.","Citrus limon (Lemon), C. sinensis (Orange, Sweet orange), C. × aurantifolia (Lime), C. reticulata (Mandarin, Tangerine)",Deep soak regularly (weekly in growing season). Keep consistently moist but well-drained. Reduce watering in winter when growth slows. Full sun essential (6-8 hours daily). Fertilize monthly spring through fall with citrus-specific fertilizer. Prune after fruiting to maintain shape. Protect from frost - bring indoors or cover if temperatures drop below 32°F. Fragrant flowers precede fruit. Require warm climates or indoor protection in winter. Evergreen; reduce watering in winter when growth slows.,outdoorFullSun,medium,"[13, 29]",7.0,7.0,14.0,,acidic,wellDraining,nonToxic,moderate,
coast-redwood,Coast Redwood,Outdoor - Trees,"The tallest trees on Earth, native to the foggy coastal forests of California and Oregon, with soft reddish bark and flat needles.","Sequoia sempervirens (Coast redwood, California redwood)","Keep soil consistently moist; benefits greatly from fog or supplemental misting in dry climates. Full sun to partial shade. Prefers deep, acidic, well-drained soil rich in organic matter. Fertilize young trees in spring. Needs humidity—struggles in arid inland climates. Very fast-growing (up to 1 meter per year). Non-toxic to pets. Pruning accordingly for any favorate tree shapes",outdoorFullSun,high,"[-5, 30]",7.0,5.0,10.0,,acidic,wellDraining,nonToxic,moderate,
conifers,Conifers,Outdoor - Trees,"Cone-bearing evergreen trees and shrubs, include pines, spruces, firs, and cedars, provide year-round structure.","Pinus (Pine, Eastern white pine, Scots pine), Picea (Spruce, Norway spruce, Blue spruce), Abies (Fir, Balsam fir), Cedrus (Cedar), Juniperus (Juniper)",Deep soak regularly (weekly during growing season). Water well before ground freezes in winter to prevent winter desiccation. Mulch around base to retain moisture and protect roots. Full sun preferred for most species. Fertilize in early spring with evergreen fertilizer. Prune in late winter/early spring. Many species are drought-tolerant once established. Provide year-round structure and privacy screening. Research specific species for exact requirements and mature size. Evergreen; reduce watering in winter when growth slows.,outdoorFullSun,medium,"[-10, 30]",7.0,10.0,10.0,,neutral,wellDraining,nonToxic,moderate,
crabapple,Crabapple,Outdoor - Trees,Small flowering tree with spring blossoms and persistent ornamental fruit; many disease-resistant cultivars.,Malus spp. (Flowering crabapple),"Water when top inch of soil is dry. Full sun essential. Well-draining soil. Fertilize in spring. Prune in late winter; thin for airflow. Choose disease-resistant cultivars (e.g. scab, fire blight). Fruit attracts birds. Edible fruit in some cultivars. Mildly toxic to pets—may cause GI upset.",outdoorFullSun,medium,"[-10, 35]",7.0,7.0,10.0,,neutral,wellDraining,mildlyToxic,moderate,
crepe-myrtle,Crepe Myrtle,Outdoor - Trees,"Deciduous flowering tree prized for long-lasting summer blooms in pink, purple, red, or white, and attractive exfoliating bark.","Lagerstroemia indica (Crepe myrtle), L. 'Natchez' (white), L. 'Tuscarora' (coral pink), L. 'Dynamite' (red)",Water deeply once per week during first two years; established trees are drought-tolerant. Full sun required for best flowering — minimum 6 hours direct. Prune in late winter to shape; avoid 'crepe murder' (severe topping). Fertilize in early spring with balanced slow-release fertilizer. Good air circulation prevents powdery mildew. Non-toxic to pets.,outdoorFullSun,medium,"[-5, 38]",7.0,7.0,14.0,,neutral,wellDraining,nonToxic,moderate,
dawn-redwood,Dawn Redwood,Outdoor - Trees,"Deciduous conifer discovered in China in 1944, previously known only from fossils, with feathery foliage that turns russet-bronze in autumn.",Metasequoia glyptostroboides (Dawn redwood),"Keep soil consistently moist, especially during the first few years. Tolerates wet and even temporarily flooded conditions. Full sun preferred. Prefers moist, slightly acidic, well-drained soil but adapts to various conditions. Fertilize in spring with balanced fertilizer. Fast-growing (up to 60 cm per year). Deciduous—drops needles in fall. Very cold-hardy. Non-toxic to pets. Pruning accordingly for any favorate tree shapes",outdoorFullSun,medium,"[-10, 35]",7.0,5.0,10.0,,acidic,wellDraining,nonToxic,moderate,
deciduous-trees,Deciduous Trees,Outdoor - Trees,"Trees that lose their leaves seasonally, provide shade in summer and allow light in winter.","Acer (Maple, Sugar maple, Red maple), Quercus (Oak, Red oak, White oak), Betula (Birch), Fraxinus (Ash), Ulmus (Elm)","Deep soak regularly (weekly for first 2-3 years). Water well during establishment period. Mature trees are more drought tolerant but benefit from deep watering during dry spells. Full sun to partial shade depending on species. Fertilize in early spring with tree fertilizer. Prune in late winter/early spring when dormant. Mulch around base to retain moisture. Provide shade in summer, allow light in winter. Research specific species for exact requirements.",outdoorFullSun,medium,"[10, 29]",10.0,10.0,21.0,,neutral,wellDraining,unknown,moderate,
desert-trees,Desert Trees,Outdoor - Trees,"Also known as: Mesquite. Trees adapted to arid desert conditions, extremely drought tolerant once established.","Prosopis (Mesquite, Honey mesquite), Acacia (Acacia, Sweet acacia), Parkinsonia (Palo verde, Blue palo verde), Olneya (Ironwood)","Minimal watering once established (monthly or less). Deep but infrequent watering during establishment (first 1-2 years). Allow to dry completely between waterings. Full sun essential. Well-draining soil critical. Fertilize sparingly if at all. Prune in late winter. Extremely drought tolerant once established. Adapted to arid desert conditions. Research specific species for exact requirements. Some are evergreen, others drought-deciduous. Research specific species for seasonal behavior.",outdoorFullSun,low,"[21, 38]",14.0,14.0,30.0,,alkaline,wellDraining,unknown,moderate,
dogwood,Dogwood,Outdoor - Trees,Deciduous trees and shrubs in the Cornaceae family with showy spring flowers and colorful fall foliage.,"Cornus florida (Flowering dogwood), C. kousa (Kousa dogwood, Japanese dogwood), C. nuttallii (Pacific dogwood), C. mas (Cornelian cherry)","Keep soil evenly moist, especially during flowering and fruit development. Prefer partial shade to full sun depending on climate. Well-drained, slightly acidic soil preferred. Fertilize in early spring with acid-loving plant fertilizer. Prune after flowering if needed. Mulch around base to retain moisture. Showy spring flowers and colorful fall foliage. Research specific species for exact requirements. Deciduous; reduce or withhold watering when leaves drop in fall.",outdoorPartialSun,medium,"[10, 27]",7.0,7.0,14.0,,acidic,wellDraining,nonToxic,moderate,
dragon-blood-tree,Dragon Blood Tree,Outdoor - Trees,"Iconic umbrella-shaped tree endemic to Socotra Island, Yemen. Known for its distinctive mushroom-like canopy and crimson red resin (dragon's blood) used in traditional medicine and dyes for centuries.","Dracaena cinnabari (Socotra dragon tree, Dragon blood tree)","Extremely drought tolerant once established. Full sun. Well-draining soil essential. Very slow growing — can live 300-600+ years. Difficult to cultivate outside its native habitat. Hardy in warm, arid climates only. Non-toxic. Remove yellowing or damaged leaves promptly.",outdoorFullSun,low,"[10, 40]",14.0,10.0,14.0,21.0,neutral,excellentDrainage,nonToxic,slow,
elm,Elm,Outdoor - Trees,"Also known as: American Elm, White Elm, Water Elm. Iconic deciduous shade tree with a vase-shaped canopy, once the dominant street tree in North America.","Ulmus americana (American elm), U. americana 'Princeton' (DED-resistant), U. americana 'Valley Forge' (DED-resistant), U. parvifolia (Chinese elm)",Full sun for optimal growth — tolerates partial shade. Water deeply 1-2 times per week when young; established trees need water only during dry spells. Adapts to many soil types; prefers neutral pH (6.0-7.5). Choose Dutch elm disease (DED) resistant cultivars. Prune in late fall or winter when dormant. Non-toxic to pets and humans.,outdoorFullSun,medium,"[-10, 38]",7.0,7.0,14.0,,neutral,wellDraining,nonToxic,moderate,
eucalyptus,Eucalyptus,Outdoor - Trees,"Also known as: Cider gum. Fast-growing evergreen trees native to Australia with aromatic, often silvery-blue foliage and distinctive peeling bark; widely planted for timber, ornamental value, and essential oil.","Eucalyptus gunnii (Cider gum), E. cinerea (Silver dollar tree), E. pauciflora subsp. niphophila (Snow gum), E. deglupta (Rainbow eucalyptus)","Water deeply and infrequently once established; young trees need regular watering during the first 2 years. Full sun is essential. Well-drained, slightly acidic soil is ideal; intolerant of waterlogged conditions. Fast-growing — can add 2-3 meters per year in good conditions. Prune to shape in late winter or early spring. Many species are fire-adapted with flammable oils, so consider placement carefully. Coppice multi-stemmed types annually for fresh juvenile foliage. Toxic to pets — eucalyptus oil is harmful if ingested.",outdoorFullSun,low,"[-5, 40]",7.0,7.0,14.0,14.0,acidic,wellDraining,toxic,moderate,
evergreen-trees,Evergreen Trees,Outdoor - Trees,"Trees that retain foliage year-round, provide year-round structure and privacy screening.","Pinus (Pine, Eastern white pine, Scots pine), Picea (Spruce, Norway spruce, Blue spruce), Abies (Fir, Balsam fir), Cedrus (Cedar)",Deep soak regularly (weekly during growing season). Water well before ground freezes in winter to prevent winter desiccation. Mulch around base to retain moisture and protect roots. Full sun to partial shade depending on species. Fertilize in early spring with evergreen fertilizer. Prune in late winter/early spring. Provide year-round structure and privacy screening. Research specific species for exact requirements. Evergreen; reduce watering in winter when growth slows.,outdoorFullSun,medium,"[10, 29]",10.0,10.0,21.0,,neutral,wellDraining,unknown,moderate,
fir,Fir,Outdoor - Trees,"Evergreen conifer with soft, flat needles and upright cones that disintegrate on the tree. Most popular Christmas tree genus alongside spruce.","Abies balsamea (Balsam fir), A. nordmanniana (Nordmann fir, most popular Christmas tree in Europe), A. concolor (White fir), A. procera (Noble fir)","Water regularly — firs prefer consistently moist soil. Full sun to partial shade; afternoon shade helpful in hot climates. Cool, moist, acidic soil rich in organic matter. Fertilize in early spring with acidic evergreen fertilizer. Minimal pruning needed — naturally forms a symmetrical cone. Prefers cool climates and struggles in heat and drought. Balsam fir produces aromatic resin used in Christmas wreaths. Fraser fir is the top-selling Christmas tree in the US. Non-toxic to pets.",outdoorPartialSun,high,"[-10, 25]",7.0,7.0,10.0,,acidic,wellDraining,nonToxic,moderate,
fruit-trees,Fruit Trees,Outdoor - Trees,"Deciduous and evergreen trees grown for edible fruits, require proper pruning and often need cross-pollination.","Malus domestica (Apple), Prunus persica (Peach), Pyrus (Pear), Prunus avium (Cherry)","Deep soak regularly (weekly during growing season). Increase watering during fruit development. Mulch around base to retain moisture. Full sun essential (6-8 hours daily). Fertilize in early spring with fruit tree fertilizer. Prune in late winter/early spring to maintain shape and encourage fruiting. Many require cross-pollination - plant compatible varieties nearby. Thin fruit for larger, healthier fruits. Protect from late frosts during flowering. Reduce watering when dormant in winter.",outdoorFullSun,medium,"[10, 29]",10.0,10.0,21.0,,neutral,wellDraining,nonToxic,moderate,
giant-sequoia,Giant Sequoia,Outdoor - Trees,"Also known as: Wellingtonia. The largest trees on Earth by volume, native to the western Sierra Nevada with massive trunks and spongy, fire-resistant bark.","Sequoiadendron giganteum (Giant sequoia, Sierra redwood, Wellingtonia)","Water regularly during establishment (first 3-5 years); mature trees are moderately drought-tolerant. Full sun preferred. Well-drained, deep soil. Fertilize young trees in spring with balanced fertilizer. Very long-lived—some specimens exceed 3,000 years. Extremely cold-hardy. Needs space for massive trunk and root system. Non-toxic to pets. Remove and shape excessive branches Minimal pruning needed. Remove dead or damaged branches only.",outdoorFullSun,medium,"[-10, 35]",7.0,7.0,14.0,,neutral,wellDraining,nonToxic,moderate,
ginkgo,Ginkgo,Outdoor - Trees,"Also known as: Maidenhair tree. Ancient deciduous trees in the Ginkgoaceae family, living fossil, popular street tree in China, male and female trees.","Ginkgo biloba (Ginkgo, Maidenhair tree), male cultivars (no fruit), 'Autumn Gold', 'Princeton Sentry'",Deep soak regularly during establishment. Mature trees are drought tolerant. Well-drained soil preferred. Full sun preferred. Fertilize in early spring during establishment. Prune in late winter. Ancient living fossil. Popular street tree in China. Plant male cultivars to avoid smelly fruit. Beautiful golden fall foliage. Very long-lived. Deciduous; reduce or withhold watering when leaves drop in fall. Mildly toxic to pets—may cause GI upset.,outdoorFullSun,medium,"[10, 29]",10.0,10.0,21.0,,neutral,wellDraining,mildlyToxic,moderate,
hornbeam,Hornbeam,Outdoor - Trees,Hardy deciduous tree with fluted bark; excellent for hedging and topiary.,Carpinus betulus (European hornbeam),"Keep soil moist when young. Full sun to partial shade. Tolerates heavy pruning. Fertilize in spring when establishing. Prune in late summer; excellent for formal hedges. Fall color yellow to orange. Dense wood—""ironwood.""",outdoorFullSun,medium,"[-10, 35]",7.0,7.0,10.0,,neutral,wellDraining,nonToxic,moderate,
italian-cypress,Italian Cypress,Outdoor - Trees,"Also known as: Pencil pine. Iconic narrow, columnar evergreen conifer with dark green, scale-like foliage; a defining element of Mediterranean and Tuscan landscapes.","Cupressus sempervirens (Italian cypress), C. sempervirens 'Stricta' (Columnar Italian cypress), C. sempervirens 'Swane's Gold' (Golden Italian cypress)","Water deeply but infrequently; drought-tolerant once established — overwatering is the main killer. Full sun is essential for its tight, columnar form. Well-drained, even rocky or gravelly soil is ideal; tolerates alkaline conditions and poor soil. Minimal pruning needed — trim only to remove dead branches. Does not tolerate heavy, waterlogged clay. Protect from sustained freezing winds in marginal zones. Plant in groups for a dramatic landscape statement. Non-toxic to pets.",outdoorFullSun,low,"[-10, 38]",10.0,10.0,14.0,,alkaline,excellentDrainage,nonToxic,moderate,
jacaranda,Jacaranda,Outdoor - Trees,Deciduous to semi-evergreen tropical tree famous for spectacular violet-blue flower clusters that blanket the canopy in spring. Iconic street tree worldwide.,"Jacaranda mimosifolia (Jacaranda, Blue jacaranda)",Water regularly when young; established trees are moderately drought tolerant. Full sun essential for best flowering. Well-drained soil; tolerates sandy and slightly alkaline conditions. Fertilize once in spring with balanced fertilizer. Prune only to shape — heavy pruning reduces flowering. Best flowering occurs after a dry winter period. Fast-growing (up to 1.5m per year when young). Weak wood is susceptible to wind damage. Non-toxic to pets.,outdoorFullSun,medium,"[0, 38]",7.0,5.0,10.0,14.0,neutral,wellDraining,nonToxic,moderate,
japanese-maple,Japanese Maple,Outdoor - Trees,"Graceful maple with delicate lobed leaves; red, green, or variegated; stunning fall color.",Acer palmatum (Japanese maple),"Keep soil evenly moist; avoid drought stress. Partial shade preferred—full sun can scorch leaves. Well-draining, slightly acidic soil. Fertilize lightly in spring. Prune in winter when dormant. Protect from wind. Red cultivars need some sun for color.",outdoorPartialSun,medium,"[-10, 35]",7.0,7.0,10.0,,neutral,wellDraining,nonToxic,moderate,
joshua-tree,Joshua Tree,Outdoor - Trees,"Iconic tree-like yucca of the Mojave Desert with twisted branches and spiky leaf clusters, a symbol of the American Southwest.",Yucca brevifolia (Joshua tree),"Extremely drought-tolerant; water deeply but infrequently (every 2-3 weeks in summer, rarely in winter). Full sun essential—needs intense direct sunlight. Requires excellent drainage; sandy or gravelly soil ideal. Do not fertilize. Very slow-growing. Protect from frost below -10°C. Mildly toxic (saponins) to pets. Remove dead or damaged foliage promptly.",outdoorFullSun,low,"[5, 45]",21.0,14.0,30.0,,neutral,excellentDrainage,mildlyToxic,moderate,
kapok-tree,Kapok Tree,Outdoor - Trees,"Massive tropical tree that can reach 60-70 meters with buttress roots and a wide canopy. Produces large pods containing silky, cotton-like fiber (kapok) used for stuffing and insulation.","Ceiba pentandra (Kapok tree, Silk-cotton tree, Java cotton)","Water regularly when young; drought tolerant once established. Full sun. Rich, well-draining soil. Fast growing in tropical climates. Cannot tolerate frost. Sacred tree in many cultures — the Mayan World Tree. Non-toxic. Remove flower stems and any damaged or rotting leaves promptly.",outdoorFullSun,high,"[15, 38]",7.0,7.0,10.0,,neutral,wellDraining,nonToxic,moderate,
larch,Larch,Outdoor - Trees,"Unique deciduous conifer that sheds its needles in autumn after turning brilliant golden-yellow. Fresh green spring foliage is remarkably soft. Native to cold, mountainous regions.","Larix decidua (European larch), L. kaempferi (Japanese larch), L. laricina (American larch, Tamarack)","Water regularly — larches prefer moist, cool conditions. Full sun essential; does not tolerate shade. Acidic, well-drained, moist soil. Fertilize in early spring with acidic fertilizer. Minimal pruning needed. The only common conifer that drops all its needles — golden fall color rivals any deciduous tree. Prefers cool, humid mountain climates — struggles in heat and drought. Tamarack tolerates boggy conditions. Fast-growing for a conifer. Non-toxic to pets.",outdoorFullSun,medium,"[-10, 25]",7.0,7.0,10.0,,acidic,wellDraining,nonToxic,moderate,
linden,Linden,Outdoor - Trees,"Also known as: Basswood, Tilia. Deciduous shade tree with heart-shaped leaves and intensely fragrant cream-colored flowers in summer. Major urban and park tree throughout Europe.","Tilia cordata (Small-leaved linden, Little-leaf linden), T. platyphyllos (Large-leaved linden), T. × europaea (Common linden), T. americana (American basswood)","Water regularly during establishment; moderately drought tolerant once mature. Full sun to partial shade. Prefers moist, well-drained, neutral to slightly alkaline soil. Fertilize annually in spring. Prune in late winter to maintain shape. Fragrant flowers attract bees prolifically — a major honey tree. Linden flower tea (tilleul) is a popular European herbal tea. Susceptible to aphids that produce honeydew — can make a sticky mess. Non-toxic to pets.",outdoorFullSun,medium,"[-10, 32]",7.0,5.0,10.0,,neutral,wellDraining,nonToxic,moderate,
magnolia,Magnolia,Outdoor - Trees,"Deciduous and evergreen trees in the Magnoliaceae family with large, fragrant flowers, many species are ancient flowering plants.","Magnolia grandiflora (Southern magnolia), M. × soulangeana (Saucer magnolia), M. stellata (Star magnolia), M. liliiflora (Lily magnolia)","Keep soil evenly moist, especially during flowering. Prefer consistently moist but well-drained soil. Full sun to partial shade. Fertilize in early spring with balanced fertilizer. Prune after flowering if needed. Mulch around base to retain moisture. Large, fragrant flowers. Many species are ancient flowering plants. Research specific species for exact requirements. Deciduous; reduce or withhold watering when leaves drop in fall.",outdoorFullSun,medium,"[10, 29]",7.0,7.0,14.0,,neutral,wellDraining,nonToxic,moderate,
magnolia-stellata,Star Magnolia,Outdoor - Trees,Compact deciduous magnolia with fragrant star-shaped white flowers appearing before leaves in early spring; ideal small garden tree.,"Magnolia stellata (Star magnolia), M. stellata 'Royal Star', M. stellata 'Rosea' (Pink star magnolia)","Water regularly during first 2-3 years; established trees are moderately drought-tolerant. Full sun to partial shade; protect from late frosts that damage early blooms. Prefers moist, acidic, well-draining soil rich in organic matter. Mulch around base to retain moisture and keep roots cool. Minimal pruning needed—prune only after flowering if necessary. Fertilize in spring with acid-loving plant food. Non-toxic to pets.",outdoorFullSun,medium,"[-10, 32]",7.0,7.0,14.0,,acidic,wellDraining,nonToxic,moderate,
mangrove,Mangrove,Outdoor - Trees,"Tropical coastal trees adapted to saltwater environments with distinctive aerial prop roots. Vital to coastal ecosystems, providing habitat and shoreline protection.","Rhizophora mangle (Red mangrove), Avicennia germinans (Black mangrove), Laguncularia racemosa (White mangrove)",Keep roots permanently submerged or in very wet soil. Full sun preferred. High humidity essential. Use brackish or saltwater for established plants; freshwater for seedlings. Fertilize sparingly — mangroves thrive in nutrient-poor conditions. Indoor cultivation possible in large containers with standing water. Prune to control size. Non-toxic to pets.,outdoorFullSun,veryHigh,"[15, 35]",3.0,3.0,5.0,7.0,neutral,waterloggingTolerant,nonToxic,moderate,
maple,Maple,Outdoor - Trees,"Deciduous trees in the Sapindaceae family known for brilliant fall foliage, many species are popular landscape trees.","Acer saccharum (Sugar maple), A. rubrum (Red maple), A. palmatum (Japanese maple), A. platanoides (Norway maple), A. saccharinum (Silver maple)",Deep soak regularly during establishment (first 2-3 years). Keep consistently moist but well-drained. Mature trees are more drought tolerant. Full sun to partial shade depending on species. Fertilize in early spring with tree fertilizer during establishment. Prune in late winter when dormant. Mulch around base. Brilliant fall foliage. Research specific species for exact requirements.,outdoorFullSun,medium,"[10, 29]",10.0,10.0,21.0,,neutral,wellDraining,nonToxic,moderate,
monkey-puzzle-tree,Monkey Puzzle Tree,Outdoor - Trees,"Also known as: Chilean Pine, Chile Pine. Ancient evergreen conifer with distinctive spiny, overlapping leaves and a striking symmetrical silhouette.","Araucaria araucana (Monkey puzzle tree), A. araucana 'Aurea' (golden foliage), A. heterophylla (Norfolk Island pine)","Full sun to light shade. Water regularly to keep soil moist — does not tolerate drought well. Prefers cool, maritime climates with abundant rainfall. Well-drained but moisture-retentive soil. Tolerates cold to -20°C once established. Slow-growing — avoid pruning as branches do not regrow. Protect from hot, dry summer conditions. Non-toxic to pets.",outdoorFullSun,medium,"[-10, 30]",7.0,5.0,10.0,,adaptable,wellDraining,nonToxic,moderate,
moringa,Moringa,Outdoor - Trees,"Fast-growing, drought-tolerant tree with edible leaves, pods, seeds, and flowers. Extremely nutritious — leaves contain high levels of vitamins and minerals.","Moringa oleifera (Moringa, Drumstick tree, Horseradish tree, Ben oil tree)","Water deeply once established, then allow soil to dry somewhat between waterings. Full sun essential. Well-draining sandy or loamy soil. Extremely fast growing — can reach 3+ meters in the first year. Cannot tolerate frost. Prune regularly to encourage bushier growth. Non-toxic — all parts are edible.",outdoorFullSun,medium,"[10, 40]",7.0,5.0,7.0,14.0,neutral,wellDraining,nonToxic,moderate,
neem,Neem Tree,Outdoor - Trees,"Evergreen tree native to the Indian subcontinent, widely cultivated for its medicinal and insecticidal properties. Nearly every part of the tree has been used in traditional medicine.","Azadirachta indica (Neem tree, Indian lilac, Margosa tree)","Water regularly when young; very drought tolerant once established. Full sun. Adapts to poor soils but prefers well-draining conditions. Fast growing. Cannot tolerate frost or prolonged cold. Neem oil from seeds is a popular organic pesticide. Mildly toxic if ingested in large quantities. Prune dead, diseased, or crossing branches. Best done during dormancy. Maintain central leader or natural form.",outdoorFullSun,medium,"[10, 42]",7.0,7.0,10.0,14.0,neutral,wellDraining,mildlyToxic,moderate,
oak,Oak,Outdoor - Trees,"Majestic deciduous and evergreen trees in the Fagaceae family, provide shade and wildlife habitat, many species are long-lived.","Quercus rubra (Red oak), Q. alba (White oak), Q. virginiana (Live oak), Q. palustris (Pin oak), Q. robur (English oak)",Deep soak regularly during establishment (first 2-3 years). Mature trees are drought tolerant but benefit from deep watering during extended dry periods. Full sun preferred. Fertilize in early spring with tree fertilizer during first 5 years. Prune in late winter when dormant. Mulch around base to retain moisture. Provide shade in summer. Many species live for centuries. Research specific species for exact requirements. Toxic to pets.,outdoorFullSun,medium,"[10, 29]",10.0,10.0,21.0,,neutral,wellDraining,toxic,slow,
pine,Pine,Outdoor - Trees,"Evergreen conifers in the Pinaceae family with needle-like leaves and woody cones, many species are long-lived and widely planted for timber, shelter, and ornament.","Pinus sylvestris (Scots pine), P. strobus (Eastern white pine), P. ponderosa (Ponderosa pine), P. mugo (Mugo pine), P. nigra (Austrian pine)","Water deeply during establishment (first 2-3 years). Mature trees are drought tolerant once established. Full sun essential - at least 6 hours daily. Prefer acidic, well-drained soil. Fertilize young trees in early spring with acid-forming fertilizer. Prune candles in spring to control growth - avoid cutting into old wood. Mulch with pine needles to maintain soil acidity. Avoid planting in waterlogged soil. Evergreen - no seasonal leaf drop. Many species live for centuries. Toxic to pets.",outdoorFullSun,low,"[-10, 35]",14.0,14.0,21.0,,acidic,wellDraining,mildlyToxic,slow,
plumeria,Plumeria,Outdoor - Trees,"Also known as: Frangipani. Tropical tree famous for its intensely fragrant, waxy flowers in white, yellow, pink, or red; widely associated with Hawaiian leis.","Plumeria rubra (Common frangipani), P. obtusa (Singapore plumeria), P. 'Celadine' (Yellow frangipani)",Water regularly during growing season but allow soil to dry between waterings; reduce to almost none in winter dormancy. Full sun essential—at least 6 hours daily for flowering. Well-draining soil critical; prone to root rot in wet conditions. Fertilize with high-phosphorus fertilizer every 2 weeks spring through fall to promote blooms. Goes dormant and drops leaves in winter—this is normal. Protect from frost. Propagates easily from cuttings—allow cut end to dry for a week before planting. Milky sap can irritate skin; mildly toxic to pets. Remove dead or damaged foliage promptly.,strongDirect,medium,"[10, 35]",7.0,7.0,14.0,30.0,acidic,excellentDrainage,mildlyToxic,moderate,
poplar,Poplar,Outdoor - Trees,"Also known as: Cottonwood. Fast-growing deciduous trees valued for shade, windbreaks, and timber. Lombardy poplar is one of the most recognizable columnar trees.","Populus nigra 'Italica' (Lombardy poplar), P. deltoides (Eastern cottonwood), P. tremula (European aspen), P. alba (White poplar)","Water regularly — poplars are thirsty trees that prefer moist conditions. Full sun essential. Tolerates most soil types including wet ground. Minimal fertilization needed. Prune in late winter. Extremely fast-growing (2-3m per year). Aggressive root systems — plant at least 15m from buildings, pipes, and foundations. Female cottonwoods produce messy cotton-like seeds. Lombardy poplar is short-lived (15-25 years) and prone to canker. Non-toxic to pets.",outdoorFullSun,medium,"[-10, 35]",5.0,3.0,7.0,,adaptable,moistureRetentive,nonToxic,moderate,
redbud,Redbud,Outdoor - Trees,Small tree with magenta flowers on bare branches in early spring; heart-shaped leaves.,Cercis canadensis (Eastern redbud),Keep soil evenly moist when young. Full sun to partial shade. Well-draining soil. Fertilize in spring. Prune after flowering if needed. Nitrogen-fixing. Susceptible to canker—avoid wounding. Edible flowers. Fall color yellow.,outdoorFullSun,medium,"[-10, 35]",7.0,7.0,10.0,,neutral,wellDraining,nonToxic,moderate,
redbud-chinese,Chinese Redbud,Outdoor - Trees,Large shrub or small tree with pink flowers on branches before leaves; more heat-tolerant than Eastern redbud.,Cercis chinensis (Chinese redbud),Keep soil evenly moist when young. Full sun to partial shade. Well-draining soil. Fertilize in spring. Prune after flowering. Tolerates heat better than C. canadensis. Often multi-trunked. Fall color yellow.,outdoorFullSun,medium,"[-10, 35]",7.0,7.0,10.0,,neutral,wellDraining,nonToxic,moderate,
river-birch,River Birch,Outdoor - Trees,Multi-trunk birch with distinctive peeling cinnamon-brown bark; tolerates wet soils.,Betula nigra (River birch),Keep soil consistently moist; tolerates wet sites. Full sun to partial shade. Acidic soil preferred. Fertilize in spring when young. Prune in late summer to avoid sap bleed. Resistant to bronze birch borer. Heat-tolerant. Often grown multi-trunked.,outdoorFullSun,medium,"[-10, 35]",7.0,7.0,10.0,,neutral,wellDraining,nonToxic,moderate,
serviceberry,Serviceberry,Outdoor - Trees,"Also known as: Juneberry. Small tree or large shrub with white spring flowers, edible berries, and brilliant fall color.","Amelanchier spp. (Serviceberry, Juneberry)",Keep soil evenly moist when young. Full sun to partial shade. Adapts to various soils. Fertilize in spring. Prune in late winter. Edible berries attract birds. Excellent fall color. Native to North America. Multi-season interest.,outdoorFullSun,medium,"[-10, 35]",7.0,7.0,10.0,,neutral,wellDraining,nonToxic,moderate,
smoke-tree,Smoke Tree,Outdoor - Trees,"Shrub or small tree with fluffy gray-pink ""smoke"" plumes and purple or green foliage.",Cotinus coggygria (Smoke bush),"Water when top inch of soil is dry. Full sun for best color and flowering. Well-draining soil. Fertilize in spring. Prune in late winter—cut hard for large leaves, light prune for plumes. Purple cultivars need full sun. Drought tolerant. Fall color orange to red. Mildly toxic to pets—sap may cause irritation; ingestion may cause GI upset.",outdoorFullSun,medium,"[-10, 35]",7.0,7.0,10.0,,neutral,wellDraining,mildlyToxic,moderate,
spruce,Spruce,Outdoor - Trees,"Evergreen conifer with stiff, sharp needles attached individually to branches. Classic Christmas tree shape. Important timber and paper pulp trees in northern forests.","Picea abies (Norway spruce), P. pungens (Blue spruce, Colorado spruce), P. glauca (White spruce), P. engelmannii (Engelmann spruce)","Water regularly when young; established trees need supplemental water only during drought. Full sun preferred; tolerates light shade. Acidic, well-drained, moist soil. Fertilize in early spring with acidic evergreen fertilizer. Prune only dead or damaged branches — do not cut into old wood as it won't regrow. Shallow root system — susceptible to wind throw. Blue spruce is one of the most popular landscape conifers. Prone to spider mites in hot, dry conditions. Non-toxic to pets.",outdoorFullSun,medium,"[-10, 25]",7.0,7.0,10.0,,acidic,wellDraining,nonToxic,moderate,
sweetgum,Sweetgum,Outdoor - Trees,Tall deciduous tree with star-shaped leaves and spiky seed balls; brilliant fall color.,Liquidambar styraciflua (American sweetgum),"Keep soil moist when young. Full sun preferred. Tolerates wet or dry soil. Fertilize in spring when establishing. Prune in late winter. Fall color red, orange, yellow. Seed balls can be messy—consider fruitless cultivars. Deep taproot.",outdoorFullSun,medium,"[-10, 35]",7.0,7.0,10.0,,neutral,wellDraining,nonToxic,moderate,
sycamore,Sycamore,Outdoor - Trees,"Massive deciduous tree with distinctive mottled bark that peels in patches to reveal cream, green, and tan colors. The most widely planted urban street tree worldwide.","Platanus × hispanica (London plane tree), P. occidentalis (American sycamore), P. orientalis (Oriental plane)","Water regularly during establishment; very tolerant of drought and urban conditions once mature. Full sun preferred. Highly adaptable to most soil types and pH levels. Fertilize annually in spring. Prune in winter to maintain clearance and shape. London plane is the premier urban tree — tolerates pollution, compacted soil, heat, and heavy pruning. Distinctive bark is ornamental year-round. Produces spiky seed balls. Very large tree (30m+) — needs ample space. Non-toxic to pets.",outdoorFullSun,medium,"[-10, 38]",7.0,5.0,10.0,,adaptable,wellDraining,nonToxic,moderate,
tulip-tree,Tulip Tree,Outdoor - Trees,"The tallest eastern North American hardwood, with unique four-lobed leaves and tulip-shaped yellow-green flowers in late spring.","Liriodendron tulipifera (Tulip tree, Yellow poplar, Tulip poplar)","Water deeply and regularly during establishment and dry spells; somewhat drought-sensitive. Full sun preferred. Prefers deep, moist, well-drained, slightly acidic to neutral soil. Fertilize young trees in early spring. Fast-growing shade tree. Prune in late winter when dormant. Aphids on leaves may produce sticky honeydew. Brilliant golden-yellow fall color. Non-toxic to pets.",outdoorFullSun,medium,"[-10, 35]",7.0,7.0,14.0,,neutral,wellDraining,nonToxic,moderate,
weeping-willow,Weeping Willow,Outdoor - Trees,Iconic deciduous tree with gracefully cascading branches that sweep to the ground. Fast-growing; often planted near water features and ponds for dramatic silhouette.,"Salix babylonica (Weeping willow), S. × sepulcralis 'Chrysocoma' (Golden weeping willow), S. alba 'Tristis'","Thrives in moist to wet soil; ideal near ponds, streams, and low-lying areas. Full sun preferred. Extremely fast-growing — can add 2-3m per year. Plant well away from foundations, septic systems, and underground pipes as roots are aggressive. Prune dead or damaged branches in late winter. Short-lived for a tree (30-50 years). Very cold-hardy. Non-toxic to pets.",outdoorFullSun,high,"[-10, 35]",5.0,5.0,10.0,,neutral,moistureRetentive,nonToxic,moderate,
willow,Willows,Outdoor - Trees,Fast-growing tree with gracefully cascading branches; needs ample water and space.,Salix babylonica (Weeping willow),Keep soil consistently moist; thrives near water. Full sun. Plant away from pipes and foundations—aggressive roots. Prune in late winter. Fast growth. Short-lived (30–50 years). Weak wood—susceptible to storm damage. Avoid in small yards.,outdoorFullSun,medium,"[-10, 35]",7.0,7.0,10.0,,neutral,wellDraining,nonToxic,moderate,
wollemi-pine,Wollemi Pine,Outdoor - Trees,"Living fossil discovered in 1994 in a remote canyon in Australia. Thought to have been extinct for 2 million years. Distinctive bubbly, chocolate-brown bark.","Wollemia nobilis (Wollemi pine, Dinosaur tree)","Water regularly; prefers consistently moist but not waterlogged soil. Partial shade to full sun. Prefers acidic, well-draining soil. Surprisingly adaptable in cultivation. Hardy to about -5°C. Slow growing. Non-toxic. Conservation status: critically endangered in the wild. Prune dead, diseased, or crossing branches. Best done during dormancy. Maintain central leader or natural form.",outdoorPartialSun,medium,"[-5, 35]",7.0,7.0,10.0,14.0,acidic,wellDraining,nonToxic,moderate,
abelia,Abelia,Outdoor - Shrubs,Also known as: Glossy abelia. Compact shrub with glossy leaves and tubular white-pink flowers; long bloom season.,Abelia × grandiflora (Glossy abelia),Water when top inch of soil is dry. Full sun to partial shade. Well-draining soil. Fertilize in spring. Prune lightly after flowering. Semi-evergreen to evergreen. Attracts pollinators. Deer resistant.,outdoorFullSun,medium,"[-10, 35]",7.0,7.0,10.0,,neutral,wellDraining,nonToxic,moderate,
arborvitae,Arborvitae,Outdoor - Shrubs,"Also known as: Eastern White Cedar, Northern White Cedar. Dense, evergreen conifer widely used for hedges, privacy screens, and windbreaks.","Thuja occidentalis (Eastern arborvitae), T. occidentalis 'Emerald Green' (Smaragd), T. occidentalis 'Degroot's Spire', T. plicata (Western red cedar)",Full sun to partial shade — at least 6 hours of sun for dense foliage. Water deeply once per week when young; established trees tolerate moderate drought. Well-drained soil essential — does not tolerate waterlogged conditions. Tolerates wide pH (6.0-8.0). Prune lightly in spring to shape. Protect from heavy snow and ice damage. Contains thujone — mildly toxic if large quantities are ingested.,outdoorFullSun,medium,"[-10, 35]",7.0,7.0,10.0,,adaptable,wellDraining,mildlyToxic,moderate,
azaleas,Azaleas,Outdoor - Shrubs,"Flowering shrubs in the Ericaceae family, part of the Rhododendron genus, prefer acidic soil and partial shade.","Rhododendron (Azalea), R. indicum (Southern Indian azalea), R. kiusianum (Kyushu azalea), evergreen and deciduous varieties, Kurume and Southern Indica hybrids",Keep soil consistently moist but well-drained (2-3 times per week). Acidic soil essential (pH 4.5-6.0) - use acidifying fertilizer and mulch with pine needles or oak leaves. Partial shade preferred - morning sun with afternoon shade is ideal. Fertilize in early spring with acid-loving plant fertilizer. Prune immediately after flowering. Mulch to keep roots cool and retain moisture. Don't plant too deep - keep root ball slightly above soil level. Research evergreen vs deciduous varieties for your climate. Deciduous varieties: reduce watering when dormant in winter. Toxic to pets.,outdoorPartialSun,medium,"[10, 27]",3.0,3.0,5.0,,acidic,wellDraining,toxic,moderate,
barberry,Barberry,Outdoor - Shrubs,"Thorny shrub with red, gold, or green foliage; small berries; invasive in many regions.",Berberis thunbergii (Japanese barberry),Water when top inch of soil is dry. Full sun for best color. Tolerates poor soil. Fertilize in spring. Prune in late winter—wear gloves for thorns. Deer resistant. Invasive in eastern North America—check local restrictions. Consider sterile cultivars. Mildly toxic to pets—may cause GI upset if ingested.,outdoorFullSun,medium,"[-10, 35]",7.0,7.0,10.0,,neutral,wellDraining,mildlyToxic,moderate,
beautyberry,Beautyberry,Outdoor - Shrubs,"Deciduous shrub with arching branches and vivid magenta-purple berry clusters that encircle the stems in autumn, providing striking fall and winter interest.","Callicarpa americana (American beautyberry), C. bodinieri var. giraldii 'Profusion', C. dichotoma (Purple beautyberry), C. japonica",Water regularly during establishment; moderately drought-tolerant once mature. Full sun to partial shade—more sun means more berries. Adaptable to most well-drained soils. Fertilize lightly in spring. Can be cut back hard to the ground in late winter to rejuvenate (blooms on new wood). Berries attract birds. Non-toxic to pets.,outdoorPartialSun,medium,"[-10, 35]",7.0,5.0,10.0,,neutral,wellDraining,nonToxic,moderate,
bottlebrush,Bottlebrush,Outdoor - Shrubs,"Australian native shrub or small tree with distinctive cylindrical flower spikes resembling bottle brushes. Flowers are typically brilliant red, attracting birds and bees.","Callistemon citrinus (Crimson bottlebrush, Lemon bottlebrush), C. viminalis (Weeping bottlebrush), Melaleuca (some species reclassified)","Water regularly during establishment; very drought tolerant once mature. Full sun essential for best flowering. Highly adaptable to poor, sandy, or clay soils; tolerates some salinity. Minimal fertilization needed — native plant adapted to nutrient-poor Australian soils. Prune lightly after flowering to maintain shape — do not cut into old wood. Excellent for coastal gardens. Seed capsules persist on branches for years. Attracts hummingbirds, bees, and honeyeaters. Non-toxic to pets.",outdoorFullSun,low,"[-5, 40]",7.0,5.0,10.0,14.0,adaptable,wellDraining,nonToxic,moderate,
boxwood,Boxwood,Outdoor - Shrubs,"Evergreen shrubs in the Buxaceae family with dense foliage, popular for hedges and topiary, slow-growing and long-lived.","Buxus sempervirens (Common boxwood, English boxwood), B. microphylla (Littleleaf boxwood), B. sinica (Korean boxwood)","Keep soil evenly moist, especially during establishment. Well-drained soil essential. Full sun to partial shade. Fertilize in early spring with balanced fertilizer. Prune in late spring or early summer to maintain shape. Mulch around base. Dense foliage perfect for hedges and topiary. Slow-growing and long-lived. Watch for boxwood blight and pests. Evergreen; reduce watering in winter when growth slows. Toxic to pets.",outdoorPartialSun,medium,"[10, 27]",7.0,7.0,14.0,,neutral,wellDraining,toxic,moderate,
burning-bush,Burning Bush,Outdoor - Shrubs,Shrub with corky winged branches; brilliant scarlet fall color; invasive in many areas.,Euonymus alatus (Winged euonymus),"Water when top inch of soil is dry. Full sun for best fall color. Adapts to most soils. Fertilize in spring. Prune in late winter. Invasive in eastern North America—avoid or use sterile cultivars. Berries toxic. Corky ""wings"" on stems distinctive. Toxic to pets.",outdoorFullSun,medium,"[-10, 35]",7.0,7.0,10.0,,neutral,wellDraining,toxic,moderate,
butterfly-bush,Butterfly Bush,Outdoor - Shrubs,Also known as: Summer lilac. Arching shrub with fragrant flower spikes; attracts butterflies; can be invasive.,Buddleja davidii (Summer lilac),Water when top inch of soil is dry. Full sun essential. Well-draining soil. Fertilize in spring. Prune hard in late winter—flowers on new growth. Deadhead to prolong bloom. Invasive in some regions—choose sterile cultivars. Deer resistant.,outdoorFullSun,medium,"[-10, 35]",7.0,7.0,10.0,,neutral,wellDraining,nonToxic,moderate,
camellia,Camellia,Outdoor - Shrubs,"Evergreen shrubs in the Theaceae family with beautiful flowers, includes tea plant, popular in Chinese gardens.","Camellia japonica (Japanese camellia), C. sinensis (Tea plant), C. sasanqua (Sasanqua camellia)","Keep soil evenly moist (weekly deep watering). Well-drained, acidic soil essential. Partial shade preferred - avoid hot afternoon sun. Fertilize in spring with acid-loving plant fertilizer. Prune after flowering. Beautiful flowers in winter/spring. Tea plant (C. sinensis) leaves are used for tea. Popular in Chinese gardens. Protect from harsh winds. Evergreen; reduce watering in winter when growth slows.",outdoorPartialSun,medium,"[10, 27]",7.0,7.0,14.0,,acidic,wellDraining,nonToxic,moderate,
caryopteris,Caryopteris,Outdoor - Shrubs,Also known as: Bluebeard. Compact shrub with blue flower clusters in late summer; silvery-gray foliage.,Caryopteris × clandonensis (Bluebeard),Water when top inch of soil is dry. Full sun preferred. Well-draining soil. Fertilize in spring. Cut back hard in late winter—flowers on new growth. Drought tolerant. Attracts bees and butterflies. Deer resistant. Late-season bloomer.,outdoorFullSun,medium,"[-10, 35]",7.0,7.0,10.0,,neutral,wellDraining,nonToxic,moderate,
cold-hardy-evergreens,Cold-Hardy Evergreens,Outdoor - Shrubs,"Evergreen plants that tolerate cold winter temperatures, provide year-round structure and color in landscapes.","Buxus (Boxwood), Ilex (Holly, American holly, English holly), Taxus (Yew), Juniperus (Juniper), Thuja (Arborvitae)",Deep soak regularly during growing season. Water well before ground freezes in winter to prevent winter desiccation (brown needles). Mulch around base to retain moisture and protect roots. Full sun to partial shade depending on species. Fertilize in early spring with evergreen fertilizer. Prune in late winter/early spring. Tolerate cold winter temperatures. Provide year-round structure and color. Research specific species for exact requirements. Toxic to pets.,outdoorFullSun,medium,"[10, 29]",10.0,10.0,21.0,30.0,neutral,wellDraining,toxic,moderate,
cotoneaster,Cotoneaster,Outdoor - Shrubs,"Spreading shrub with herringbone branches, small leaves, and red berries; groundcover or upright.","Cotoneaster horizontalis, C. dammeri",Water when top inch of soil is dry. Full sun to partial shade. Well-draining soil. Fertilize in spring. Prune after berries drop. Fire blight susceptible. Berries attract birds. Some species invasive—check locally. Drought tolerant once established. Toxic to pets.,outdoorFullSun,medium,"[-10, 35]",7.0,7.0,10.0,,neutral,wellDraining,toxic,moderate,
daphne,Daphne,Outdoor - Shrubs,"Compact, fragrant-flowering shrub prized for intensely sweet-scented winter and spring blooms. Among the most powerfully fragrant garden plants.","Daphne odora (Winter daphne, most fragrant), D. × burkwoodii (Burkwood daphne), D. mezereum (February daphne), D. cneorum (Rose daphne, Garland flower)","Water moderately — keep evenly moist but never waterlogged; daphnes are very sensitive to root rot. Partial shade preferred; protect from hot afternoon sun. Well-drained, neutral to slightly alkaline soil rich in organic matter. Fertilize lightly once in spring. Do not transplant or disturb roots — plant in its permanent position. Minimal pruning — does not respond well to hard cutting. Short-lived (10-15 years) but worth it for the fragrance. All parts are highly toxic, especially the berries — toxic to pets and humans.",outdoorPartialSun,medium,"[-10, 25]",5.0,5.0,7.0,14.0,neutral,wellDraining,toxic,moderate,
euonymus,Euonymus,Outdoor - Shrubs,"Versatile genus of evergreen and deciduous shrubs used extensively in landscaping for hedging, groundcover, and specimen planting. Includes the fiery-red burning bush.","Euonymus japonicus (Japanese euonymus), E. fortunei (Wintercreeper, Fortune's spindle), E. alatus (Burning bush, Winged spindle), E. europaeus (European spindle)","Water regularly during establishment; drought tolerant once mature. Full sun to partial shade — evergreen varieties tolerate shade well. Highly adaptable to most soils. Fertilize once in spring. Prune freely to maintain shape — tolerates hard pruning. E. alatus (burning bush) has spectacular scarlet fall color but is invasive in eastern North America — banned in some states. E. fortunei 'Emerald Gaiety' is the most popular variegated groundcover. Susceptible to scale insects. All parts toxic, especially fruits — toxic to pets.",outdoorFullSun,medium,"[-10, 32]",5.0,5.0,7.0,,adaptable,wellDraining,toxic,moderate,
evergreen-shrubs,Evergreen Shrubs,Outdoor - Shrubs,"Woody shrubs that retain foliage year-round, provide structure and privacy in landscapes.","Buxus (Boxwood, American boxwood), Ligustrum (Privet), Ilex (Holly, American holly), Taxus (Yew), Camellia",Deep soak regularly (weekly during growing season). Keep consistently moist during establishment (first 1-2 years). Water well before ground freezes in winter to prevent desiccation. Full sun to partial shade depending on species. Fertilize in early spring with shrub fertilizer. Prune in late winter/early spring to maintain shape. Mulch around base. Provide structure and privacy year-round. Research specific species for exact requirements. Evergreen; reduce watering in winter when growth slows. Toxic to pets.,outdoorFullSun,medium,"[10, 29]",7.0,7.0,14.0,,neutral,wellDraining,toxic,moderate,
flowering-shrubs,Flowering Shrubs,Outdoor - Shrubs,"Woody shrubs grown primarily for their flowers, many require specific soil pH for optimal bloom color.","Hydrangea (Bigleaf, Panicle, Oakleaf), Rhododendron (Azalea), Syringa (Lilac), Forsythia","Deep soak at base regularly (weekly during growing season). Keep consistently moist during flowering period. Mulch around base to retain moisture. Full sun to partial shade depending on species. Fertilize in early spring with flowering shrub fertilizer. Many require specific soil pH for optimal bloom color (e.g., hydrangeas - acidic for blue, alkaline for pink). Prune after flowering or in late winter depending on species. Research specific species for exact requirements. Deciduous in most climates; reduce watering when dormant in winter. Toxic to pets.",outdoorPartialSun,medium,"[10, 29]",7.0,7.0,14.0,,neutral,wellDraining,toxic,moderate,
forsythia,Forsythia,Outdoor - Shrubs,"One of the earliest spring-blooming shrubs, covered in bright yellow flowers before leaves emerge. Fast-growing and hardy; often used as hedging or specimen plants.","Forsythia × intermedia (Border forsythia), F. suspensa (Weeping forsythia), F. 'Lynwood Gold', F. 'Spring Glory'",Water regularly during first year; established plants are drought-tolerant. Full sun produces best flowering; tolerates partial shade. Prune immediately after flowering since blooms form on previous year's wood. Rejuvenate overgrown plants by cutting one-third of oldest stems to ground annually. Fertilize in early spring. Extremely cold-hardy. Non-toxic to pets.,outdoorFullSun,medium,"[-10, 35]",7.0,7.0,14.0,,neutral,wellDraining,nonToxic,moderate,
holly,Holly,Outdoor - Shrubs,Evergreen or deciduous shrub with spiny leaves and red berries; needs male and female for fruit.,"Ilex spp. (American holly, English holly)",Keep soil evenly moist. Full sun to partial shade. Slightly acidic soil preferred. Fertilize in spring. Prune in late winter. Male and female plants needed for berries. Berries toxic. Deer resistant. Many cultivars for size and form. Toxic to pets.,outdoorFullSun,medium,"[-10, 35]",7.0,7.0,10.0,,neutral,wellDraining,toxic,moderate,
hydrangeas,Hydrangeas,Outdoor - Shrubs,"Also known as: Mophead, Lacecap. Popular flowering shrubs in the Hydrangeaceae family, flower color depends on soil pH for some varieties.","Hydrangea macrophylla (Bigleaf hydrangea, Mophead, Lacecap), H. paniculata (Panicle hydrangea), H. arborescens (Smooth hydrangea), H. quercifolia (Oakleaf hydrangea)","Keep soil consistently moist (2-3 times per week). Water deeply during flowering period. Mulch to retain moisture. Partial shade preferred - morning sun with afternoon shade is ideal. Fertilize in early spring with balanced fertilizer. Bigleaf hydrangeas: acidic soil (pH 5.5) produces blue flowers; alkaline soil (pH 6.5+) produces pink flowers. Prune after flowering or in late winter depending on species. Research specific type for pruning requirements - some bloom on old wood, others on new wood. Deciduous varieties: reduce watering when dormant in winter. Toxic to pets.",outdoorPartialSun,medium,"[10, 27]",3.0,3.0,5.0,,acidic,wellDraining,toxic,moderate,
juniper,Juniper,Outdoor - Shrubs,"Evergreen coniferous shrubs and trees in the Cupressaceae family, drought-tolerant and versatile for landscapes.","Juniperus horizontalis (Creeping juniper, Blue rug juniper), J. chinensis (Chinese juniper), J. virginiana (Eastern red cedar), J. scopulorum (Rocky Mountain juniper)",Water deeply but infrequently once established (every 2-3 weeks). Very drought tolerant. Well-drained soil essential. Full sun preferred. Fertilize sparingly in spring with evergreen fertilizer. Prune in late winter or early spring. Many varieties available from groundcovers to trees. Very versatile for landscapes. Evergreen; reduce watering in winter when growth slows. Mildly toxic to pets—may cause GI upset.,outdoorFullSun,low,"[10, 29]",14.0,14.0,21.0,,neutral,wellDraining,mildlyToxic,slow,
knockout-rose,Knock Out Rose,Outdoor - Shrubs,"Disease-resistant, continuously blooming landscape rose that revolutionized home rose growing. Requires minimal maintenance compared to traditional hybrid tea roses.","Rosa 'Radrazz' (Knock Out rose), 'Double Knock Out' (double petals), 'Pink Knock Out', 'Sunny Knock Out' (yellow)","Water deeply once or twice a week. Full sun (6+ hours). Well-draining, slightly acidic soil. Prune in early spring to 12-18 inches. Self-cleaning — no deadheading needed. Highly resistant to black spot. Fertilize in spring and summer. Non-toxic.",outdoorFullSun,medium,"[-10, 35]",5.0,5.0,7.0,,acidic,wellDraining,nonToxic,moderate,
lavender,Lavender,Outdoor - Shrubs,"Also known as: English lavender. Aromatic flowering herbs in the Lamiaceae family with silvery foliage and fragrant purple flowers, drought-tolerant once established.","Lavandula angustifolia (English lavender), L. stoechas (Spanish lavender), L. × intermedia (Lavandin)",Water when soil is dry (every 1-2 weeks once established). Well-draining soil essential - avoid heavy clay. Avoid overwatering which causes root rot. Full sun essential (6-8 hours daily). Drought-tolerant once established. Fertilize sparingly in spring with low-nitrogen fertilizer. Prune after flowering to maintain shape. Harvest flowers when buds are just opening. Silvery foliage and fragrant purple flowers. Excellent for dry gardens. Evergreen; reduce watering in winter when growth slows. Mildly toxic to pets—may cause GI upset.,outdoorFullSun,low,"[16, 24]",7.0,10.0,14.0,,alkaline,wellDraining,mildlyToxic,moderate,
leadplant,Leadplant,Outdoor - Shrubs,"Native prairie shrub with silvery-gray foliage and purple flower spikes; nitrogen-fixing, drought tolerant, attracts pollinators.",Amorpha canescens,"Water when top 2 inches dry; very drought-tolerant once established. Full sun. Deep taproot fixes nitrogen—improves surrounding soil. Sandy to loamy, well-draining soil. Rarely needs fertilizer. Cut back in late winter. Slow to establish but extremely long-lived.",outdoorFullSun,medium,"[10, 32]",7.0,7.0,10.0,,neutral,wellDraining,nonToxic,moderate,
lilac,Lilac,Outdoor - Shrubs,"Deciduous shrubs in the Oleaceae family with fragrant spring flowers in shades of purple, pink, white, and blue.","Syringa vulgaris (Common lilac, French lilac), S. × persica (Persian lilac), S. reticulata (Japanese tree lilac)","Keep soil evenly moist during growing season. Well-drained, slightly alkaline soil preferred. Full sun essential for best flowering. Fertilize in early spring with balanced fertilizer. Prune immediately after flowering to remove spent blooms and shape. Remove old canes to rejuvenate. Fragrant spring flowers. Very cold hardy. Deciduous varieties: reduce watering when dormant in winter.",outdoorFullSun,medium,"[5, 27]",7.0,7.0,14.0,,alkaline,wellDraining,nonToxic,moderate,
limelight-hydrangea,Limelight Hydrangea,Outdoor - Shrubs,"Panicle hydrangea with large, cone-shaped flower clusters that emerge lime-green, turn white, then fade to pink in fall. Blooms on new wood, so reliable even after harsh winters.","Hydrangea paniculata 'Limelight' (Limelight hydrangea), 'Little Lime' (dwarf form), 'Limelight Prime'","Water regularly — prefers consistently moist soil. Partial sun to full sun. Unlike bigleaf hydrangeas, flower color is not affected by soil pH. Prune in late winter or early spring. Blooms on new wood. Very cold hardy. Toxic if ingested. Toxic to pets.",outdoorPartialSun,medium,"[-10, 32]",5.0,5.0,7.0,,acidic,moistureRetentive,toxic,moderate,
loropetalum,Loropetalum,Outdoor - Shrubs,Also known as: Chinese fringe flower. Shrub with purple or green foliage and fringed white or pink flowers; related to witch hazel.,Loropetalum chinense (Chinese fringe flower),"Water when top inch of soil is dry. Full sun for best color. Well-draining, slightly acidic soil. Fertilize in spring. Prune after flowering. Purple cultivars need sun for color. Cold-sensitive in marginal zones. Fast-growing. Versatile size.",outdoorFullSun,medium,"[-10, 35]",7.0,7.0,10.0,,neutral,wellDraining,nonToxic,moderate,
mountain-laurel,Mountain Laurel,Outdoor - Shrubs,Evergreen shrub native to eastern North America with leathery leaves and stunning clusters of geometric cup-shaped flowers with unique spring-loaded stamens.,"Kalmia latifolia (Mountain laurel), K. latifolia 'Olympic Fire', K. latifolia 'Elf', K. latifolia 'Carousel'",Keep soil consistently moist but well-drained; never allow to sit in standing water. Partial shade preferred—tolerates deep shade but flowers best with morning sun. Requires acidic soil (pH 4.5-5.5); mulch with pine needles or oak leaves. Fertilize lightly in spring with acid-loving plant fertilizer. Minimal pruning—remove spent flower clusters to encourage next year's bloom. Toxic to pets and humans (grayanotoxins).,outdoorPartialSun,medium,"[-10, 30]",5.0,5.0,7.0,,acidic,wellDraining,toxic,moderate,
nandina,Nandina,Outdoor - Shrubs,Bamboo-like shrub with ferny foliage; red fall color and berries; invasive in Southeast US.,Nandina domestica (Heavenly bamboo),Water when top inch of soil is dry. Full sun to partial shade. Adapts to most soils. Fertilize in spring. Prune to remove old canes. Toxic to pets. Berries toxic to birds—choose fruitless cultivars. Invasive in warm climates. Not a true bamboo.,outdoorFullSun,medium,"[-10, 35]",7.0,7.0,10.0,,neutral,wellDraining,toxic,moderate,
ninebark,Ninebark,Outdoor - Shrubs,Hardy shrub with peeling bark and colorful foliage; white or pink flower clusters.,Physocarpus opulifolius,Water when top inch of soil is dry. Full sun for best color. Tolerates various soils. Fertilize in spring. Prune in late winter—rejuvenation prune if overgrown. Bark peels in layers. Purple and gold cultivars available. Native. Deer resistant. Mildly toxic to pets—bark may cause GI upset if ingested.,outdoorFullSun,medium,"[-10, 35]",7.0,7.0,10.0,,neutral,wellDraining,mildlyToxic,moderate,
oleander,Oleander,Outdoor - Shrubs,"Evergreen shrub with clusters of fragrant, funnel-shaped flowers in white, pink, red, or yellow. Extremely heat- and drought-tolerant. One of the most toxic ornamental plants — all parts are poisonous.",Nerium oleander (Oleander),"Water sparingly once established — extremely drought tolerant. Full sun essential for best flowering. Highly adaptable to poor, alkaline, or salty soils. Fertilize once in spring. Prune after main flowering flush to shape and remove old wood. Fast-growing and excellent as screen, hedge, or highway median planting. All parts of the plant are highly toxic — ingestion of even small amounts can be fatal to humans and animals. Do not burn trimmings (smoke is toxic). Wear gloves when pruning. Toxic to pets — extremely dangerous.",outdoorFullSun,low,"[-5, 42]",7.0,5.0,10.0,14.0,adaptable,wellDraining,toxic,moderate,
osmanthus,Osmanthus,Outdoor - Shrubs,"Also known as: Sweet osmanthus. Evergreen shrubs in the Oleaceae family with highly fragrant flowers, popular in Chinese gardens and tea.","Osmanthus fragrans (Sweet osmanthus, Fragrant olive, Tea olive), O. × fortunei, various cultivars","Keep soil evenly moist (weekly deep watering). Well-drained, slightly acidic soil preferred. Full sun to partial shade. Fertilize in early spring with acid-loving plant fertilizer. Prune after flowering to maintain shape. Highly fragrant flowers in fall. Popular in Chinese gardens and tea. Can be grown in containers. Evergreen foliage. Evergreen; reduce watering in winter when growth slows.",outdoorPartialSun,medium,"[10, 27]",7.0,7.0,14.0,,acidic,wellDraining,nonToxic,moderate,
photinia,Photinia,Outdoor - Shrubs,Also known as: Red Robin. Evergreen shrub beloved for its brilliant red new growth that matures to glossy dark green. One of the most popular hedging plants in Europe.,"Photinia × fraseri 'Red Robin' (Red Robin photinia), P. serratifolia (Chinese photinia), P. glabra (Japanese photinia)",Water regularly during establishment; moderately drought tolerant once mature. Full sun for best red color on new growth; tolerates partial shade but produces less vivid color. Well-drained soil preferred. Fertilize in spring with balanced fertilizer to encourage new red growth. Prune 2-3 times per year for hedges — each pruning stimulates a flush of red new leaves. Susceptible to leaf spot (Entomosporium) in humid climates — ensure good air circulation. Fast-growing. Mildly toxic to pets (contains cyanogenic glycosides in seeds).,outdoorFullSun,medium,"[-10, 32]",5.0,5.0,7.0,14.0,neutral,wellDraining,mildlyToxic,moderate,
pieris,Pieris,Outdoor - Shrubs,"Also known as: Lily of the valley shrub, Andromeda. Evergreen shrub with cascading clusters of bell-shaped white or pink flowers in spring and colorful new growth in shades of red, bronze, or pink.","Pieris japonica (Japanese pieris, Lily of the valley shrub), P. japonica 'Mountain Fire', P. japonica 'Flaming Silver'",Keep soil consistently moist but not waterlogged; water deeply during dry periods. Partial shade preferred—morning sun with afternoon shade is ideal. Requires acidic soil (pH 4.5-6.0); amend with peat or sulfur if needed. Mulch with pine needles or bark to maintain acidity. Prune lightly after flowering to shape. Fertilize in spring with acid-loving plant food. All parts toxic to pets and humans (grayanotoxins).,outdoorPartialSun,medium,"[-10, 30]",7.0,7.0,10.0,,acidic,wellDraining,toxic,moderate,
plumbago,Plumbago,Outdoor - Shrubs,"Also known as: Cape leadwort. Sprawling subtropical shrub with clusters of sky-blue phlox-like flowers blooming profusely from spring through fall. Excellent for fences, arbors, and containers.","Plumbago auriculata (Cape plumbago), P. auriculata 'Alba' (white), P. auriculata 'Royal Cape' (deep blue)",Water regularly during bloom season; drought-tolerant once established. Full sun produces heaviest flowering; tolerates partial shade. Prune hard in late winter to encourage bushy growth. Fertilize monthly during growing season. Fast grower; can become leggy without pruning. Mildly toxic — may cause skin irritation. Protect from hard frost.,outdoorFullSun,medium,"[-5, 35]",5.0,5.0,10.0,,neutral,wellDraining,mildlyToxic,moderate,
privet,Privet,Outdoor - Shrubs,"Dense, fast-growing shrub widely used for formal hedging. Semi-evergreen to evergreen depending on climate. Tolerates heavy pruning and shaping, making it the classic hedge plant.","Ligustrum vulgare (Common privet), L. ovalifolium (Oval-leaved privet, California privet), L. japonicum (Japanese privet), L. lucidum (Glossy privet)","Water regularly during establishment; moderately drought tolerant once mature. Full sun to partial shade. Highly adaptable to most soil types and pH levels. Fertilize once in spring. Prune 2-3 times per year for formal hedges — responds vigorously to hard pruning. Extremely fast-growing (30-60cm per year). Some species (L. lucidum, L. sinense) are highly invasive in many regions — check local regulations before planting. Small white flowers have a strong scent (unpleasant to some). Berries and leaves are mildly toxic to pets.",outdoorFullSun,medium,"[-10, 35]",5.0,5.0,7.0,,adaptable,wellDraining,mildlyToxic,moderate,
pyracantha,Firethorn,Outdoor - Shrubs,"Also known as: Pyracantha. Thorny evergreen shrub with masses of small white spring flowers followed by spectacular clusters of orange, red, or yellow berries in autumn and winter.","Pyracantha coccinea (Scarlet firethorn), P. angustifolia (Narrowleaf firethorn), P. 'Orange Glow', P. 'Mohave'","Water regularly during establishment; drought tolerant once mature. Full sun for best berry production; tolerates partial shade. Adaptable to most well-drained soils. Fertilize once in spring. Prune after flowering to shape and control growth — wear thick gloves (very sharp thorns). Excellent wall shrub or informal hedge with built-in security (thorns deter intruders). Berries persist through winter, providing vital food for birds. Can be trained as espalier on walls and fences. Berries are mildly toxic raw but can be cooked into jelly. Mildly toxic to pets.",outdoorFullSun,medium,"[-10, 35]",5.0,5.0,7.0,14.0,adaptable,wellDraining,mildlyToxic,moderate,
rhododendrons,Rhododendrons,Outdoor - Shrubs,"Evergreen and deciduous flowering shrubs in the Ericaceae family, prefer acidic soil and partial shade, many are large-growing.","Rhododendron (Rhododendron), R. catawbiense (Catawba rhododendron), R. maximum (Rosebay rhododendron), R. yakushimanum (Yakushima rhododendron), large-leaved and small-leaved varieties",Keep soil consistently moist but well-drained (2-3 times per week). Acidic soil essential (pH 4.5-6.0) - use acidifying fertilizer and mulch with pine needles or oak leaves. Partial shade preferred - morning sun with afternoon shade is ideal. Protect from hot afternoon sun. Fertilize in early spring with acid-loving plant fertilizer. Prune immediately after flowering if needed. Mulch to keep roots cool and retain moisture. Don't plant too deep. Research specific variety for mature size - some grow very large. Deciduous varieties: reduce watering when dormant in winter. Toxic to pets.,outdoorPartialSun,medium,"[5, 27]",3.0,3.0,5.0,,acidic,wellDraining,toxic,moderate,
rose-of-sharon,Rose of Sharon,Outdoor - Shrubs,Upright shrub with late-summer hibiscus flowers; can self-seed prolifically.,Hibiscus syriacus (Shrub althea),Water when top inch of soil is dry. Full sun preferred. Well-draining soil. Fertilize in spring. Prune in late winter. Choose sterile cultivars to avoid seed spread. Flowers on new growth. Drought tolerant. Single or double flowers.,outdoorFullSun,medium,"[-10, 35]",7.0,7.0,10.0,,neutral,wellDraining,nonToxic,moderate,
rosemary,Rosemary,Outdoor - Shrubs,"Aromatic evergreen herbs in the Lamiaceae family, drought-tolerant once established, can grow as shrub or groundcover.","Salvia rosmarinus (syn. Rosmarinus officinalis) (Rosemary), upright and prostrate varieties, R. officinalis 'Arp' (cold-hardy), R. officinalis 'Tuscan Blue'",Water when soil is dry (every 1-2 weeks once established). Avoid overwatering which causes root rot. Well-draining soil essential. Very drought tolerant once established. Full sun essential (6-8 hours daily). Fertilize sparingly in spring. Prune regularly to harvest and maintain shape. Can grow as shrub or groundcover depending on variety. Aromatic evergreen herb. Excellent for Mediterranean gardens. Evergreen; reduce watering in winter when growth slows.,outdoorFullSun,low,"[13, 27]",7.0,10.0,14.0,,alkaline,wellDraining,nonToxic,moderate,
roses,Roses,Outdoor - Shrubs,"Classic flowering shrubs in the Rosaceae family with fragrant blooms, require good air circulation.","Rosa (Rose), various types: Hybrid tea, Floribunda, Grandiflora, Climbing roses","Regular deep watering at base (2-3 times per week during growing season). Avoid wetting leaves to prevent disease (black spot, powdery mildew). Mulch around base to retain moisture. Full sun essential (6-8 hours daily). Fertilize monthly spring through fall with rose fertilizer. Prune in late winter/early spring. Deadhead spent flowers to encourage reblooming. Good air circulation essential to prevent disease. Research specific type for exact requirements. Deciduous in most climates; reduce watering when dormant in winter.",outdoorFullSun,medium,"[16, 24]",3.0,3.0,5.0,,neutral,wellDraining,nonToxic,moderate,
russian-sage,Russian Sage,Outdoor - Shrubs,Upright perennial with lavender-blue flower spikes and silvery foliage; aromatic.,"Salvia yangii (syn. Perovskia atriplicifolia; Russian sage), S. yangii 'Blue Spire'",Water when top inch of soil is dry. Full sun essential. Well-draining soil; drought tolerant. Fertilize sparingly. Cut back to ground in late winter. Deer resistant. Attracts pollinators.,outdoorFullSun,medium,"[-10, 35]",7.0,7.0,10.0,,neutral,wellDraining,nonToxic,moderate,
spirea,Spirea,Outdoor - Shrubs,Versatile shrub with spring or summer flowers; mound-forming or cascading forms.,"Spiraea japonica, S. prunifolia (Bridal wreath)",Water when top inch of soil is dry. Full sun preferred. Adapts to most soils. Fertilize in spring. Spring bloomers: prune after flowering. Summer bloomers: prune in late winter. Tough and easy. Many cultivars for size and color.,outdoorFullSun,medium,"[-10, 35]",7.0,7.0,10.0,,neutral,wellDraining,nonToxic,moderate,
tree-peony,Tree Peony,Outdoor - Shrubs,"Woody shrub peony producing enormous, ruffled flowers (15-25cm across) in spring. Called the 'King of Flowers' in Chinese culture with over 1,500 years of cultivation.","Paeonia suffruticosa (Tree peony, Moutan peony), P. rockii (Rock's tree peony), P. × lemoinei (Hybrid tree peony)","Water regularly but do not overwater — root rot is the main killer. Morning sun with afternoon shade is ideal; protect blooms from hot afternoon sun. Rich, well-drained, neutral to slightly alkaline soil. Fertilize after flowering with balanced fertilizer and again in early fall. Do NOT cut back woody stems in winter (unlike herbaceous peonies). Plant the graft union 10-15cm below soil surface. Very slow-growing but extremely long-lived. Flowers are among the largest and most spectacular in the plant kingdom. Non-toxic to pets.",outdoorPartialSun,medium,"[-10, 30]",7.0,7.0,10.0,,neutral,wellDraining,nonToxic,moderate,
viburnum,Viburnum,Outdoor - Shrubs,"Deciduous and evergreen shrubs in the Adoxaceae family with showy flowers, colorful berries, and fall foliage.","Viburnum opulus (European cranberrybush, Snowball viburnum), V. dentatum (Arrowwood), V. plicatum (Japanese snowball), V. carlesii (Koreanspice viburnum)","Keep soil evenly moist, especially during flowering and fruiting. Well-drained soil preferred. Full sun to partial shade. Fertilize in early spring with balanced fertilizer. Prune after flowering if needed. Mulch around base. Showy flowers, colorful berries, and fall foliage. Many species attract birds. Research specific species for exact requirements. Deciduous varieties: reduce watering when dormant in winter.",outdoorPartialSun,medium,"[10, 27]",7.0,7.0,14.0,,neutral,wellDraining,nonToxic,moderate,
weigela,Weigela,Outdoor - Shrubs,"Architectural shrub with trumpet flowers in spring; green, gold, or variegated foliage.",Weigela florida,Water when top inch of soil is dry. Full sun for best bloom. Well-draining soil. Fertilize in spring. Prune after flowering—remove old wood. May rebloom lightly. Hummingbird magnet. Deer resistant. Many cultivars for size and leaf color.,outdoorFullSun,medium,"[-10, 35]",7.0,7.0,10.0,,neutral,wellDraining,nonToxic,moderate,
witch-hazel,Witch Hazel,Outdoor - Shrubs,"Deciduous shrub or small tree that blooms in late winter to early spring with fragrant, spidery, ribbon-like flowers in yellow, orange, or red when most other plants are dormant.","Hamamelis virginiana (Common witch hazel), H. x intermedia 'Jelena', H. x intermedia 'Arnold Promise', H. mollis (Chinese witch hazel)","Keep soil evenly moist, especially during establishment. Partial shade to full sun; afternoon shade beneficial in hot climates. Prefers moist, acidic, well-drained soil rich in organic matter. Fertilize lightly in spring. Minimal pruning needed—prune right after flowering if shaping is desired. Valued for winter interest when little else blooms. Non-toxic to pets.",outdoorPartialSun,medium,"[-10, 30]",7.0,7.0,10.0,,acidic,wellDraining,nonToxic,moderate,
yew,Yew,Outdoor - Shrubs,Ancient evergreen conifer with dark green needles and red berry-like arils. Extremely long-lived and tolerant of heavy pruning; one of the finest hedge and topiary plants.,"Taxus baccata (English yew), T. cuspidata (Japanese yew), T. × media 'Hicksii' (Hicks yew), T. 'Fastigiata' (Irish yew)",Water regularly when young; established yews tolerate drought. Partial sun to full shade — one of few conifers thriving in deep shade. Well-drained soil essential — yews will not tolerate wet feet. Prune anytime for shaping; responds well to hard renovation pruning. Fertilize in early spring. Extremely cold-hardy. All parts highly toxic to pets and humans except the red aril flesh.,outdoorPartialSun,medium,"[-10, 30]",7.0,7.0,14.0,,neutral,wellDraining,toxic,slow,
agapanthus,Agapanthus,Outdoor - Perennials,"Also known as: African lily. Clump-forming perennial with strap-shaped leaves and spectacular rounded clusters of blue, purple, or white trumpet flowers on tall stalks.","Agapanthus africanus (African lily), A. praecox (Lily of the Nile), A. 'Storm Cloud' (deep blue), A. 'White Heaven'",Water regularly during growing season; reduce in winter. Full sun produces best flowering. Performs best when slightly root-bound — do not over-pot. Divide congested clumps every 4-5 years after flowering. Fertilize monthly spring through fall with high-potassium fertilizer. Evergreen types less cold-hardy than deciduous. Mulch in cold climates. Mildly toxic if ingested. Remove dead or damaged foliage promptly.,outdoorFullSun,medium,"[-5, 35]",7.0,5.0,10.0,,neutral,wellDraining,mildlyToxic,moderate,
agastache,Agastache,Outdoor - Perennials,"Also known as: Hyssop. Aromatic perennial with dense spikes of tubular flowers in orange, pink, purple, or blue; a magnet for hummingbirds, bees, and butterflies.","Agastache foeniculum (Anise hyssop), A. rupestris (Sunset hyssop), A. 'Blue Fortune' (Blue Fortune hyssop), A. aurantiaca 'Coronado' (Coronado hyssop)","Water sparingly once established; very drought-tolerant and sensitive to overwatering, especially in winter. Full sun (6+ hours) is essential for the most flowers and most aromatic foliage. Excellent drainage is critical — thrives in lean, sandy, or gravelly soil and struggles in heavy clay. Do not cut back in fall; leave stems standing through winter for protection, then prune to new growth in spring. Short-lived (3-5 years) but self-seeds freely. Deer and rabbit resistant due to aromatic foliage. Non-toxic to pets — anise hyssop leaves are even edible for humans.",outdoorFullSun,low,"[-10, 35]",7.0,7.0,10.0,,neutral,excellentDrainage,nonToxic,moderate,
asters,Asters,Outdoor - Perennials,"Fall-blooming perennial flowering plants in the Asteraceae family, provide late-season color with daisy-like flowers.","Symphyotrichum (Aster, New England aster), S. novae-angliae (New England aster), S. novi-belgii (New York aster), Callistephus (China aster, annual)",Keep soil evenly moist (2-3 times per week). Water deeply during flowering period. Full sun preferred for best flowering. Fertilize in early spring with balanced fertilizer. Pinch back in early summer to encourage bushier growth and more flowers. Divide every 2-3 years in spring. Stake tall varieties. Remove spent flowers to encourage more blooms. Excellent for fall color. Attract butterflies and pollinators. Research perennial vs annual varieties. Herbaceous perennials die back; reduce watering when dormant.,outdoorFullSun,medium,"[10, 27]",3.0,3.0,3.0,,neutral,wellDraining,nonToxic,moderate,
astilbe,Astilbe,Outdoor - Perennials,"Also known as: False spirea. Feathery plumes in pink, white, or red; thrives in moist shade.",Astilbe × arendsii (False spirea),"Keep soil consistently moist. Partial to full shade; burns in full sun. Rich, well-draining soil. Fertilize in spring. Divide every 3–4 years. Deadhead spent plumes. Attracts pollinators. Deer resistant.",outdoorPartialSun,medium,"[-10, 35]",7.0,7.0,10.0,,neutral,wellDraining,nonToxic,moderate,
bee-balm,Bee Balm,Outdoor - Perennials,"Also known as: Bergamot. Native perennial with shaggy red, pink, or purple flowers; aromatic foliage.",Monarda didyma (Bergamot),"Keep soil evenly moist. Full sun to partial shade. Well-draining soil. Fertilize in spring. Prone to mildew—plant for airflow, choose resistant cultivars. Deadhead to prolong bloom. Divide every 2–3 years. Attracts hummingbirds and bees.",outdoorFullSun,medium,"[-10, 35]",7.0,7.0,10.0,,neutral,wellDraining,nonToxic,moderate,
black-eyed-susan,Black-Eyed Susan,Outdoor - Perennials,"Also known as: Gloriosa daisy. Herbaceous perennials in the Asteraceae family with bright yellow daisy-like flowers and dark centers, native wildflowers.","Rudbeckia hirta (Black-eyed Susan, Gloriosa daisy), R. fulgida (Orange coneflower), R. laciniata (Cutleaf coneflower), R. triloba (Brown-eyed Susan)",Water deeply once per week during growing season. Drought tolerant once established. Well-drained soil preferred. Full sun essential for best flowering. Fertilize in early spring with balanced fertilizer. Deadhead spent flowers to encourage reblooming. Self-seeds readily. Divide every 3-4 years. Bright yellow daisy-like flowers. Native wildflowers. Herbaceous perennials die back; reduce watering when dormant.,outdoorFullSun,medium,"[10, 29]",5.0,5.0,7.0,,neutral,wellDraining,nonToxic,moderate,
blazing-star,Blazing Star,Outdoor - Perennials,Prairie native with tall purple flower spikes; attracts butterflies and pollinators; drought tolerant.,Liatris spicata,"Water when top 1-2 inches dry; drought-tolerant once established. Full sun essential for upright growth. Well-draining soil; avoid wet winter conditions. No fertilizer needed on average soil. Excellent cut flower. Key monarch butterfly nectar source in late summer. After flowering remove the withered flowers, the part on the ground will wither in winter, the plant germinates again in spring Cut back spent flower stalks after blooming. Cut to ground in late fall.",outdoorFullSun,medium,"[10, 32]",7.0,7.0,10.0,,neutral,wellDraining,nonToxic,moderate,
bleeding-heart,Bleeding Heart,Outdoor - Perennials,Also known as: Dicentra. Graceful heart-shaped flowers on arching stems; foliage goes dormant in summer heat.,Lamprocapnos spectabilis (syn. Dicentra spectabilis; Old-fashioned bleeding heart),"Keep soil evenly moist. Partial to full shade. Rich, well-draining soil. Fertilize in spring. Foliage yellows and dies back in summer—plant with later emergers. Toxic. Divide in fall. Long-lived. Toxic to pets. Remove dead or damaged foliage promptly.",outdoorPartialSun,medium,"[-10, 35]",7.0,7.0,10.0,,neutral,wellDraining,toxic,moderate,
butterfly-weed,Butterfly Weed,Outdoor - Perennials,Native milkweed with bright orange flowers; essential for monarch butterflies.,Asclepias tuberosa (Orange milkweed),"Water when top inch of soil is dry. Full sun essential. Well-draining, drier soil; avoid wet feet. Drought tolerant. Do not use pesticides—host plant for monarchs. Taproot—difficult to transplant. Leave seed pods for wildlife. Toxic to pets. In spring pruning and Remove dead or damaged foliage promptly.",outdoorFullSun,medium,"[-10, 35]",7.0,7.0,10.0,,neutral,wellDraining,toxic,moderate,
campanula-garden,Canterbury Bells,Outdoor - Perennials,"Also known as: Bellflower, Garden campanula. Classic cottage garden biennials and perennials with bell-shaped flowers in blue, purple, pink, and white. Distinct from the alpine campanula species.","Campanula medium (Canterbury bells), C. persicifolia (Peach-leaved bellflower), C. lactiflora (Milky bellflower), C. glomerata (Clustered bellflower)","Water regularly to keep soil evenly moist but not waterlogged. Partial shade to full sun; afternoon shade in hot climates. Well-drained, neutral soil enriched with organic matter. Fertilize in spring with balanced fertilizer. Deadhead spent flowers to extend bloom season. C. medium is a biennial (flowers in second year, then dies); most others are true perennials. Stake taller varieties. Slugs can be problematic — use organic slug control. Divide perennial varieties every 3-4 years. Non-toxic to pets.",outdoorPartialSun,medium,"[-10, 28]",5.0,5.0,7.0,,neutral,wellDraining,nonToxic,moderate,
catmint,Catmint,Outdoor - Perennials,"Mounding perennial with lavender-blue flower spikes; aromatic, cat-attracting foliage.",Nepeta × faassenii (Catmint),Water when top inch of soil is dry. Full sun preferred. Well-draining soil. Drought tolerant. Shear after first bloom for rebloom. Deer resistant. Low maintenance. Spreads by rhizomes—divide if needed. Mildly toxic to pets—may cause GI upset. Cut back spent flower stalks to encourage reblooming. Cut to ground level in late fall or early spring.,outdoorFullSun,medium,"[-10, 35]",7.0,7.0,10.0,,neutral,wellDraining,mildlyToxic,moderate,
chrysanthemums,Chrysanthemums,Outdoor - Perennials,"Also known as: Florist's chrysanthemum. Fall-blooming perennial flowering plants in the Asteraceae family, provide late-season color, many varieties available.","Chrysanthemum × morifolium (Garden mum, Florist's chrysanthemum), C. indicum, cushion, daisy, pompon, and spider varieties",Keep soil evenly moist (2-3 times per week). Water deeply during flowering period. Full sun essential (6-8 hours daily). Fertilize in early spring and again in midsummer with balanced fertilizer. Pinch back until mid-July to encourage bushiness and more flowers. Divide every 2-3 years in spring. Stake tall varieties. Excellent for fall color. Many are treated as annuals but are perennials in zones 5-9. Research hardiness for your zone. Herbaceous perennials die back; reduce watering when dormant. Mildly toxic to pets—may cause GI upset.,outdoorFullSun,medium,"[10, 27]",3.0,3.0,3.0,,neutral,wellDraining,mildlyToxic,moderate,
columbine,Columbine,Outdoor - Perennials,"Also known as: Granny's Bonnet. Delicate woodland perennial with distinctive spurred flowers in vivid color combinations—red & yellow, blue & white, pink & purple. Blooms mid-spring to early summer; attracts hummingbirds. Short-lived (3-4 years) but self-seeds freely to naturalize.",Aquilegia vulgaris (European columbine),Keep soil evenly moist. Partial shade preferred in hot climates. Well-draining soil. Fertilize in spring. Short-lived but self-seeds. Leaf miners common—remove affected leaves. Hummingbird magnet. Toxic. Mildly toxic to pets—may cause GI upset. Remove dead or damaged foliage promptly.,outdoorFullSun,medium,"[-10, 35]",7.0,7.0,10.0,,neutral,wellDraining,mildlyToxic,moderate,
common-milkweed,Common Milkweed,Outdoor - Perennials,Essential Monarch butterfly host plant; fragrant pink flowers; spreads by rhizomes; full sun.,Asclepias syriaca,Water when top 1-2 inches of soil is dry. Full sun preferred; drought tolerant once established. Well-draining soil. Fertilize lightly in spring if needed; many prairie natives prefer lean soil. Toxic to pets. In spring pruning and Remove dead or damaged foliage promptly.,outdoorFullSun,medium,"[10, 32]",7.0,7.0,10.0,,neutral,wellDraining,toxic,moderate,
compass-plant,Compass Plant,Outdoor - Perennials,Tall prairie native with large yellow flowers; leaves orient north-south; drought tolerant.,Silphium laciniatum,"Water when top 2 inches dry; extremely drought-tolerant once established. Full sun. Deep taproot (15+ ft) makes transplanting difficult—site carefully. Well-draining, lean soil. No fertilizer. Basal leaves orient north-south (hence the name). Slow to bloom from seed (3-5 years). Cut back spent flower stalks to encourage reblooming. Cut to ground level in late fall or early spring.",outdoorFullSun,medium,"[10, 32]",7.0,7.0,10.0,,neutral,wellDraining,nonToxic,moderate,
coneflower,Coneflower,Outdoor - Perennials,"Herbaceous perennials in the Asteraceae family with daisy-like flowers and prominent central cones, attract butterflies and birds.","Echinacea purpurea (Purple coneflower), E. pallida (Pale purple coneflower), E. angustifolia (Narrow-leaf coneflower), E. tennesseensis (Tennessee coneflower), E. paradoxa (Yellow coneflower)",Water deeply once per week during growing season. Drought tolerant once established. Well-drained soil preferred. Full sun essential for best flowering. Fertilize in early spring with balanced fertilizer. Deadhead spent flowers to encourage reblooming. Leave seed heads in fall for birds. Divide every 3-4 years. Attract butterflies and birds. Herbaceous perennials die back; reduce watering when dormant.,outdoorFullSun,medium,"[10, 29]",5.0,5.0,7.0,,neutral,wellDraining,nonToxic,moderate,
coreopsis,Coreopsis,Outdoor - Perennials,"Cheerful yellow daisies; long bloom season, low maintenance.","Coreopsis grandiflora, C. tinctoria",Water when top inch of soil is dry. Full sun preferred. Well-draining soil. Drought tolerant. Deadhead for prolonged bloom. Cut back in midsummer to rejuvenate. Some cultivars sterile—no deadheading needed. Deer resistant.,outdoorFullSun,medium,"[-10, 35]",7.0,7.0,10.0,,neutral,wellDraining,nonToxic,moderate,
creeping-thyme,Creeping Thyme,Outdoor - Perennials,"Also known as: Mother of thyme. Low mat-forming herb with tiny flowers; aromatic, walkable groundcover.",Thymus serpyllum (Mother of thyme),"Water when top inch of soil is dry. Full sun essential. Well-draining, lean soil. Drought tolerant. Shear after flowering. Tolerates light foot traffic. Ideal between paving stones. Edible. Deer resistant. Remove yellowing or damaged leaves promptly.",outdoorFullSun,medium,"[-10, 35]",7.0,7.0,10.0,,neutral,wellDraining,nonToxic,moderate,
culvers-root,Culver's Root,Outdoor - Perennials,Native perennial with white candelabra flower spikes; attracts butterflies; prefers moist soil.,Veronicastrum virginicum,Water when top 1-2 inches of soil is dry. Full sun preferred; drought tolerant once established. Well-draining soil. Fertilize lightly in spring if needed; many prairie natives prefer lean soil. Mildly toxic to pets—roots are potent; keep away from pets. Remove dead or damaged foliage promptly.,outdoorFullSun,medium,"[10, 32]",7.0,7.0,10.0,,neutral,wellDraining,mildlyToxic,moderate,
daisies,Daisies,Outdoor - Perennials,"Daisy-like flowering plants in the Asteraceae family, include both annual and perennial types with white or colored petals.","Leucanthemum vulgare (Oxeye daisy), L. × superbum (Shasta daisy), Gerbera (Gerbera daisy), Bellis perennis (English daisy), Argyranthemum (Marguerite daisy)",Keep soil evenly moist (2-3 times per week). Water at base to avoid wetting flowers. Full sun preferred for best flowering. Fertilize monthly during growing season with balanced fertilizer. Deadhead regularly to encourage continuous blooming. Divide perennials every 2-3 years in spring or fall. Cut back after flowering. Many are excellent cut flowers. Attract butterflies and pollinators. Research specific type (annual vs perennial) for exact requirements. Herbaceous perennials die back; reduce watering when dormant.,outdoorFullSun,medium,"[10, 27]",3.0,3.0,5.0,,neutral,wellDraining,nonToxic,moderate,
daylilies,Daylilies,Outdoor - Perennials,"Also known as: Daylily. Hardy perennial flowering plants in the Asphodelaceae family, each flower lasts one day but plants produce many blooms.","Hemerocallis (Daylily), H. fulva (Orange daylily, Tawny daylily), H. 'Stella de Oro', reblooming and evergreen varieties",Keep soil evenly moist (2-3 times per week). Water deeply during flowering period. Full sun to partial shade - more sun equals more flowers. Fertilize in early spring and after first bloom with balanced fertilizer. Divide every 3-5 years in spring or fall to maintain vigor. Remove spent flowers daily. Cut back foliage in fall or spring. Very low-maintenance and drought-tolerant once established. Research reblooming varieties for extended flowering. Herbaceous perennials die back; reduce watering when dormant. Toxic to pets.,outdoorFullSun,medium,"[10, 30]",3.0,3.0,5.0,,neutral,wellDraining,toxic,moderate,
delphinium,Delphinium,Outdoor - Perennials,"Tall spikes of blue, purple, or white flowers; may need staking. Toxic.",Delphinium elatum (Bee larkspur),"Keep soil evenly moist. Full sun preferred. Rich, well-draining soil. Fertilize in spring. Stake tall varieties. Deadhead to encourage rebloom. Short-lived—replace every 2–3 years. Protect from slugs. All parts toxic to humans and pets. Toxic to pets.",outdoorFullSun,medium,"[-10, 35]",7.0,7.0,10.0,,neutral,wellDraining,toxic,moderate,
dianthus,Dianthus,Outdoor - Perennials,"Also known as: Pinks. Compact plants with fragrant, fringed flowers; pinks, carnations, and sweet william.","Dianthus plumarius (Pinks, Cottage pink)","Water when top inch of soil is dry. Full sun essential. Well-draining, neutral to alkaline soil. Fertilize in spring. Deadhead for rebloom. Avoid wet foliage—crown rot. Short-lived in humid climates. Many cultivars for size and flower type. Toxic to pets.",outdoorFullSun,medium,"[-10, 35]",7.0,7.0,10.0,,neutral,wellDraining,mildlyToxic,moderate,
dianthus-carnation,Carnation,Outdoor - Perennials,"One of the world's oldest cultivated flowers, grown for over 2,000 years. Prized for ruffled, fragrant blooms in almost every color. A staple in the cut flower industry.","Dianthus caryophyllus (Carnation, Clove pink), 'Chabaud' (garden), 'Grenadin' (double), Spray carnations (multiple small flowers)","Water when top inch of soil is dry; avoid wetting foliage. Full sun (6+ hours). Well-draining, neutral to slightly alkaline soil. Deadhead regularly to encourage repeat blooming. Stake tall varieties. Fertilize monthly during growing season. Mildly toxic to pets.",outdoorFullSun,medium,"[-5, 30]",5.0,5.0,7.0,,neutral,wellDraining,mildlyToxic,moderate,
echinacea,Echinacea,Outdoor - Perennials,"Also known as: Purple Coneflower, Eastern Purple Coneflower. Hardy native perennial with daisy-like flowers featuring a prominent spiny central cone, popular with pollinators.","Echinacea purpurea (Purple coneflower), E. purpurea 'Magnus' (upright), E. pallida (Pale coneflower), E. purpurea 'White Swan'","Full sun — minimum 6-8 hours daily for best flowering. Drought-tolerant once established; water at soil level to avoid fungal disease. Well-drained, loamy soil with neutral pH (6.5-7.0). Extremely cold-hardy; thrives in zones 3-9. Deadhead to extend bloom season or leave seedheads for winter bird food. Divide clumps every 3-4 years. Non-toxic to pets.",outdoorFullSun,low,"[-10, 35]",7.0,7.0,14.0,,neutral,wellDraining,nonToxic,moderate,
false-indigo,False Indigo,Outdoor - Perennials,Also known as: Wild indigo. Native legume with blue flowers and blue-gray foliage; nitrogen-fixing; drought tolerant.,"Baptisia australis (Blue false indigo), B. tinctoria (Yellow wild indigo), B. 'Twilite Prairieblues', B. alba (White wild indigo)",Water when top 1-2 inches of soil is dry. Full sun preferred; drought tolerant once established. Well-draining soil. Fertilize lightly in spring if needed; many prairie natives prefer lean soil. Mildly toxic to pets—may cause GI upset if ingested. Remove dead or damaged foliage promptly.,outdoorFullSun,medium,"[10, 32]",7.0,7.0,10.0,14.0,neutral,wellDraining,mildlyToxic,moderate,
field-scabious,Field Scabious,Outdoor - Perennials,European wildflower with lavender pincushion flowers; long blooming; attracts butterflies.,Knautia arvensis,"Water when top 1-2 inches dry; moderate drought tolerance once established. Full sun to partial shade. Well-draining, alkaline-leaning soil. Light spring fertilizer. Lavender-blue pincushion flowers June-September. Deadhead for extended bloom. Beloved by butterflies and pollinators. European meadow native.",outdoorFullSun,medium,"[10, 32]",7.0,7.0,10.0,,neutral,wellDraining,nonToxic,moderate,
foxglove,Foxglove,Outdoor - Perennials,"Tall spikes of tubular, bell-shaped flowers in pink, purple, or white; biennial or short-lived perennial. All parts are toxic.",Digitalis purpurea (Common foxglove),Water when top inch of soil is dry. Full sun to partial shade depending on species. Fertilize in spring. Mulch to retain moisture. Prune as needed for shape. All parts highly toxic to humans and pets. Contains cardiac glycosides. Toxic to pets.,outdoorFullSun,medium,"[-10, 35]",7.0,7.0,10.0,,neutral,wellDraining,toxic,moderate,
gaillardia,Gaillardia,Outdoor - Perennials,"Also known as: Blanket Flower. Colorful daisy-like perennials and annuals with red, yellow, and orange bicolor flowers. Drought tolerant and long-blooming, excellent for pollinators.","Gaillardia x grandiflora (Blanket flower), G. pulchella (Indian blanket, annual), G. 'Arizona Sun', G. 'Goblin', G. aristata",Water when top inch of soil is dry. Full sun to partial shade depending on species. Fertilize in spring. Mulch to retain moisture. Prune as needed for shape. Non-toxic to pets.,outdoorFullSun,medium,"[-10, 35]",7.0,7.0,10.0,,neutral,wellDraining,nonToxic,moderate,
gaura,Gaura,Outdoor - Perennials,"Also known as: Bee blossom. Graceful perennial with slender, wiry stems bearing delicate white or pink flowers that dance in the breeze from late spring to frost.","Oenothera lindheimeri (Gaura, Bee blossom), O. lindheimeri 'Whirling Butterflies' (White gaura), O. lindheimeri 'Siskiyou Pink' (Pink gaura), O. lindheimeri 'Crimson Butterflies'","Water sparingly once established; drought-tolerant and prone to root rot in wet soils. Full sun produces the most floriferous display. Well-drained, lean soil is ideal — rich soil promotes floppy growth. Cut back by one-third after the first bloom flush to encourage reblooming. May be short-lived (3-5 years) but self-seeds readily in favorable conditions. Does not transplant well due to a deep taproot — site carefully when planting. Non-toxic to pets.",outdoorFullSun,low,"[-10, 35]",7.0,7.0,10.0,,neutral,wellDraining,nonToxic,moderate,
goldenrod,Goldenrod,Outdoor - Perennials,Native perennial with yellow flower plumes in fall; important for pollinators; drought tolerant.,"Solidago (Goldenrod), S. speciosa (Showy goldenrod), S. rugosa 'Fireworks', S. canadensis (Canada goldenrod), S. sempervirens (Seaside goldenrod)",Water when top 1-2 inches dry; drought-tolerant once established. Full sun to light shade. Adapts to most soils. Minimal fertilizer; rich soil causes floppy growth. Cut back in late winter. Does NOT cause hay fever (wind-pollinated ragweed blooms simultaneously). Vital late-season pollinator plant.,outdoorFullSun,medium,"[10, 32]",7.0,7.0,10.0,,neutral,wellDraining,nonToxic,moderate,
great-mullein,Great Mullein,Outdoor - Perennials,Tall biennial with velvety leaves and yellow flower spike; drought tolerant; self-seeds.,Verbascum thapsus,Water when top 1-2 inches of soil is dry. Full sun preferred; drought tolerant once established. Well-draining soil. Fertilize lightly in spring if needed; tolerates lean soil; European wildflower. Mildly toxic to pets—seeds and compounds may cause GI upset; keep away from pets. Remove dead or damaged foliage promptly.,outdoorFullSun,medium,"[10, 32]",7.0,7.0,10.0,,neutral,wellDraining,mildlyToxic,moderate,
hardy-geranium,Hardy Geranium,Outdoor - Perennials,Also known as: Cranesbill. True perennial geraniums with cup-shaped flowers and rounded leaves; low-maintenance groundcover for borders.,Geranium spp. (Cranesbill),Water when top inch of soil is dry. Full sun to partial shade; afternoon shade in hot climates. Well-draining soil enriched with compost. Fertilize lightly in spring. Shear after first bloom flush for tidy rebloom. Spreading groundcover; divide every 3-4 years. Deer and rabbit resistant. Non-toxic. Remove and shape excessive branches Cut back after first flush of blooms to encourage rebloom. Trim spent foliage in fall.,outdoorFullSun,medium,"[-10, 35]",7.0,7.0,10.0,,neutral,wellDraining,nonToxic,moderate,
hardy-hibiscus,Hardy Hibiscus,Outdoor - Perennials,"Also known as: Rose mallow. Cold-hardy perennial hibiscus producing dinner-plate-sized flowers (up to 30 cm) in white, pink, red, and bicolor from mid-summer to frost.","Hibiscus moscheutos (Rose mallow), H. moscheutos 'Luna' series, H. 'Lord Baltimore' (Red hardy hibiscus), H. coccineus (Texas star hibiscus)","Water consistently to keep soil evenly moist; thrives near ponds and in rain gardens. Full sun (6+ hours) is essential for maximum flowering. Rich, moisture-retentive soil amended with compost is ideal. Fertilize monthly during the growing season with balanced fertilizer. Cut stems to 10-15 cm in late fall after frost kills the foliage — new growth emerges late in spring (don't give up on it!). Mulch the crown in cold zones for extra winter protection. Non-toxic to pets. Remove dead or damaged foliage promptly.",outdoorFullSun,medium,"[-10, 35]",5.0,5.0,7.0,,neutral,moistureRetentive,nonToxic,moderate,
helenium,Sneezeweed,Outdoor - Perennials,"Also known as: Helen's flower. Late-summer to fall perennial with daisy-like flowers in warm tones of yellow, orange, red, and bicolor, featuring distinctive raised central cones.","Helenium autumnale (Common sneezeweed), H. 'Mardi Gras' (Mardi Gras sneezeweed), H. 'Sahin's Early Flowerer', H. 'Moerheim Beauty'","Keep soil consistently moist during the growing season; does not tolerate prolonged drought. Full sun (6+ hours) is essential for upright growth and maximum flowering. Average to rich, moisture-retentive soil is ideal. Pinch stem tips in late spring to promote bushier, more compact growth and more flowers. Divide every 3-4 years in spring to maintain vigor and prevent center die-out. Mildly toxic if ingested — the common name refers to dried leaves historically used as snuff, not allergenic pollen.",outdoorFullSun,medium,"[-10, 32]",7.0,5.0,7.0,,neutral,moistureRetentive,mildlyToxic,moderate,
hellebore,Hellebore,Outdoor - Perennials,"Also known as: Lenten rose. Shade-loving perennials that bloom in late winter to early spring with nodding flowers in white, pink, purple, green, or burgundy.","Helleborus orientalis (Lenten rose), H. niger (Christmas rose), H. x hybridus (Hybrid hellebore), H. foetidus (Stinking hellebore)","Keep soil evenly moist but well-drained; reduce watering once established. Partial to full shade preferred—avoid hot afternoon sun. Rich, humus-laden soil with neutral to slightly alkaline pH. Fertilize in late winter or early spring with balanced fertilizer. Remove old foliage in late winter before flowers emerge. Self-sows readily. Toxic to pets and humans (protoanemonin). Remove dead or damaged foliage promptly.",outdoorShade,medium,"[-10, 27]",5.0,7.0,7.0,,neutral,wellDraining,toxic,moderate,
herbaceous-perennials,Herbaceous Perennials,Outdoor - Perennials,"Non-woody perennial flowers that die back in winter and regrow from roots in spring, provide long-term garden structure.","Hemerocallis (Daylily), Hosta (Plantain lily), Echinacea (Coneflower), Rudbeckia (Black-eyed Susan), Salvia (Sage)",Keep soil evenly moist (weekly deep watering during growing season). Deep watering encourages strong root systems. Mulch around plants to retain moisture and suppress weeds. Full sun to partial shade depending on species. Fertilize in early spring with balanced fertilizer. Deadhead spent flowers to encourage reblooming. Cut back dead foliage in late fall or early spring. Divide every 3-5 years to maintain vigor. Provide long-term garden structure. Research specific species for exact requirements. Herbaceous perennials die back; reduce watering when dormant.,outdoorPartialSun,medium,"[10, 29]",5.0,5.0,7.0,,neutral,wellDraining,unknown,moderate,
heuchera,Heuchera,Outdoor - Perennials,"Also known as: Coral Bells. Versatile shade-loving perennial grown primarily for its colorful foliage in shades of purple, bronze, lime, peach, and silver. Delicate bell-shaped flowers on wiry stems.","Heuchera 'Palace Purple', H. 'Lime Rickey', H. 'Caramel', H. 'Obsidian' (black foliage), H. villosa 'Autumn Bride'","Water regularly to keep soil evenly moist; do not let dry out completely. Partial shade to full shade — dark-leaved varieties tolerate more sun. Mulch around crown to keep roots cool. Divide every 3-4 years when crown rises above soil. Cut back spent flower stalks. Fertilize in spring with slow-release fertilizer. Excellent for containers, borders, and woodland gardens. Non-toxic to pets.",outdoorPartialSun,medium,"[-10, 30]",7.0,7.0,14.0,,neutral,wellDraining,nonToxic,moderate,
hollyhock,Hollyhock,Outdoor - Perennials,"Tall, stately biennial to short-lived perennial producing towering spikes of large, saucer-shaped flowers in a wide range of colors from summer into fall.","Alcea rosea (Common hollyhock), A. rosea 'Nigra' (Black hollyhock), A. rosea 'Chater's Double' (Double hollyhock)","Water at the base when the top inch of soil is dry; avoid overhead watering to reduce rust disease. Full sun and a sheltered position protected from strong winds is ideal, as stems can reach 2-3 meters tall. Well-drained, fertile soil enriched with compost produces the best results. Stake tall varieties to prevent toppling. Watch for hollyhock rust — remove and destroy affected leaves promptly. Sow seeds in summer for blooms the following year. Non-toxic to pets and humans. Remove dead or damaged foliage promptly.",outdoorFullSun,medium,"[-10, 32]",5.0,5.0,7.0,,neutral,wellDraining,nonToxic,moderate,
hostas,Hostas,Outdoor - Perennials,"Also known as: Funkia. Shade-loving perennial foliage plants in the Asparagaceae family, grown for their attractive leaves in various colors and sizes.","Hosta (Plantain lily, Funkia), H. 'Francee', H. 'Patriot', H. 'Blue Angel', H. 'Sum and Substance', miniature and giant varieties",Keep soil consistently moist (2-3 times per week). Mulch to retain moisture and keep roots cool. Partial to full shade preferred - morning sun is fine but avoid hot afternoon sun. Fertilize in early spring with balanced fertilizer. Divide every 3-5 years in spring or fall. Remove flower stalks after blooming to focus energy on foliage (unless you enjoy the flowers). Watch for slugs and snails which love hostas. Excellent for shade gardens. Herbaceous perennials die back; reduce watering when dormant. Toxic to pets. Cut back spent flower stalks to encourage reblooming. Cut to ground level in late fall or early spring.,outdoorPartialSun,medium,"[10, 27]",3.0,3.0,5.0,,neutral,wellDraining,toxic,moderate,
irises,Irises,Outdoor - Perennials,"Perennial flowering plants in the Iridaceae family with distinctive sword-like leaves and showy flowers, include bearded and beardless types.","Iris germanica (Bearded iris), I. sibirica (Siberian iris), I. ensata (Japanese iris), I. reticulata (Dwarf iris), I. pseudacorus (Yellow flag iris)","Keep soil evenly moist during growth and flowering (spring). Allow to dry slightly after flowering. Many prefer well-drained soil. Full sun essential for best flowering (6-8 hours daily). Fertilize in early spring with low-nitrogen fertilizer. Divide bearded irises every 3-4 years in late summer. Plant rhizomes with top exposed to sun. Remove spent flowers. Cut back foliage in fall. Research specific type (bearded, beardless, bulbous) for exact requirements. Herbaceous perennials die back; reduce watering when dormant. Toxic to pets.",outdoorFullSun,medium,"[10, 27]",3.0,3.0,5.0,,neutral,wellDraining,toxic,moderate,
ironweed,Ironweed,Outdoor - Perennials,Native perennial with purple flowers; thrives in moist soils; attracts butterflies.,Vernonia noveboracensis,Water when top 1-2 inches of soil is dry. Full sun preferred; prefers consistently moist soil. Well-draining soil. Fertilize lightly in spring if needed; many prairie natives prefer lean soil. Mildly toxic to pets—may cause irritation. Remove flower stems and any damaged or rotting leaves promptly.,outdoorPartialSun,medium,"[10, 32]",7.0,7.0,10.0,,neutral,wellDraining,mildlyToxic,moderate,
japanese-anemone,Japanese Anemone,Outdoor - Perennials,"Elegant fall-blooming perennials with simple pink or white flowers on tall, wiry stems, thriving in partial shade where few other plants flower in autumn.","Anemone hupehensis (Japanese anemone), A. x hybrida 'Honorine Jobert', A. x hybrida 'September Charm', A. tomentosa 'Robustissima'","Keep soil evenly moist during growing season; more drought-tolerant once established. Partial shade preferred—tolerates morning sun but avoid hot afternoon exposure. Rich, moist, well-drained soil. Fertilize in spring with balanced fertilizer. Can spread by underground runners—may need containment. Cut back after frost kills foliage. Mildly toxic to pets (protoanemonin).",outdoorPartialSun,medium,"[-10, 28]",5.0,5.0,7.0,,neutral,wellDraining,mildlyToxic,moderate,
joe-pye-weed,Joe Pye Weed,Outdoor - Perennials,Also known as: Sweet Joe Pye. Tall native with pink-purple flower clusters; prefers moist to wet soil; butterfly magnet.,Eutrochium purpureum,Prefers consistently moist to wet soil — excellent for rain gardens and stream banks. Partial sun to full sun; tolerates more shade than most prairie plants. Grows 4-7 feet tall — plant at back of border. Pink-purple flower clusters in mid to late summer attract butterflies prolifically. Cut back in spring. Does not typically need staking. Fertilize lightly in spring if soil is lean. Non-toxic.,outdoorPartialSun,medium,"[10, 32]",7.0,7.0,10.0,,neutral,wellDraining,nonToxic,moderate,
kniphofia,Red Hot Poker,Outdoor - Perennials,"Striking architectural perennials with dense, torch-like flower spikes in fiery shades of red, orange, and yellow. Native to southern Africa.","Kniphofia uvaria (Red hot poker, Torch lily), K. 'Royal Standard', K. 'Flamenco', K. rooperi (Rooper's red hot poker)","Water moderately during establishment; drought tolerant once mature. Full sun essential for best flowering. Well-drained soil critical — crown rot is the main killer, especially in wet winter soil. Fertilize once in spring with balanced fertilizer. Do not cut back foliage in winter — tie leaves in a bundle over the crown to protect from cold and wet. Remove spent flower spikes to encourage reblooming. Excellent hummingbird and pollinator magnet. Divide every 3-4 years. Non-toxic to pets.",outdoorFullSun,low,"[-10, 35]",7.0,5.0,10.0,,neutral,wellDraining,nonToxic,moderate,
lantana,Lantana,Outdoor - Perennials,"Bold clusters of flowers in orange, pink, yellow, or red; attracts butterflies; heat-tolerant.",Lantana camara (Common lantana),Water when top inch of soil is dry. Full sun preferred. Fertilize in spring. Mulch to retain moisture. Prune as needed for shape. Toxic to pets. Perennial in frost-free zones (USDA 9-11); grown as annual in cooler climates.,outdoorFullSun,medium,"[-10, 35]",7.0,7.0,10.0,,neutral,wellDraining,toxic,moderate,
lily-of-the-valley,Lily of the Valley,Outdoor - Perennials,Fragrant white bell flowers on arching stems; spreads by rhizomes; classic shade plant.,Convallaria majalis,"Keep soil evenly moist. Partial to full shade. Rich, well-draining soil. Fertilize in spring. Mulch to retain moisture. Divide when crowded. Highly toxic to humans and pets if ingested. Toxic to pets. Remove dead or damaged foliage promptly.",outdoorFullSun,medium,"[-10, 35]",7.0,7.0,10.0,,neutral,wellDraining,toxic,moderate,
lupine,Lupine,Outdoor - Perennials,"Also known as: Garden lupine. Tall spikes of pea-like flowers in blue, purple, pink, yellow, and bicolors; nitrogen-fixing perennial that enriches soil.",Lupinus spp. (Garden lupine),"Water when top inch of soil is dry; avoid wet winter conditions. Full sun essential. Well-draining, slightly acidic soil. Avoid fertilizer—lupines fix nitrogen. Deadhead spent spikes for possible rebloom. Taproot makes transplanting difficult. Short-lived (3-4 years) but self-seeds. Toxic to pets and humans if ingested.",outdoorFullSun,medium,"[-10, 35]",7.0,7.0,10.0,,neutral,wellDraining,toxic,moderate,
maximilian-sunflower,Maximilian Sunflower,Outdoor - Perennials,Prairie native with tall stems of yellow flowers; spreads by rhizomes; bird and pollinator favorite.,Helianthus maximiliani,Water when top 1-2 inches dry; very drought-tolerant once established. Full sun essential. Adapts to most soils including clay. No fertilizer needed. Spreads by rhizomes—may need division every 3-4 years. Tall (6-10 ft); stake or plant with support. Important late-fall pollinator food source. Remove dead or damaged foliage promptly.,outdoorFullSun,medium,"[10, 32]",7.0,7.0,10.0,,neutral,wellDraining,nonToxic,fast,
meadow-cranesbill,Meadow Cranesbill,Outdoor - Perennials,European geranium with blue-violet flowers; long blooming; low maintenance.,Geranium pratense,Water when top 1-2 inches dry; moderate drought tolerance once established. Full sun to partial shade. Well-draining soil; tolerates clay. Light spring fertilizer. Violet-blue saucer flowers June-August. Cut back after first flush for rebloom. Self-seeds moderately. European meadow wildflower; deer resistant.,outdoorFullSun,medium,"[10, 32]",7.0,7.0,10.0,,neutral,wellDraining,nonToxic,moderate,
meadow-sage,Meadow Sage,Outdoor - Perennials,Salvia with violet-blue flower spikes; long blooming; drought tolerant once established.,Salvia pratensis,Water when top 1-2 inches dry; moderate drought tolerance. Full sun for best flowering. Well-draining soil; avoid winter wet. Light spring fertilizer optional. Deadhead spent spikes to encourage reblooming through fall. Deer resistant. Aromatic foliage. Excellent hummingbird and bee plant.,outdoorFullSun,medium,"[10, 32]",7.0,7.0,10.0,,neutral,wellDraining,nonToxic,moderate,
mexican-hat,Mexican Hat,Outdoor - Perennials,Native prairie wildflower with distinctive drooping yellow or red-brown petals surrounding a tall central cone.,"Ratibida columnifera (Mexican hat, Prairie coneflower, Upright prairie coneflower)","Very drought-tolerant once established; water sparingly, every 1-2 weeks in dry spells. Full sun essential—at least 6 hours daily. Thrives in poor, well-drained soil; avoid rich or wet conditions. Do not fertilize—excess nutrients reduce flowering. Self-sows freely. Non-toxic to pets. After flowering remove the withered flowers, the part on the ground will wither in winter, the plant germinates again in spring Deadhead spent blooms to prolong flowering. Cut back in late fall.",outdoorFullSun,low,"[-10, 35]",7.0,10.0,14.0,,neutral,wellDraining,nonToxic,moderate,
new-england-aster,New England Aster,Outdoor - Perennials,Native fall bloomer with purple daisy flowers; attracts butterflies; prefers moist soil.,Symphyotrichum novae-angliae,Water regularly but tolerates drier conditions than many moisture-loving natives. Full sun required for best flowering and compact growth. Grows 3-6 feet tall; pinch stems in early summer to reduce height and increase branching. Masses of purple daisy flowers from September through frost — essential late-season pollinator plant. Cut back to ground in late fall or early spring. Well-draining soil preferred. Non-toxic.,outdoorFullSun,medium,"[10, 32]",7.0,7.0,10.0,,neutral,wellDraining,nonToxic,moderate,
ornamental-allium,Ornamental Allium,Outdoor - Perennials,"Dramatic purple, pink, or white globe-shaped flower heads on tall stems, related to onions and garlic but grown purely for ornamental display.","Allium giganteum (Giant allium), A. 'Globemaster', A. cristophii (Star of Persia), A. 'Purple Sensation'",Water moderately during growing season; allow soil to dry between waterings. Full sun essential—at least 6 hours daily. Well-drained soil critical; bulbs rot in wet soil. Fertilize in early spring with bulb fertilizer. Allow foliage to die back naturally after flowering. Deer and rodent resistant. Toxic to pets — all Allium species contain compounds that can cause hemolytic anemia in cats and dogs. Remove dead or damaged foliage promptly.,outdoorFullSun,low,"[-10, 30]",5.0,7.0,14.0,,neutral,wellDraining,toxic,fast,
ornamental-sage,Ornamental Sage,Outdoor - Perennials,"Also known as: Garden salvia. Long-blooming perennial salvias grown for their showy flower spikes in purple, blue, red, or pink; highly attractive to hummingbirds and butterflies.","Salvia nemorosa (Woodland sage), S. x sylvestris 'May Night' (May Night salvia), S. guaranitica (Anise-scented sage), S. greggii (Autumn sage)","Water when the top inch of soil is dry; moderately drought-tolerant once established. Full sun (6+ hours) produces the densest flower spikes and strongest growth. Well-drained soil is essential; avoid heavy, wet clay. Cut back spent flower spikes to the next set of leaves to encourage reblooming throughout the season. Shear by one-third after the first flush fades. Divide every 3-4 years in spring. Non-toxic to pets.",outdoorFullSun,low,"[-10, 35]",7.0,7.0,10.0,,neutral,wellDraining,nonToxic,moderate,
oxeye-daisy,Oxeye Daisy,Outdoor - Perennials,European wildflower with white petals and yellow centers; naturalizes; drought tolerant.,Leucanthemum vulgare,"Water when top 1-2 inches of soil is dry. Full sun preferred; drought tolerant once established. Well-draining soil. Fertilize lightly in spring if needed; tolerates lean soil; European wildflower. Mildly toxic to pets—may cause GI upset if ingested. After flowering remove the withered flowers, the part on the ground will wither in winter, the plant germinates again in spring Deadhead spent flowers to prevent self-seeding. Cut back to ground in fall.",outdoorFullSun,medium,"[10, 32]",7.0,7.0,10.0,,neutral,wellDraining,mildlyToxic,moderate,
painted-daisy,Painted Daisy,Outdoor - Perennials,"Also known as: Pyrethrum. Colorful daisy-like flowers in pink, red, or white with ferny foliage; natural source of pyrethrin insecticide.",Tanacetum coccineum (Pyrethrum),Water when top inch of soil is dry. Full sun to partial shade depending on species. Fertilize in spring. Mulch to retain moisture. Prune as needed for shape. Toxic to pets—contains pyrethrins; keep away from pets.,outdoorFullSun,medium,"[-10, 35]",7.0,7.0,10.0,,neutral,wellDraining,toxic,moderate,
penstemon,Penstemon,Outdoor - Perennials,"Also known as: Beardtongue. Tubular flowers on upright stems in many colors; native North American perennial, drought-tolerant, attracts hummingbirds.",Penstemon digitalis (Beardtongue),Water when top inch of soil is dry. Full sun to partial shade depending on species. Fertilize in spring. Mulch to retain moisture. Prune as needed for shape. Mildly toxic to pets—may accumulate selenium; keep away from pets.,outdoorFullSun,medium,"[-10, 35]",7.0,7.0,10.0,,neutral,wellDraining,mildlyToxic,moderate,
peony,Peony,Outdoor - Perennials,"Herbaceous and tree perennials in the Paeoniaceae family with large, fragrant flowers in spring, long-lived garden favorites.","Paeonia lactiflora (Garden peony, Chinese peony), P. suffruticosa (Tree peony), P. officinalis (Common peony), P. tenuifolia (Fernleaf peony)","Keep soil evenly moist during growing season. Well-drained, fertile soil preferred. Full sun to partial shade. Fertilize in early spring with balanced fertilizer. Plant with eyes (buds) 2 inches below soil surface. Support heavy blooms with stakes. Cut back foliage in fall. Long-lived - can thrive for decades. Large, fragrant flowers. Herbaceous perennials die back; reduce watering when dormant. Ants on buds are normal and harmless—they feed on bud nectar. Mildly toxic to pets—may cause GI upset.",outdoorFullSun,medium,"[10, 27]",5.0,5.0,7.0,,neutral,wellDraining,mildlyToxic,moderate,
phlox,Phlox,Outdoor - Perennials,Also known as: Garden phlox. Fragrant clusters of flowers in summer in many colors; cottage garden staple. Needs good air circulation to prevent mildew.,Phlox paniculata (Garden phlox),Water when top inch of soil is dry. Full sun to partial shade depending on species. Fertilize in spring. Mulch to retain moisture. Prune as needed for shape. Mildly toxic to pets—may cause GI upset if ingested. Choose mildew-resistant cultivars. Space for air circulation. Avoid overhead watering.,outdoorFullSun,medium,"[-10, 35]",7.0,7.0,10.0,,neutral,wellDraining,mildlyToxic,moderate,
poppy,Poppy,Outdoor - Perennials,"Iconic flowering plants with papery, crepe-like petals in vibrant reds, oranges, yellows, and pinks. Includes annual and perennial species. California poppy is the state flower of California.","Papaver rhoeas (Corn poppy, Flanders poppy), P. orientale (Oriental poppy), Eschscholzia californica (California poppy), P. nudicaule (Iceland poppy)","Water sparingly — most poppies are drought tolerant and rot in wet soil. Full sun essential. Excellent drainage critical — sandy or gravelly soil preferred. Do not fertilize heavily. Direct sow seeds in fall or early spring; most species resent transplanting. Oriental poppies go dormant after flowering (foliage dies back in summer, returns in fall). California poppies self-sow prolifically and are excellent for wildflower meadows. Deadhead to extend bloom. Mildly toxic to pets.",outdoorFullSun,low,"[-10, 30]",5.0,7.0,10.0,,neutral,excellentDrainage,mildlyToxic,moderate,
prairie-coneflower,Prairie Coneflower,Outdoor - Perennials,Prairie native with drooping yellow petals around tall cone; drought tolerant; Ratibida.,Ratibida pinnata,"Water when top 1-2 inches dry; very drought-tolerant once established. Full sun. Lean, well-draining soil preferred. No fertilizer needed. Distinctive columnar seed head (like a sombrero). Self-seeds readily. Deadhead to prevent excessive spreading or leave for winter bird food.",outdoorFullSun,medium,"[10, 32]",7.0,7.0,10.0,,neutral,wellDraining,nonToxic,moderate,
prairie-dock,Prairie Dock,Outdoor - Perennials,Tall prairie native with large heart-shaped leaves and yellow flowers; deep taproot.,Silphium terebinthinaceum,"Water when top 2 inches dry; very drought-tolerant once established via deep taproot. Full sun. Lean to average soil. No fertilizer. Large basal leaves (up to 18 inches) with tall, mostly leafless flower stalks to 8 ft. Slow to establish from seed but extremely long-lived. Cut back spent flower stalks to encourage reblooming. Cut to ground level in late fall or early spring.",outdoorFullSun,medium,"[10, 32]",7.0,7.0,10.0,,neutral,wellDraining,nonToxic,moderate,
primrose,Primrose,Outdoor - Perennials,Low-growing spring-flowering perennials with rosettes of crinkled leaves and cheerful flowers in nearly every color. One of the first flowers of spring in temperate gardens.,"Primula vulgaris (Common primrose), P. × polyantha (Polyanthus primrose), P. veris (Cowslip), P. elatior (Oxlip), P. obconica (Poison primrose)","Keep soil consistently moist but not waterlogged — primroses wilt quickly in dry conditions. Partial shade preferred; protect from hot afternoon sun. Rich, humus-filled, moisture-retentive soil. Fertilize lightly in spring with balanced fertilizer. Deadhead spent flowers to prolong bloom. Divide clumps every 2-3 years after flowering to maintain vigor. Cool-season plants that go semi-dormant in hot summers. P. obconica can cause skin irritation (wear gloves). Mildly toxic to pets.",outdoorPartialSun,medium,"[-10, 25]",5.0,5.0,7.0,,neutral,moistureRetentive,mildlyToxic,moderate,
rattlesnake-master,Rattlesnake Master,Outdoor - Perennials,Prairie native with yucca-like leaves and spherical white flower clusters; drought tolerant.,Eryngium yuccifolium,"Water when top 1-2 inches dry; drought-tolerant once established. Full sun. Well-draining, lean soil. No fertilizer. Yucca-like spiny leaves are unusual for a prairie plant (actually in the carrot family). Excellent dried flower. Important pollinator plant; attracts diverse native bees. Remove dead or damaged foliage promptly.",outdoorPartialSun,medium,"[10, 32]",7.0,7.0,10.0,,neutral,wellDraining,nonToxic,moderate,
red-clover,Red Clover,Outdoor - Perennials,Legume with pink flower heads; nitrogen-fixing; used as cover crop and forage.,Trifolium pratense,Water when top 1-2 inches dry; moderate drought tolerance. Full sun to partial shade. Adapts to most soils. No fertilizer needed—fixes atmospheric nitrogen and enriches soil. Magenta flower heads attract bees and butterflies. Edible flowers for tea and salads. Short-lived perennial; self-seeds freely. European meadow native. Remove dead or damaged foliage promptly.,outdoorFullSun,medium,"[10, 32]",7.0,7.0,10.0,,neutral,wellDraining,nonToxic,moderate,
salvia,Salvia,Outdoor - Perennials,"Herbaceous perennials and annuals in the Lamiaceae family with spikes of colorful flowers, many are drought-tolerant.","Salvia officinalis (Common sage, Garden sage), S. nemorosa (Woodland sage), S. farinacea (Mealycup sage), S. splendens (Scarlet sage)",Water deeply but infrequently once established (every 1-2 weeks). Drought tolerant. Well-drained soil essential. Full sun preferred. Fertilize sparingly in spring. Deadhead spent flowers to encourage reblooming. Cut back in late fall or early spring. Many species are drought-tolerant. Spikes of colorful flowers. Attract hummingbirds and butterflies. Herbaceous perennials die back; reduce watering when dormant. Mildly toxic to pets—may cause GI upset.,outdoorFullSun,low,"[10, 29]",7.0,7.0,10.0,,neutral,wellDraining,mildlyToxic,moderate,
scabiosa,Scabiosa,Outdoor - Perennials,"Also known as: Pincushion flower. Charming perennial with delicate, domed flower heads studded with pin-like stamens in lavender, blue, pink, white, and deep burgundy; a pollinator magnet blooming from early summer to frost.","Scabiosa columbaria 'Butterfly Blue' (Pincushion flower), S. caucasica 'Fama Deep Blue', S. atropurpurea (Sweet scabious, annual), S. columbaria 'Pink Mist'","Water regularly to keep soil evenly moist during establishment; once established, moderately drought tolerant. Full sun (6+ hours) is essential for prolific flowering. Well-drained, neutral to slightly alkaline soil is ideal — struggles in heavy, acidic clay. Deadhead spent flowers consistently to encourage continuous blooming throughout the season. Good air circulation prevents crown rot, which is the main cause of death — avoid mulching directly against the crown. Divide every 3-4 years in spring to maintain vigor. Attracts butterflies and bees prolifically. Non-toxic to pets.",outdoorFullSun,medium,"[-10, 30]",5.0,5.0,7.0,,neutral,wellDraining,nonToxic,moderate,
sedum-perennials,Sedum (Perennials),Outdoor - Perennials,"Also known as: Stonecrop, Autumn Joy. Hardy succulent perennials with fleshy leaves and clusters of star-shaped flowers. Includes tall upright types and low-growing groundcovers. Extremely drought tolerant.","Hylotelephium 'Autumn Joy' (syn. Sedum 'Autumn Joy'), H. spectabile (Showy stonecrop), Sedum spurium (Dragon's blood), S. kamtschaticum, S. reflexum (Blue spruce stonecrop)",Water deeply but infrequently once established (every 2-3 weeks). Very drought tolerant. Well-drained soil essential. Full sun preferred. Fertilize sparingly in spring. Deadhead spent flowers or leave for winter interest. Cut back in late winter. Drought-tolerant groundcovers. Clusters of star-shaped flowers. Attract butterflies. Herbaceous perennials die back; reduce watering when dormant.,outdoorFullSun,low,"[10, 29]",7.0,7.0,10.0,,neutral,wellDraining,nonToxic,moderate,
shade-perennials,Shade Perennials,Outdoor - Perennials,"Perennial plants adapted to woodland and shade conditions, often prefer rich organic soil.","Hosta (Plantain lily), Astilbe (False spirea), Helleborus (Lenten rose, Hellebore), Dicentra (Bleeding heart), Pulmonaria (Lungwort)",Keep soil evenly moist (weekly watering). Many prefer consistent moisture but well-drained soil. Avoid waterlogged conditions. Partial to full shade preferred. Rich organic soil preferred - amend with compost. Fertilize in early spring with balanced fertilizer. Mulch to retain moisture. Deadhead spent flowers. Divide every 3-5 years. Adapted to woodland conditions. Research specific species for exact requirements. Herbaceous perennials die back; reduce watering when dormant.,outdoorShade,high,"[10, 29]",5.0,5.0,7.0,,neutral,moistureRetentive,unknown,moderate,
shasta-daisy,Shasta Daisy,Outdoor - Perennials,"Classic white daisy-like flowers with golden yellow centers; reliable, long-blooming garden perennial.",Leucanthemum × superbum,Water when top inch of soil is dry. Full sun to partial shade depending on species. Fertilize in spring. Mulch to retain moisture. Prune as needed for shape. Mildly toxic to pets—may cause GI upset or skin irritation if ingested.,outdoorFullSun,medium,"[-10, 35]",7.0,7.0,10.0,,neutral,wellDraining,mildlyToxic,moderate,
smooth-aster,Smooth Blue Aster,Outdoor - Perennials,Native aster with blue-purple flowers in fall; smooth leaves; drought tolerant.,Symphyotrichum laeve,Water when top 1-2 inches dry; drought-tolerant once established. Full sun to light shade. Adapts to most soils including clay. Minimal fertilizer. Pinch stems in June for bushier growth and more flowers. Critical late-season nectar source for monarchs and native bees.,outdoorFullSun,medium,"[10, 32]",7.0,7.0,10.0,,neutral,wellDraining,nonToxic,moderate,
swamp-milkweed,Swamp Milkweed,Outdoor - Perennials,Monarch host plant with pink flowers; prefers moist to wet soil; native to wetlands.,Asclepias incarnata,Water when top 1-2 inches of soil is dry. Full sun preferred; tolerates moist soil. Well-draining to moist soil. Fertilize lightly in spring if needed. Toxic to pets. Remove dead or damaged foliage promptly.,outdoorFullSun,medium,"[10, 32]",7.0,7.0,10.0,,neutral,wellDraining,toxic,moderate,
sweet-william,Sweet William,Outdoor - Perennials,"Biennial to short-lived perennial in the Dianthus family, producing dense, flat-topped clusters of fragrant flowers in red, pink, white, and bicolor patterns.","Dianthus barbatus (Sweet William), D. barbatus 'Holborn Glory' (Auricula-eyed), D. barbatus 'Nigrescens' (Sooty Sweet William)","Water at the base when the top inch of soil is dry; avoid wetting foliage to prevent fungal issues. Full sun (6+ hours) produces the best blooms. Well-drained, slightly alkaline soil is ideal. Deadhead spent flowers to extend blooming and prevent self-seeding if unwanted. Sow seeds in summer for blooms the following spring. Fertilize in spring with a balanced slow-release fertilizer. Mildly toxic if ingested in large quantities.",outdoorFullSun,medium,"[-10, 30]",5.0,5.0,7.0,,neutral,wellDraining,mildlyToxic,moderate,
thistle,Globe Thistle,Outdoor - Perennials,"Architectural perennial with spherical, steel-blue flower heads and spiny, silvery-gray foliage. The national flower of Scotland (Cirsium thistle). Excellent for dried flower arrangements.","Echinops ritro (Small globe thistle), E. bannaticus (Blue globe thistle), Cirsium (true thistles, national flower of Scotland), Onopordum acanthium (Scotch thistle)","Water sparingly — extremely drought tolerant once established. Full sun essential. Adaptable to most well-drained soils, including poor and sandy ground. Do not fertilize — excess nutrients make plants floppy. Globe thistles (Echinops) are well-behaved garden plants; true thistles (Cirsium, Carduus) can be aggressive seeders. Excellent for pollinators — bees and butterflies are strongly attracted to the flowers. Cut flower heads before fully opening for dried arrangements. Non-toxic to pets. Remove dead or damaged foliage promptly.",outdoorFullSun,low,"[-10, 32]",7.0,7.0,10.0,,adaptable,wellDraining,nonToxic,moderate,
verbena,Verbena,Outdoor - Perennials,"Clusters of small flowers in purple, pink, or white on wiry stems; heat-tolerant perennial that attracts butterflies.","Verbena bonariensis, Glandularia spp.",Water when top inch of soil is dry; moderate drought tolerance once established. Full sun essential—at least 8 hours. Well-draining soil; avoid wet conditions. Fertilize every 2-3 weeks during bloom season. Deadhead regularly for continuous flowering spring through frost. Pinch tips for bushier growth. Attracts butterflies. Mildly toxic to pets.,outdoorFullSun,medium,"[-10, 35]",7.0,7.0,10.0,,neutral,wellDraining,mildlyToxic,moderate,
veronica,Speedwell,Outdoor - Perennials,"Also known as: Veronica. Cottage garden perennial with upright spikes of small blue, purple, pink, or white flowers. Excellent for pollinators and long-lasting in the border.","Veronica spicata (Spike speedwell), V. longifolia (Long-leaved speedwell), V. 'Royal Candles' (popular compact variety), V. gentianoides (Gentian speedwell)",Water moderately — prefers evenly moist soil but tolerates some drought once established. Full sun for best flowering. Well-drained soil; does not tolerate wet winter conditions. Fertilize once in spring with balanced fertilizer. Deadhead spent spikes to encourage continuous bloom. Cut back in late fall. Divide clumps every 3-4 years. Very attractive to bees and butterflies. Low-maintenance and reliable. Non-toxic to pets.,outdoorFullSun,medium,"[-10, 30]",5.0,5.0,7.0,,neutral,wellDraining,nonToxic,moderate,
vipers-bugloss,Viper's Bugloss,Outdoor - Perennials,European wildflower with blue coiled flower spikes; biennial or short-lived perennial; full sun.,Echium vulgare,Water when top 1-2 inches of soil is dry. Full sun preferred; drought tolerant once established. Well-draining soil. Fertilize lightly in spring if needed; tolerates lean soil; European wildflower. Toxic to pets. Remove dead or damaged foliage promptly.,outdoorFullSun,medium,"[10, 32]",7.0,7.0,10.0,,neutral,wellDraining,toxic,moderate,
wild-bergamot,Wild Bergamot,Outdoor - Perennials,Native bee balm with lavender flowers; aromatic foliage; drought tolerant; attracts pollinators.,Monarda fistulosa,Water when top 1-2 inches dry; drought-tolerant once established. Full sun to partial shade. Well-draining soil; avoid wet conditions. No fertilizer needed. Aromatic leaves make excellent tea (related to bee balm). Spreads by runners—divide every 3 years. Powerhouse pollinator plant. Remove yellowing or damaged leaves promptly.,outdoorFullSun,medium,"[10, 32]",7.0,7.0,10.0,,neutral,wellDraining,nonToxic,moderate,
yarrow,Yarrow,Outdoor - Perennials,"Also known as: Milfoil. Hardy perennial with flat-topped flower clusters in white, yellow, pink, or red above ferny, aromatic foliage; drought-tolerant and pollinator-friendly.","Achillea millefolium (Common yarrow), A. 'Moonshine' (Moonshine yarrow), A. 'Paprika' (Paprika yarrow), A. filipendulina (Fernleaf yarrow)","Water when the top inch of soil is dry; once established, yarrow is very drought-tolerant and prefers lean, dry conditions. Full sun (6+ hours) is essential — shaded plants become floppy and produce fewer flowers. Well-drained, poor to average soil is ideal; rich soil causes weak stems and excessive spreading. Deadhead spent clusters to encourage reblooming. Divide clumps every 3-4 years to maintain vigor. Toxic to pets — contains thujone and other irritants.",outdoorFullSun,medium,"[-10, 35]",7.0,7.0,10.0,,neutral,wellDraining,toxic,moderate,
yellow-coneflower,Yellow Coneflower,Outdoor - Perennials,Yellow-petaled Echinacea species native to the Ozarks; drought tolerant prairie wildflower.,Echinacea paradoxa,"Water when top 1-2 inches dry; drought-tolerant once established. Full sun essential. Well-draining, lean soil. No fertilizer needed. Drooping yellow petals with prominent brown cone. Self-seeds freely. Leave seed heads for winter bird food. Long bloom period (July-September). After flowering remove the withered flowers, the part on the ground will wither in winter, the plant germinates again in spring Deadhead to prolong blooming or leave seed heads for winter interest. Cut back in spring.",outdoorFullSun,medium,"[10, 32]",7.0,7.0,10.0,,neutral,wellDraining,nonToxic,moderate,
alyssum,Alyssum,Outdoor - Annuals,"Also known as: Sweet alyssum. Low mounds of tiny white, pink, or purple flowers with honey fragrance; ideal for edges and containers.",Lobularia maritima (Sweet alyssum),Water when top inch of soil is dry. Full sun preferred; tolerates light shade. Well-draining soil. Fertilize every 2-3 weeks with balanced fertilizer. Deadhead to prolong bloom. Cool-season annual—plant in early spring or fall.,outdoorFullSun,medium,"[-5, 30]",7.0,7.0,10.0,,neutral,wellDraining,nonToxic,fast,
angelonia,Angelonia,Outdoor - Annuals,"Also known as: Summer snapdragon. Upright spikes of snapdragon-like flowers in purple, pink, or white; heat-tolerant and low-maintenance.",Angelonia angustifolia (Summer snapdragon),"Water when top inch of soil is dry. Full sun essential. Heat and drought tolerant once established. Fertilize every 2-3 weeks. No deadheading needed. Thrives in hot, humid summers.",outdoorFullSun,medium,"[15, 32]",7.0,7.0,10.0,,neutral,wellDraining,nonToxic,fast,
bacopa,Bacopa,Outdoor - Annuals,"Trailing plant with small white, pink, or blue flowers; ideal for hanging baskets and container edges.",Sutera cordata (Bacopa),Keep soil consistently moist; avoid drying out. Full sun to partial shade. Fertilize every 2 weeks with bloom fertilizer. Pinch back to encourage bushiness. Heat-tolerant. Perfect for spillover in containers.,outdoorFullSun,medium,"[15, 32]",7.0,7.0,10.0,,neutral,wellDraining,nonToxic,fast,
begonia,Begonia,Outdoor - Annuals,"Annual and perennial flowers in the Begoniaceae family with colorful blooms and attractive foliage, shade-tolerant.","Begonia × semperflorens-cultorum (Wax begonia), B. × tuberhybrida (Tuberous begonia), B. boliviensis (Bolivian begonia), B. rex (Rex begonia)",Keep soil evenly moist but not waterlogged (2-3 times per week). Well-drained soil essential. Partial shade to full shade preferred - avoid direct sun. Fertilize every 2-3 weeks with balanced fertilizer. Deadhead spent flowers. Mulch to retain moisture. Colorful blooms and attractive foliage. Shade-tolerant. Research specific type for exact requirements. Annual; grown for one season; no winter watering needed. Mildly toxic to pets—may cause GI upset.,outdoorPartialSun,medium,"[18, 27]",3.0,3.0,5.0,,neutral,wellDraining,mildlyToxic,fast,
begonia-wax,Wax Begonia,Outdoor - Annuals,"Compact begonia with waxy green or bronze leaves and clusters of flowers in white, pink, or red; shade-tolerant.",Begonia semperflorens (Wax begonia),Keep soil evenly moist. Partial shade to full shade preferred; avoid hot afternoon sun. Fertilize every 2 weeks. Deadhead to encourage blooms. Mildly toxic to pets. Ideal for shady borders and containers.,outdoorFullSun,medium,"[15, 30]",7.0,7.0,10.0,,neutral,wellDraining,mildlyToxic,moderate,
calendula,Calendula,Outdoor - Annuals,"Also known as: Pot Marigold, English Marigold, Mary's Gold. Cool-season annual with edible, vibrant orange and yellow flowers used in cooking and herbal skincare.","Calendula officinalis (Pot marigold), C. officinalis 'Pacific Beauty', C. officinalis 'Indian Prince', C. officinalis 'Resina' (resin-rich)",Full sun to light afternoon shade. Water regularly until established; mature plants tolerate some drought. Prefers cool weather (15-24°C) — flowers decline in summer heat. Slightly acidic to neutral soil (pH 6.0-7.0). Deadhead frequently for continuous blooming. Self-seeds prolifically if allowed. Excellent companion plant — deters aphids and attracts beneficial insects. Non-toxic to pets; flowers are edible.,outdoorFullSun,medium,"[-5, 30]",4.0,3.0,5.0,,neutral,wellDraining,nonToxic,fast,
calibrachoa,Calibrachoa,Outdoor - Annuals,Miniature petunia-like flowers in many colors; prolific bloomer for containers and hanging baskets.,Calibrachoa × hybrida (Million bells),Water regularly; keep soil consistently moist. Full sun preferred. Fertilize every 2 weeks with bloom fertilizer. Self-cleaning—no deadheading needed. Deadhead or shear if leggy. Thrives in heat.,outdoorFullSun,medium,"[15, 32]",7.0,7.0,10.0,,neutral,wellDraining,nonToxic,fast,
celosia,Celosia,Outdoor - Annuals,"Also known as: Cockscomb. Bold tropical annual with flower heads in distinctive plume, crest, or brain-like comb shapes; colors include brilliant red, orange, yellow, pink, and purple.","Celosia argentea var. cristata (Crested cockscomb), C. argentea var. plumosa (Plumed celosia), C. spicata (Wheat celosia)","Water when the top inch of soil is dry; consistent moisture promotes best blooming but avoid waterlogged soil. Full sun (6+ hours) is essential for vibrant color and sturdy growth. Well-drained, fertile soil enriched with compost is ideal. Fertilize every 2-3 weeks with balanced liquid fertilizer. Deadhead to encourage branching and more blooms. Heat-loving; plant after all frost danger has passed. Excellent for cutting and dried flower arrangements. Non-toxic to pets.",outdoorFullSun,medium,"[18, 32]",7.0,7.0,10.0,,neutral,wellDraining,nonToxic,fast,
cleome,Cleome,Outdoor - Annuals,"Also known as: Spider flower. Tall, dramatic annual with spidery flower clusters in pink, purple, or white atop long stems, self-sowing freely for return displays.","Cleome hassleriana (Spider flower), C. hassleriana 'Violet Queen', C. hassleriana 'White Queen', C. 'Senorita Rosalita'","Water regularly but allow soil to dry slightly between waterings; moderately drought-tolerant once established. Full sun preferred; tolerates light shade. Average, well-drained soil. Fertilize monthly with balanced fertilizer. Deadhead to extend blooming or leave some for self-sowing. Heat and humidity tolerant. Thorny stems—handle with gloves. Annual; grown for one season; no winter watering needed. Non-toxic to pets.",outdoorFullSun,medium,"[10, 35]",3.0,3.0,5.0,,neutral,wellDraining,nonToxic,fast,
cool-season-annuals,Cool Season Annuals,Outdoor - Annuals,"Annual flowers that prefer cooler temperatures, often planted in fall or early spring for winter/spring blooms.","Viola × wittrockiana (Pansy), Violas (Viola, Johnny-jump-up), Calendula (Pot marigold), Primula (Primrose), Dianthus (Sweet William)",Keep soil evenly moist (2-3 times per week). Water at base to avoid wetting flowers and leaves. Consistent moisture important during flowering period. Partial sun to full sun depending on species. Fertilize every 2 weeks with balanced fertilizer. Deadhead spent flowers to encourage continuous blooms. Mulch to retain moisture. Annual - replant each season.,outdoorPartialSun,medium,"[10, 21]",3.0,3.0,5.0,,neutral,wellDraining,unknown,fast,
cosmos,Cosmos,Outdoor - Annuals,"Also known as: Garden cosmos. Annual flowers in the Asteraceae family with delicate, daisy-like blooms in shades of pink, white, and purple, easy to grow.","Cosmos bipinnatus (Garden cosmos, Mexican aster), C. sulphureus (Yellow cosmos, Orange cosmos), C. atrosanguineus (Chocolate cosmos)","Water regularly but allow to dry between waterings (2-3 times per week). Drought tolerant once established. Well-drained soil preferred. Full sun essential. Fertilize sparingly - too much fertilizer reduces blooms. Deadhead spent flowers to encourage continuous blooms. Self-seeds readily. Delicate, daisy-like blooms. Attract butterflies and bees. Annual; grown for one season; no winter watering needed.",outdoorFullSun,medium,"[18, 29]",3.0,3.0,5.0,,neutral,wellDraining,nonToxic,fast,
dahlia-annual,Annual Dahlia,Outdoor - Annuals,"Seed-grown dahlia varieties treated as annuals, producing colorful single or semi-double flowers all summer without the need to store tubers over winter.","Dahlia pinnata 'Bishop's Children', D. 'Figaro', D. 'Harlequin', D. 'Redskin'","Water deeply 2-3 times per week; consistent moisture important during flowering. Full sun essential—at least 6 hours daily. Rich, well-drained soil. Fertilize every 2-3 weeks with balanced fertilizer during blooming. Deadhead spent flowers to encourage continuous blooms. Pinch growing tips when young for bushier plants. Frost-sensitive—plant after last frost. Mildly toxic to pets.",outdoorFullSun,medium,"[10, 30]",3.0,3.0,5.0,,neutral,wellDraining,mildlyToxic,moderate,
dianthus-annual,China Pink,Outdoor - Annuals,"Fringed flowers in pink, red, or white with spicy fragrance; compact form for borders and containers.",Dianthus chinensis (China pink),"Water when top inch of soil is dry. Full sun preferred. Well-draining, slightly alkaline soil. Fertilize every 2-3 weeks. Deadhead to prolong bloom. Cool-season performer.",outdoorFullSun,medium,"[10, 27]",7.0,7.0,10.0,,neutral,wellDraining,nonToxic,fast,
dusty-miller,Dusty Miller,Outdoor - Annuals,"Also known as: Silver ragwort. Silver-foliage annual (perennial in mild climates) grown for its deeply lobed, felt-textured, silvery-white leaves that provide contrast in borders and containers.","Jacobaea maritima (Dusty miller, Silver ragwort), Centaurea cineraria (Dusty miller), Lychnis coronaria (Rose campion)",Water when the top inch of soil is dry; drought-tolerant once established. Full sun intensifies the silver coloring; tolerates part shade but becomes leggier. Well-drained soil is essential — susceptible to root rot in wet conditions. Pinch off small yellow flower buds to maintain foliage form and prevent the plant from declining after bloom. Low fertilizer needs; feed once in spring. Mildly toxic if ingested.,outdoorFullSun,low,"[-5, 35]",7.0,7.0,10.0,,neutral,wellDraining,mildlyToxic,fast,
european-cornflower,Cornflower,Outdoor - Annuals,"Classic blue (or pink, white) annual flowers with thistle-like blooms; bee-friendly and easy from seed.",Centaurea cyanus,"Water when top 1-2 inches of soil is dry. Full sun preferred; drought tolerant once established. Well-draining soil. Fertilize lightly or not at all—prefers lean soil. Direct-sow in spring. Self-seeds. After flowering remove the withered flowers, the part on the ground will wither in winter, the plant germinates again in spring",outdoorFullSun,medium,"[10, 32]",7.0,7.0,10.0,,neutral,wellDraining,nonToxic,fast,
forget-me-not,Forget-Me-Not,Outdoor - Annuals,"Also known as: Woodland Forget-Me-Not, Scorpion Grass. Charming biennial with clusters of tiny sky-blue flowers and a heart-shaped petal arrangement.","Myosotis sylvatica (Woodland forget-me-not), M. scorpioides (Water forget-me-not), M. alpestris (Alpine forget-me-not), M. sylvatica 'Blue Ball'",Partial shade to dappled light — tolerates morning sun with afternoon shade. Keep soil consistently moist but not soggy; water every 3-7 days. Prefers cool temperatures (15-25°C) and struggles in heat above 35°C. Tolerates wide soil pH (6.0-8.0). Self-seeds freely — remove spent plants to control spread. Non-toxic to pets. Remove dead or damaged foliage promptly.,outdoorPartialSun,medium,"[-5, 30]",4.0,3.0,5.0,,adaptable,wellDraining,nonToxic,fast,
four-o-clock,Four O'Clock,Outdoor - Annuals,Old-fashioned garden plant with trumpet-shaped flowers that open in late afternoon and stay open through the night. Single plant can produce flowers of different colors simultaneously.,"Mirabilis jalapa (Four o'clock flower, Marvel of Peru)","Water moderately — drought tolerant once established. Full sun to partial shade. Highly adaptable to most well-drained soils. Minimal fertilization needed. Self-sows readily — can become weedy in warm climates. Forms tuberous roots in frost-free areas and returns as a perennial; treated as annual elsewhere. Flowers in multiple colors (red, pink, yellow, white, striped) — often different colors on the same plant. Fragrant in the evening, attracting hawkmoths. All parts toxic, especially roots and seeds — toxic to pets. Remove dead or damaged foliage promptly.",outdoorFullSun,medium,"[0, 35]",5.0,5.0,7.0,,adaptable,wellDraining,toxic,fast,
fuchsia,Fuchsia,Outdoor - Annuals,"Graceful flowering plants with pendulous, lantern-shaped blooms in vivid combinations of pink, purple, red, and white. The quintessential hanging basket and shade garden plant.","Fuchsia magellanica (Hardy fuchsia), F. × hybrida (Hybrid fuchsia), F. triphylla (Honeysuckle fuchsia), F. boliviana (Bolivian fuchsia)","Keep soil consistently moist — fuchsias are heavy drinkers in warm weather. Partial shade essential; morning sun with afternoon shade is ideal. Direct sun scorches leaves and flowers. Rich, acidic, well-drained soil. Fertilize every 1-2 weeks during flowering with high-potassium fertilizer. Pinch growing tips to encourage bushiness. Hardy varieties (F. magellanica) survive to -10°C; tender hybrids are grown as annuals or overwintered indoors. Berries are edible (sweet). Non-toxic to pets.",outdoorPartialSun,high,"[0, 25]",3.0,3.0,5.0,,acidic,wellDraining,nonToxic,fast,
geraniums,Geraniums,Outdoor - Annuals,"Also known as: Zonal geranium. Popular annual and perennial flowering plants, include zonal geraniums (Pelargonium) and true geraniums (hardy geraniums).","Pelargonium × hortorum (Zonal geranium), P. peltatum (Ivy geranium), Geranium (Hardy geranium, Cranesbill), scented-leaf varieties",Keep soil evenly moist but well-drained (2-3 times per week). Allow to dry slightly between waterings. Full sun preferred for best flowering. Fertilize every 2 weeks with high-phosphorus fertilizer. Deadhead regularly to encourage continuous blooming. Pinch back when young to encourage bushiness. Zonal geraniums are annuals in most climates; hardy geraniums are perennials. Research type (annual Pelargonium vs perennial Geranium) for exact requirements. Zonal geraniums (Pelargonium) are treated as annuals in most climates; hardy geraniums (Geranium) are cold-hardy perennials.,outdoorFullSun,medium,"[15, 27]",2.0,2.0,3.0,,neutral,wellDraining,nonToxic,fast,
gomphrena,Globe Amaranth,Outdoor - Annuals,"Also known as: Bachelor's button (not to be confused with Centaurea). Heat-loving annual producing round, clover-like flower heads in magenta, purple, white, pink, and red that hold their color when dried.","Gomphrena globosa (Globe amaranth), G. globosa 'Fireworks' (Fireworks globe amaranth), G. haageana 'Strawberry Fields' (Strawberry Fields), G. pulchella (Dwarf globe amaranth)","Water when the top inch of soil is dry; drought-tolerant once established. Full sun is essential — at least 6 hours for best performance. Average, well-drained soil is fine; thrives in heat and humidity where other annuals struggle. Minimal fertilizer needed; too much nitrogen produces foliage at the expense of flowers. Deadhead for continuous bloom or leave flowers for dried arrangements. Excellent heat tolerance makes it ideal for southern gardens. Non-toxic to pets.",outdoorFullSun,low,"[15, 35]",7.0,7.0,10.0,,neutral,wellDraining,nonToxic,fast,
impatiens,Impatiens,Outdoor - Annuals,"Also known as: Busy Lizzie. Shade-loving annual flowering plants in the Balsaminaceae family with colorful blooms, excellent for shady areas.","Impatiens walleriana (Busy Lizzie, Garden impatiens), I. balsamina (Garden balsam), I. hawkeri (New Guinea impatiens), double-flowered varieties",Keep soil consistently moist (2-3 times per week). Don't allow to dry out — wilting damages plants. Partial to full shade preferred; avoid hot afternoon sun. Bright indirect light is ideal. Fertilize every 2 weeks with balanced fertilizer. Deadhead regularly to encourage continuous blooming. Pinch back when young to encourage bushiness. Excellent for shady gardens and containers. Plant after last frost. Watch for downy mildew — choose resistant varieties if this is a problem in your area. Annual; grown for one season; no winter watering needed. Non-toxic to pets.,outdoorPartialSun,high,"[18, 27]",2.0,2.0,3.0,,neutral,wellDraining,nonToxic,fast,
larkspur,Larkspur,Outdoor - Annuals,"Cool-season annual with tall spikes of delphinium-like flowers in blue, purple, pink, or white, a cottage garden favorite and excellent cut flower.","Consolida ajacis (Larkspur, Rocket larkspur), C. regalis (Forking larkspur)","Keep soil evenly moist; does not tolerate drought. Full sun preferred in cool climates; afternoon shade in hot areas. Rich, well-drained soil. Fertilize at planting and again mid-season. Direct sow in fall or early spring—dislikes transplanting. Excellent cut flower. Prefers cool weather; declines in heat. Toxic to pets and humans (alkaloids similar to delphinium). Deadhead regularly to prolong blooming. Pinch growing tips early for bushier plants.",outdoorFullSun,medium,"[5, 25]",3.0,5.0,7.0,,neutral,wellDraining,toxic,fast,
lisianthus,Lisianthus,Outdoor - Annuals,"Also known as: Eustoma. Elegant annual or short-lived perennial producing ruffled, rose-like blooms in white, pink, purple, and bicolor; prized as a premium cut flower.","Eustoma grandiflorum (Lisianthus, Texas bluebell), E. grandiflorum 'ABC' series, E. grandiflorum 'Echo' series","Water at the base when the top inch of soil feels dry; keep soil evenly moist but never waterlogged, as lisianthus is prone to crown rot. Full sun to light afternoon shade is ideal. Neutral to slightly alkaline, well-drained soil produces the best results. Fertilize every 2 weeks during bloom with a phosphorus-rich fertilizer. Stake tall varieties to support the heavy blooms. Slow to start from seed (requires 12-16 weeks); transplants are recommended for home gardens. Non-toxic to pets. Remove dead or damaged foliage promptly.",outdoorFullSun,medium,"[15, 30]",5.0,5.0,7.0,,neutral,wellDraining,nonToxic,fast,
lobelia,Lobelia,Outdoor - Annuals,"Mounding or trailing plant with masses of small blue, white, or pink flowers; cools down in heat but rebounds in fall.",Lobelia erinus (Edging lobelia),Keep soil consistently moist; avoid drying out. Partial shade in hot climates; full sun in cool regions. Fertilize every 2 weeks. Shear back midsummer if leggy for fall rebloom. Cool-season performer. Toxic to pets. Remove dead or damaged foliage promptly.,outdoorFullSun,medium,"[10, 27]",7.0,7.0,10.0,,neutral,wellDraining,toxic,fast,
marigold-african,African Marigold,Outdoor - Annuals,"Large, bold flowers in yellow or orange; pest-repellent and excellent for cutting.",Tagetes erecta,Water when top inch of soil is dry. Full sun essential. Well-draining soil. Fertilize every 2-3 weeks. Deadhead to encourage blooms. Tall varieties may need staking. Repels pests.,outdoorFullSun,medium,"[18, 32]",7.0,7.0,10.0,,neutral,wellDraining,nonToxic,fast,
marigolds,Marigolds,Outdoor - Annuals,"Hardy annual flowering plants in the Asteraceae family with bright yellow, orange, or red flowers, excellent for pest control.","Tagetes (Marigold), T. patula (French marigold), T. erecta (African marigold), T. tenuifolia (Signet marigold), Calendula (Pot marigold)",Keep soil evenly moist (2-3 times per week). Allow to dry slightly between waterings. Full sun essential (6-8 hours daily). Fertilize monthly with balanced fertilizer. Deadhead regularly to encourage continuous blooming. Pinch back when young to encourage bushiness. Excellent companion plants - repel nematodes and some pests. Easy to grow from seed. Plant after last frost. Research variety type for size and bloom characteristics. Annual; grown for one season; no winter watering needed.,outdoorFullSun,medium,"[15, 30]",2.0,2.0,3.0,,neutral,wellDraining,nonToxic,fast,
nasturtium,Nasturtium,Outdoor - Annuals,"Also known as: Garden nasturtium. Annual and perennial flowers in the Tropaeolaceae family with edible flowers and leaves, trailing or climbing habit.","Tropaeolum majus (Garden nasturtium, Indian cress), T. minus (Dwarf nasturtium), T. peregrinum (Canary creeper)",Water regularly but allow to dry between waterings (2-3 times per week). Prefer slightly dry conditions - too much water reduces flowering. Well-drained soil preferred. Full sun to partial shade. Fertilize sparingly - rich soil reduces blooms. Edible flowers and leaves with peppery flavor. Trailing or climbing habit. Attract beneficial insects. Annual; grown for one season; no winter watering needed. Remove dead or damaged foliage promptly.,outdoorFullSun,medium,"[15, 27]",3.0,3.0,5.0,,neutral,wellDraining,nonToxic,fast,
ornamental-kale,Ornamental Kale,Outdoor - Annuals,"Also known as: Nagoya ornamental kale. Cool-season annual grown for its striking rosettes of ruffled or fringed leaves in purple, pink, white, and cream; color intensifies as temperatures drop below 55°F (13°C).","Brassica oleracea 'Nagoya' (Nagoya ornamental kale), B. oleracea 'Pigeon' series, B. oleracea 'Crane' series (tall-stemmed), B. oleracea 'Peacock' (feathered leaf type)","Water when the top inch of soil is dry; avoid overhead watering which can promote fungal diseases. Full sun (6+ hours) produces the most vivid coloration. Average, well-drained soil is fine; avoid over-fertilizing which promotes leggy green growth instead of colorful foliage. Plant in early fall for best display — colors develop only after sustained cool temperatures below 13°C. Technically edible but bred for looks, not flavor. Tolerates light frost and often looks best after a few cold snaps. Remove by spring when it bolts and becomes unsightly. Non-toxic to pets. Deadhead regularly to prolong blooming. Pinch growing tips early for bushier plants.",outdoorFullSun,medium,"[-10, 22]",5.0,,5.0,7.0,neutral,wellDraining,nonToxic,fast,
pansy,Pansy,Outdoor - Annuals,Cold-tolerant flowers with face-like markings in many colors; plant in fall or early spring.,Viola × wittrockiana (Pansy),Keep soil evenly moist. Full sun in cool weather; partial shade when hot. Fertilize every 2 weeks. Deadhead to prolong bloom. Cool-season annual—plant in fall or early spring for best results.,outdoorFullSun,medium,"[-5, 25]",7.0,7.0,10.0,,neutral,wellDraining,nonToxic,fast,
pentas,Pentas,Outdoor - Annuals,"Star-shaped flower clusters in red, pink, or white; butterfly magnet, heat-loving.",Pentas lanceolata (Egyptian star cluster),Water when top inch of soil is dry. Full sun preferred. Fertilize every 2-3 weeks. Deadhead to encourage rebloom. Heat and humidity tolerant. Perennial in frost-free zones; grow as annual elsewhere.,outdoorFullSun,medium,"[18, 32]",7.0,7.0,10.0,,neutral,wellDraining,nonToxic,fast,
petunia-grandiflora,Grandiflora Petunia,Outdoor - Annuals,"Large, trumpet-shaped flowers in many colors; showy but sensitive to rain and heat.",Petunia × hybrida,Water regularly; keep soil evenly moist. Full sun essential. Fertilize every 2 weeks with bloom fertilizer. Deadhead or shear back midsummer. Flowers may wilt in heavy rain.,outdoorFullSun,medium,"[15, 30]",7.0,7.0,10.0,,neutral,wellDraining,nonToxic,fast,
petunias,Petunias,Outdoor - Annuals,"Also known as: Garden petunia. Popular annual flowering plants in the Solanaceae family with trumpet-shaped flowers, excellent for containers and hanging baskets.","Petunia × hybrida (Garden petunia), grandiflora, multiflora, milliflora, and spreading/trailing varieties, P. integrifolia (Wild petunia)","Keep soil evenly moist (2-3 times per week). Water at base to avoid wetting flowers. Full sun essential (6-8 hours daily). Fertilize every 2 weeks with high-phosphorus fertilizer to encourage flowering. Deadhead regularly or shear back by one-third mid-season to encourage reblooming. Pinch back when young to encourage bushiness. Excellent for containers, hanging baskets, and borders. Plant after last frost. Research variety type for growth habit (upright vs trailing). Annual; grown for one season; no winter watering needed.",outdoorFullSun,medium,"[15, 30]",2.0,2.0,3.0,,neutral,wellDraining,nonToxic,fast,
portulaca,Moss Rose,Outdoor - Annuals,"Succulent-like leaves with bright flowers in many colors; thrives in hot, dry, poor soil.",Portulaca grandiflora,"Water when soil is dry; avoid overwatering. Full sun essential. Sandy, well-draining soil preferred. Fertilize sparingly. Drought tolerant. Self-seeds. Ideal for containers and rock gardens. Remove dead or damaged foliage promptly.",outdoorFullSun,medium,"[18, 32]",7.0,7.0,10.0,,neutral,wellDraining,nonToxic,fast,
snapdragon,Snapdragon,Outdoor - Annuals,"Spikes of dragon-mouth flowers in many colors; cool-season annual, excellent for cutting.",Antirrhinum majus (Common snapdragon),Keep soil evenly moist. Full sun in cool weather; partial shade when hot. Fertilize every 2 weeks. Deadhead to prolong bloom. Cool-season performer—plant in fall or early spring. Stake tall varieties.,outdoorFullSun,medium,"[10, 27]",7.0,7.0,10.0,,neutral,wellDraining,nonToxic,fast,
statice,Statice,Outdoor - Annuals,"Also known as: Wavyleaf statice. Papery, brightly colored flower clusters on wiry stems; a classic everlasting flower prized for fresh and dried arrangements.","Limonium sinuatum (Wavyleaf statice), L. perezii (Perez's sea lavender), L. latifolium (Broad-leaved statice)","Water sparingly once established; drought-tolerant and sensitive to overwatering. Full sun is essential for strong stems and vibrant flower color. Sandy, well-draining soil mimicking its coastal origins is ideal. Fertilize lightly once or twice during the growing season. Harvest for drying when most florets in a cluster have opened. Excellent salt tolerance; suitable for coastal gardens. Non-toxic to pets. Deadhead regularly to prolong blooming. Pinch growing tips early for bushier plants.",outdoorFullSun,low,"[5, 35]",7.0,7.0,10.0,,neutral,wellDraining,nonToxic,fast,
stock,Stock,Outdoor - Annuals,"Also known as: Common stock. Sweetly fragrant cool-season annual or biennial with dense spikes of double or single flowers in white, pink, purple, red, and cream; prized for its intoxicating clove-like scent.","Matthiola incana (Common stock), M. incana 'Cinderella' series, M. incana 'Iron' series (heat-tolerant), M. longipetala (Night-scented stock)","Water regularly to keep soil evenly moist; inconsistent watering causes premature bolting. Full sun to partial shade; prefers cool temperatures and performs poorly above 25°C. Rich, well-drained, neutral to slightly alkaline soil is ideal. Fertilize every 2-3 weeks with balanced liquid fertilizer during bloom. Plant in early spring or fall for best results; a true cool-season flower that thrives when nights are cool. Deadhead spent blooms to prolong flowering. Night-scented stock (M. longipetala) is a separate species with smaller flowers but an incredible evening fragrance. Non-toxic to pets.",outdoorFullSun,medium,"[-5, 25]",5.0,5.0,7.0,,neutral,wellDraining,nonToxic,fast,
sunflower,Sunflower,Outdoor - Annuals,"Annual and perennial flowers in the Asteraceae family with large, cheerful yellow blooms that follow the sun.","Helianthus annuus (Common sunflower), H. debilis (Beach sunflower), H. maximiliani (Maximilian sunflower), dwarf varieties","Water deeply 2-3 times per week during growing season. Consistent moisture important during flowering. Well-drained soil preferred. Full sun essential. Fertilize every 2-3 weeks with balanced fertilizer. Stake tall varieties. Deadhead to encourage side blooms or leave for birds. Large, cheerful yellow blooms. Attract birds and bees. Annual; grown for one season; no winter watering needed.",outdoorFullSun,medium,"[18, 29]",3.0,3.0,5.0,,neutral,wellDraining,nonToxic,fast,
sweet-pea,Sweet Pea,Outdoor - Annuals,"Beloved annual climbing flower prized for its fragrant, ruffled blooms in a wide range of pastel colors. A cottage garden classic.","Lathyrus odoratus (Sweet pea), 'Spencer' varieties (large, ruffled), 'Old Spice' (heirloom mix), 'Cupani' (original bicolor)",Water regularly — keep soil consistently moist but not waterlogged. Full sun with cool roots. Plant early in spring — prefers cool weather and fades in heat. Provide support for climbing. Deadhead spent flowers to prolong blooming. Seeds are toxic if ingested. Toxic to pets.,outdoorFullSun,medium,"[5, 25]",3.0,3.0,5.0,,alkaline,wellDraining,toxic,fast,
sweet-potato-vine,Sweet Potato Vine,Outdoor - Annuals,"Trailing foliage plant in lime, purple, or bronze; grown for leaves, not tubers; fast-growing.",Ipomoea batatas (Ornamental sweet potato),Water when top inch of soil is dry. Full sun to partial shade. Fertilize every 2-3 weeks. Prune to control size; very vigorous. Generally considered non-toxic to pets (ASPCA). Ideal for containers and baskets as spillover.,outdoorFullSun,medium,"[18, 32]",7.0,7.0,10.0,,neutral,wellDraining,toxic,fast,
verbena-hybrid,Garden Verbena,Outdoor - Annuals,"Clusters of small flowers in purple, pink, red, or white; heat-tolerant, butterfly-friendly.",Verbena × hybrida,Water when top inch of soil is dry. Full sun essential. Well-draining soil. Fertilize every 2-3 weeks. Deadhead to encourage rebloom. Drought tolerant once established. Trailing or mounding habits.,outdoorFullSun,medium,"[15, 30]",7.0,7.0,10.0,,neutral,wellDraining,nonToxic,fast,
viola,Viola,Outdoor - Annuals,Also known as: Johnny-jump-up. Small pansy-like flowers with distinctive markings; Johnny-jump-up and violas are cold-tolerant.,Viola tricolor (Johnny-jump-up),Keep soil evenly moist. Full sun in cool weather; partial shade when hot. Fertilize every 2 weeks. Deadhead to prolong bloom. Cool-season annual. Smaller than pansies but more prolific.,outdoorFullSun,medium,"[-5, 25]",7.0,7.0,10.0,,neutral,wellDraining,nonToxic,fast,
warm-season-annuals,Warm Season Annuals,Outdoor - Annuals,"Annual flowers that thrive in summer heat, provide continuous blooms throughout warm season.","Petunia (Petunia), Tagetes (Marigold, French marigold, African marigold), Zinnia (Zinnia), Impatiens (Busy Lizzie, prefer partial shade), Portulaca (Moss rose)",Keep soil evenly moist (daily watering may be needed in hot weather). Water at base to avoid wetting flowers which can cause disease. Consistent moisture prevents wilting. Full sun to partial shade depending on species. Thrive in summer heat. Fertilize every 2 weeks with balanced fertilizer. Deadhead spent flowers to encourage continuous blooms. Mulch to retain moisture. Annual - replant each season. Provide continuous blooms throughout warm season.,outdoorFullSun,medium,"[18, 29]",3.0,3.0,5.0,,neutral,wellDraining,unknown,fast,
zinnia,Zinnia,Outdoor - Annuals,"Also known as: Youth-and-old-age. Annual flowers in the Asteraceae family with bright, daisy-like blooms in many colors, easy to grow from seed.","Zinnia elegans (Common zinnia), Z. haageana (Mexican zinnia), Z. angustifolia (Narrow-leaf zinnia), Z. 'Profusion' (compact hybrid), Z. 'Benary's Giant'","Water at base regularly (2-3 times per week). Avoid wetting leaves to prevent powdery mildew. Well-drained soil preferred. Full sun essential. Fertilize every 2-3 weeks with balanced fertilizer. Deadhead spent flowers to encourage continuous blooms. Easy to grow from seed. Bright, daisy-like blooms in many colors. Attract butterflies. Annual; grown for one season; no winter watering needed.",outdoorFullSun,medium,"[18, 29]",3.0,3.0,5.0,,neutral,wellDraining,nonToxic,fast,
boston-ivy,Boston Ivy,Outdoor - Vines & Climbers,Deciduous vine with three-lobed leaves that turn brilliant red in fall; clings to walls via adhesive pads.,Parthenocissus tricuspidata,Water regularly during establishment. Full sun to partial shade. Tolerates most soils. Fertilize in spring. Prune to control growth—can be aggressive. Spectacular fall color. Toxic to pets. Remove from masonry if concerned about damage.,outdoorFullSun,medium,"[-10, 35]",7.0,7.0,10.0,,neutral,wellDraining,toxic,fast,
bougainvillea,Bougainvillea,Outdoor - Vines & Climbers,"Vigorous tropical vine with brilliant papery bracts in magenta, purple, red, orange, white, or pink that surround tiny true flowers, thriving in hot, dry climates.","Bougainvillea glabra (Lesser bougainvillea), B. spectabilis (Great bougainvillea), B. 'Barbara Karst', B. 'San Diego Red'",Allow soil to dry between waterings; drought stress actually promotes more prolific blooming. Full sun essential—at least 6 hours of direct sun for best color. Well-drained soil critical; does not tolerate wet feet. Fertilize with high-phosphorus fertilizer during growing season. Prune after flowering to shape. Frost-sensitive—protect below 5°C. Thorny—handle with gloves. Mildly toxic to pets.,outdoorFullSun,low,"[5, 40]",5.0,5.0,10.0,21.0,neutral,wellDraining,mildlyToxic,fast,
carolina-jessamine,Carolina Jessamine,Outdoor - Vines & Climbers,Evergreen vine with fragrant yellow trumpet flowers in early spring; state flower of South Carolina.,Gelsemium sempervirens,Water when top inch of soil is dry. Full sun to partial shade. Well-draining soil. Fertilize in spring after bloom. Prune after flowering. Highly toxic—all parts. Hummingbird attractant. Toxic to pets.,outdoorFullSun,medium,"[-10, 35]",7.0,7.0,10.0,,neutral,wellDraining,toxic,fast,
clematis,Clematis,Outdoor - Vines & Climbers,"Climbing perennials in the Ranunculaceae family with large, showy flowers, require support and specific pruning.","Clematis × jackmanii (Jackman clematis), C. terniflora (Sweet autumn clematis), C. montana (Anemone clematis), C. viticella (Italian clematis)","Keep soil evenly moist, especially during flowering. Prefer cool roots and sunny tops - mulch around base. Well-drained soil preferred. Full sun to partial shade. Fertilize in spring with balanced fertilizer. Prune according to type - some bloom on new growth, others on old wood. Provide support for climbing. Large, showy flowers. Research specific type for exact pruning requirements. Deciduous varieties: reduce watering when dormant in winter. Pruning varies by group: Group 1 (spring bloomers) minimal pruning; Group 2 (repeat bloomers) light pruning after first flush; Group 3 (summer/fall bloomers) hard prune in late winter. Mildly toxic to pets—may cause GI upset.",outdoorFullSun,medium,"[10, 27]",5.0,5.0,7.0,,neutral,wellDraining,mildlyToxic,fast,
climbers,Climbers,Outdoor - Vines & Climbers,"Plants that climb using tendrils, twining stems, or aerial roots, require support structures like trellises or fences.","Jasminum (Jasmine, Star jasmine), Clematis (Clematis, Old man's beard), Lonicera (Honeysuckle), Wisteria, Parthenocissus (Virginia creeper)","Keep soil evenly moist (weekly deep watering). Water at base to avoid wetting leaves. Mulch around base to retain moisture especially for root zones. Full sun to partial shade depending on species. Provide support structures (trellises, fences, arbors) for climbing. Fertilize monthly during growing season. Prune according to species - some bloom on new growth, others on old wood. Research specific species for exact requirements. Evergreen; reduce watering in winter when growth slows.",outdoorPartialSun,medium,"[10, 29]",5.0,5.0,7.0,,neutral,wellDraining,unknown,fast,
climbing-hydrangea,Climbing Hydrangea,Outdoor - Vines & Climbers,Deciduous vine with lacecap flowers and aerial roots; slow to establish but vigorous once rooted.,Hydrangea anomala subsp. petiolaris,"Keep soil moist, especially when establishing. Partial shade preferred; tolerates full shade. Rich, well-draining soil. Fertilize in spring. Prune after flowering—blooms on old wood. Patient—may take 3–5 years to take off. Mildly toxic to pets—may cause GI upset.",outdoorFullSun,medium,"[-10, 35]",7.0,7.0,10.0,,neutral,wellDraining,mildlyToxic,moderate,
climbing-rose,Climbing Rose,Outdoor - Vines & Climbers,Roses with long canes that need support; repeat-blooming or once-blooming depending on cultivar.,Rosa spp. (Climbing cultivars),Water deeply 1–2 times per week. Full sun essential (6+ hours). Fertilize every 2–3 weeks during bloom. Prune after flowering—most bloom on old wood. Provide strong trellis or arbor. Mulch to retain moisture.,outdoorFullSun,medium,"[-10, 35]",7.0,7.0,10.0,,neutral,wellDraining,nonToxic,moderate,
crossvine,Crossvine,Outdoor - Vines & Climbers,Evergreen to semi-evergreen vine with orange-red trumpet flowers in spring; hummingbird magnet.,Bignonia capreolata,Water when top inch of soil is dry. Full sun to partial shade. Tolerates various soils. Fertilize in spring. Prune after flowering to control size. Fast-growing once established. Drought tolerant.,outdoorFullSun,medium,"[-10, 35]",7.0,7.0,10.0,,neutral,wellDraining,nonToxic,fast,
honeysuckle,Honeysuckle,Outdoor - Vines & Climbers,"Climbing and shrubby plants in the Caprifoliaceae family with fragrant, tubular flowers, some species can be invasive.","Lonicera japonica (Japanese honeysuckle), L. sempervirens (Trumpet honeysuckle, Coral honeysuckle), L. periclymenum (European honeysuckle), L. × brownii (Brown's honeysuckle)","Water regularly during establishment, then reduce to weekly. Drought tolerant once established. Well-drained soil preferred. Full sun to partial shade. Fertilize in spring with balanced fertilizer. Prune after flowering to control growth. Provide support for climbing varieties. Fragrant, tubular flowers. Attract hummingbirds. Some species can be invasive - check local regulations. Evergreen; reduce watering in winter when growth slows. Mildly toxic to pets—may cause GI upset.",outdoorFullSun,medium,"[10, 27]",5.0,5.0,7.0,,neutral,wellDraining,mildlyToxic,fast,
ivy,Ivy,Outdoor - Vines & Climbers,"Evergreen climbing and groundcover plants in the Araliaceae family, can be invasive, excellent for covering walls and ground.","Hedera helix (English ivy), H. hibernica (Atlantic ivy)","Water regularly during establishment (first year), then reduce to weekly. Drought tolerant once established. Well-drained soil preferred. Full sun to full shade depending on species. Fertilize in spring with balanced fertilizer. Prune to control growth - can be invasive. Excellent for covering walls and ground. Evergreen foliage. Research specific species for exact requirements. Evergreen; reduce watering in winter when growth slows. Toxic to pets.",outdoorPartialSun,medium,"[10, 27]",7.0,7.0,14.0,,neutral,wellDraining,toxic,moderate,
japanese-wisteria,Japanese Wisteria,Outdoor - Vines & Climbers,"Vigorous, long-lived climbing vine famous for its cascading clusters of fragrant purple, blue, pink, or white flowers in spring. Iconic in Japanese gardens, particularly the famous wisteria tunnels.","Wisteria floribunda (Japanese wisteria), 'Royal Purple', 'Macrobotrys' (extra-long racemes), 'Alba' (white flowers)","Water regularly when young; drought tolerant once established. Full sun essential for best flowering. Very vigorous grower — requires strong support structure (arbor, pergola). Prune twice yearly (summer and winter) to control growth and encourage flowering. May take 3-5 years to bloom. Seeds and pods are toxic. Toxic to pets.",outdoorFullSun,medium,"[-10, 35]",5.0,5.0,7.0,,neutral,wellDraining,toxic,fast,
moonflower,Moonflower,Outdoor - Vines & Climbers,"Vigorous tropical vine with large, fragrant, pure white flowers that open at dusk and close at dawn. The nocturnal companion to morning glory.","Ipomoea alba (Moonflower, Tropical white morning glory)","Water regularly during active growth. Full sun essential for best flowering; the vine itself grows in partial shade but needs sun for buds. Well-drained, moderately fertile soil — too-rich soil produces foliage at the expense of flowers. Provide a sturdy trellis or support (grows 3-5m in a season). Annual in most climates; perennial in frost-free zones. Soak or nick seeds before planting to aid germination. Flowers are intensely fragrant at night — plant near patios and windows to enjoy the scent. Related to morning glory. All parts toxic, especially seeds — toxic to pets. Remove dead or damaged foliage promptly.",outdoorFullSun,medium,"[10, 35]",3.0,3.0,5.0,,neutral,wellDraining,toxic,fast,
morning-glory,Morning Glory,Outdoor - Vines & Climbers,Fast-growing annual and perennial vines in the Convolvulaceae family with trumpet-shaped flowers that open in morning.,"Ipomoea purpurea (Common morning glory), I. tricolor (Heavenly blue morning glory), I. alba (Moonflower), I. quamoclit (Cypress vine)",Water regularly (2-3 times per week). Keep consistently moist during flowering. Well-drained soil preferred. Full sun essential. Fertilize every 2-3 weeks with balanced fertilizer. Provide support for climbing. Deadhead to prevent self-seeding if desired. Fast-growing vines. Trumpet-shaped flowers open in morning. Can be invasive - check local regulations. Annual; grown for one season; no winter watering needed. Toxic to pets.,outdoorFullSun,medium,"[18, 29]",3.0,3.0,5.0,,neutral,wellDraining,toxic,fast,
passion-flower,Passion Flower,Outdoor - Vines & Climbers,"Exotic vines with intricate purple, blue, or white flowers; some species produce edible passion fruit.",Passiflora caerulea (Blue passion flower),Water when top inch of soil is dry. Full sun preferred. Well-draining soil. Fertilize every 2 weeks during growth. Prune in late winter. Provide support. Passiflora edulis is the edible species. Mildly toxic—unripe fruit and leaves.,outdoorFullSun,medium,"[10, 32]",7.0,7.0,10.0,,neutral,wellDraining,mildlyToxic,fast,
star-jasmine,Star Jasmine,Outdoor - Vines & Climbers,"Also known as: Confederate jasmine. Evergreen twining vine with intensely fragrant, pinwheel-shaped white flowers in spring and summer, excellent as groundcover or wall climber.","Trachelospermum jasminoides (Star jasmine, Confederate jasmine), T. asiaticum (Asian star jasmine)","Water regularly during establishment; moderately drought-tolerant once mature. Full sun to partial shade—flowers best in full sun. Well-drained soil. Fertilize in spring with balanced fertilizer. Prune after flowering to control size and shape. Can be trained on trellises, walls, or used as groundcover. Evergreen in mild climates. Mildly toxic to pets (milky latex sap).",outdoorPartialSun,medium,"[-5, 35]",5.0,5.0,7.0,14.0,neutral,wellDraining,mildlyToxic,fast,
trumpet-honeysuckle,Trumpet Honeysuckle,Outdoor - Vines & Climbers,Native vine with red or orange tubular flowers; non-invasive alternative to Japanese honeysuckle.,Lonicera sempervirens,Water when top inch of soil is dry. Full sun to partial shade. Well-draining soil. Fertilize in spring. Prune after flowering. Hummingbird favorite. Berries attract birds. Semi-evergreen in mild climates. Mildly toxic to pets—may cause GI upset.,outdoorFullSun,medium,"[-10, 32]",7.0,7.0,10.0,,neutral,wellDraining,mildlyToxic,fast,
trumpet-vine,Trumpet Vine,Outdoor - Vines & Climbers,"Also known as: Trumpet creeper. Vigorous vine with orange-red trumpet flowers; very fast-growing, can be invasive.",Campsis radicans (Trumpet creeper),Water when top inch of soil is dry. Full sun essential. Tolerates poor soil. Fertilize sparingly. Prune aggressively in late winter to control. Hummingbird magnet. Can damage structures—use strong support. Spreads by suckers. Mildly toxic to pets—may cause GI upset.,outdoorFullSun,medium,"[-10, 35]",7.0,7.0,10.0,,neutral,wellDraining,mildlyToxic,fast,
virginia-creeper,Virginia Creeper,Outdoor - Vines & Climbers,"Deciduous vine with five leaflets; spectacular red fall color, often confused with poison ivy.",Parthenocissus quinquefolia,Water when top inch of soil is dry. Full sun to full shade. Tolerates most soils. Fertilize in spring. Prune to control—can be aggressive. Five leaflets (not three like poison ivy). Berries toxic to humans. Stunning fall color. Mildly toxic to pets—may cause GI upset.,outdoorFullSun,medium,"[-10, 35]",7.0,7.0,10.0,,neutral,wellDraining,mildlyToxic,fast,
wisteria,Wisteria,Outdoor - Vines & Climbers,"Vigorous climbing vines in the Fabaceae family with cascading clusters of fragrant flowers, require strong support.","Wisteria sinensis (Chinese wisteria), W. floribunda (Japanese wisteria), W. frutescens (American wisteria), W. macrostachya (Kentucky wisteria)","Water regularly during establishment, then reduce to weekly. Drought tolerant once established. Well-drained soil preferred. Full sun essential for flowering. Fertilize sparingly in spring - too much nitrogen reduces blooms. Prune twice yearly - summer and winter. Requires strong support - can damage structures. Cascading clusters of fragrant flowers. Very vigorous - can be invasive. Deciduous varieties: reduce watering when dormant in winter. Toxic to pets.",outdoorFullSun,medium,"[10, 29]",7.0,7.0,14.0,,neutral,wellDraining,toxic,fast,
ajuga,Ajuga,Outdoor - Groundcovers & Grasses,Also known as: Bugleweed. Low groundcover with blue flower spikes and bronze or green foliage; spreads by runners.,Ajuga reptans (Bugleweed),Keep soil evenly moist. Partial shade preferred; tolerates full sun in cool climates. Well-draining soil. Fertilize in spring. Divide every 2–3 years to control spread. Mildly toxic to pets. Can be invasive in favorable conditions. In spring pruning and Remove dead or damaged foliage promptly.,outdoorFullSun,medium,"[-10, 35]",7.0,7.0,10.0,,neutral,wellDraining,mildlyToxic,moderate,
big-bluestem,Big Bluestem,Outdoor - Groundcovers & Grasses,Tall native prairie grass with blue-green stems that turn reddish in fall; three-forked seed heads.,Andropogon gerardii,Water when top 2 inches dry; very drought-tolerant once established. Full sun essential. Adapts to most soils. No fertilizer—lean soil keeps it compact. The dominant grass of the tallgrass prairie (6-8 ft). Copper-bronze fall color. Turkey-foot seed heads. Cut back in late winter.,outdoorFullSun,medium,"[10, 32]",7.0,7.0,10.0,,neutral,wellDraining,nonToxic,moderate,
blue-fescue,Blue Fescue,Outdoor - Groundcovers & Grasses,"Compact ornamental grass with blue-gray foliage; forms neat mounds, ideal for borders and rock gardens.",Festuca glauca,Water when top inch of soil is dry. Full sun essential for best color. Well-draining soil; drought tolerant. Fertilize sparingly. Comb or shear in early spring to remove dead foliage. Short-lived—replace every 3–4 years. Remove dead or damaged foliage promptly.,outdoorFullSun,medium,"[-10, 35]",7.0,7.0,10.0,,neutral,wellDraining,nonToxic,moderate,
blue-grama,Blue Grama,Outdoor - Groundcovers & Grasses,Low native prairie grass with distinctive horizontal flower spikes resembling eyelashes; drought tolerant.,Bouteloua gracilis,"Water sparingly; extremely drought-tolerant once established. Full sun essential. Well-draining, lean soil. Never fertilize—causes floppy growth. Short (12-18 in.) warm-season grass with distinctive eyelash-like seed heads. Excellent for xeriscaping and native lawns. Mow to 3 inches or leave natural. Cut back ornamental grasses in late winter before new growth. Trim groundcovers to control spread.",outdoorFullSun,medium,"[10, 32]",7.0,7.0,10.0,,neutral,wellDraining,nonToxic,moderate,
creeping-jenny,Creeping Jenny,Outdoor - Groundcovers & Grasses,"Also known as: Moneywort. Fast-spreading groundcover with round, coin-shaped leaves. Golden variety (Aurea) is one of the most popular container and hanging basket trailing plants.","Lysimachia nummularia (Creeping Jenny, Moneywort), L. nummularia 'Aurea' (Golden creeping Jenny)","Water regularly — prefers consistently moist to wet soil; thrives at pond edges and in rain gardens. Partial shade to full sun; golden variety needs more sun for best color but scorches in intense heat. Adaptable to most soils. Minimal fertilization needed. Spreads rapidly by rooting at stem nodes — can become invasive in moist conditions. Excellent in containers, hanging baskets, and between stepping stones. Golden variety is less aggressive than the green species. Tolerates light foot traffic. Non-toxic to pets. Remove dead or damaged foliage promptly.",outdoorPartialSun,high,"[-10, 30]",3.0,3.0,5.0,,adaptable,moistureRetentive,nonToxic,moderate,
creeping-phlox,Creeping Phlox,Outdoor - Groundcovers & Grasses,"Also known as: Moss phlox, Moss pink. Low-growing perennial groundcover in the Polemoniaceae family with masses of spring flowers, excellent for rock gardens.","Phlox subulata (Moss phlox, Creeping phlox, Moss pink), P. stolonifera (Creeping phlox)","Water regularly during establishment, then reduce to weekly. Drought tolerant once established. Well-drained soil essential. Full sun preferred. Fertilize in spring with balanced fertilizer. Shear after flowering to maintain shape. Excellent for rock gardens and slopes. Masses of spring flowers. Forms dense mats. Herbaceous perennials die back; reduce watering when dormant. Remove dead or damaged foliage promptly.",outdoorFullSun,medium,"[10, 27]",7.0,7.0,14.0,,neutral,wellDraining,nonToxic,moderate,
grasses,Grasses,Outdoor - Groundcovers & Grasses,"Ornamental grasses in the Poaceae family, add texture and movement to landscapes, many are drought tolerant.","Pennisetum (Fountain grass), Miscanthus (Maiden grass, Silver grass), Festuca (Fescue), Panicum (Switchgrass), Calamagrostis (Feather reed grass)",Occasional deep watering (every 2-3 weeks once established). Most are drought tolerant once established. Water regularly during establishment period (first year). Full sun preferred for most species. Fertilize sparingly in spring. Cut back in late winter/early spring before new growth. Divide every 3-5 years to maintain vigor. Add texture and movement to landscapes. Research specific species for exact requirements. Herbaceous perennials die back; reduce watering when dormant.,outdoorFullSun,medium,"[10, 29]",7.0,7.0,14.0,,neutral,wellDraining,unknown,moderate,
groundcovers,Groundcovers,Outdoor - Groundcovers & Grasses,"Low-growing plants that spread to cover ground, useful for erosion control and reducing maintenance.","Thymus (Thyme, Creeping thyme), Vinca (Periwinkle), Ajuga (Bugleweed), Pachysandra (Japanese spurge), Sedum (Stonecrop)",Light watering once established (every 1-2 weeks). Keep moist during establishment period (first 3-6 months). Most are drought tolerant after rooting. Full sun to partial shade depending on species. Fertilize sparingly in spring. Prune to control spread if needed. Useful for erosion control and reducing maintenance. Mulch between plants during establishment. Research specific species for exact requirements. Evergreen; reduce watering in winter when growth slows.,outdoorFullSun,medium,"[10, 29]",7.0,7.0,14.0,,neutral,wellDraining,unknown,moderate,
ice-plant,Ice Plant,Outdoor - Groundcovers & Grasses,"Low-growing succulent groundcover with brilliant daisy-like flowers in neon pink, purple, orange, yellow, and white that open in full sun. Excellent for xeriscaping and dry slopes.","Delosperma cooperi (Hardy ice plant, Trailing ice plant), D. nubigenum (Yellow ice plant), Carpobrotus edulis (Hottentot fig, Highway ice plant)","Water sparingly — ice plants are extremely drought tolerant and rot in wet conditions. Full sun essential; flowers only open in direct sunlight. Excellent drainage critical — sandy, gravelly, or rocky soil. Do not fertilize — excess nutrients reduce flowering. Spreads via trailing stems. Delosperma species are cold-hardy (to -20°C for some); Carpobrotus is frost-tender. Carpobrotus edulis is extremely invasive in coastal California and Mediterranean regions. Delosperma cooperi is the best choice for gardens. Non-toxic to pets. Remove dead or damaged foliage promptly.",outdoorFullSun,low,"[-10, 38]",10.0,7.0,14.0,,neutral,excellentDrainage,nonToxic,moderate,
indian-grass,Indian Grass,Outdoor - Groundcovers & Grasses,Tall native prairie grass with golden fall color and feathery bronze seed heads; warm-season grass.,Sorghastrum nutans,Water when top 2 inches dry; drought-tolerant once established. Full sun essential. Adapts to most soils including clay. No fertilizer needed. Golden-bronze plume-like seed heads in fall. Tall (4-7 ft). Beautiful winter interest. Cut back in late winter before new growth.,outdoorFullSun,medium,"[10, 32]",7.0,7.0,10.0,,neutral,wellDraining,nonToxic,moderate,
japanese-forest-grass,Japanese Forest Grass,Outdoor - Groundcovers & Grasses,"Graceful, cascading grass with gold or green variegation; thrives in shade.",Hakonechloa macra,"Keep soil consistently moist. Partial to full shade preferred; bleaches in full sun. Rich, well-draining soil. Fertilize in spring. Cut back in late winter. Slow-growing. Golden forms need some light for color.",outdoorPartialSun,medium,"[-10, 35]",7.0,7.0,10.0,,neutral,wellDraining,nonToxic,moderate,
lambs-ear,Lamb's Ear,Outdoor - Groundcovers & Grasses,"Fuzzy, silver-gray foliage that feels like lamb's wool; purple flower spikes in summer.",Stachys byzantina,Water when top inch of soil is dry. Full sun preferred; needs good drainage. Drought tolerant. Avoid overhead watering—fuzzy leaves rot when wet. Remove flower stalks to maintain compact foliage. Divide when center dies out. Cut back ornamental grasses in late winter before new growth. Trim groundcovers to control spread.,outdoorFullSun,medium,"[-10, 35]",7.0,7.0,10.0,,neutral,wellDraining,nonToxic,moderate,
lamium,Dead Nettle,Outdoor - Groundcovers & Grasses,"Also known as: Lamium. Low-growing shade groundcover with silver-marked, heart-shaped leaves and small hooded flowers in pink, purple, or white. Not a true nettle — does not sting.","Lamium maculatum (Spotted dead nettle), L. maculatum 'Beacon Silver', L. maculatum 'White Nancy', L. galeobdolon (Yellow archangel)",Water regularly to keep soil evenly moist; tolerates brief dry spells once established. Shade to partial shade — one of the best groundcovers for dry shade once established. Adaptable to most soils; thrives in average garden conditions. Fertilize lightly in spring. Can be sheared back after flowering to tidy and encourage fresh growth. L. galeobdolon (yellow archangel) is aggressive and potentially invasive — spotted dead nettle (L. maculatum) is better behaved. Silver leaf markings brighten dark garden areas. Non-toxic to pets. Remove dead or damaged foliage promptly.,outdoorShade,medium,"[-10, 28]",5.0,5.0,7.0,,adaptable,wellDraining,nonToxic,moderate,
lawn-turf,Lawn/Turf,Outdoor - Groundcovers & Grasses,"Grass species maintained as lawns, require regular mowing and maintenance for healthy growth.","Cynodon dactylon (Bermuda grass), Festuca (Fescue, Tall fescue), Lolium (Ryegrass, Perennial ryegrass), Poa (Kentucky bluegrass), Zoysia (Zoysia grass)","Frequent deep watering (1-1.5 inches per week, 2-3 times per week). Water early morning (before 10am) to reduce evaporation and prevent disease. Avoid shallow frequent watering which encourages shallow roots. Full sun to partial shade depending on grass type. Fertilize 3-4 times per year with lawn fertilizer. Mow regularly at appropriate height for grass type. Aerate annually. Overseed in fall for cool-season grasses. Research specific grass type for exact requirements. Evergreen; reduce watering in winter when growth slows. Cut back ornamental grasses in late winter before new growth. Trim groundcovers to control spread.",outdoorFullSun,medium,"[10, 29]",3.0,3.0,5.0,,neutral,wellDraining,nonToxic,moderate,
liriope,Liriope,Outdoor - Groundcovers & Grasses,Also known as: Lilyturf. Shade-tolerant evergreen groundcover with grass-like foliage and spikes of purple or white flowers followed by dark berries.,"Liriope muscari (Big blue lilyturf), L. spicata (Creeping lilyturf), L. muscari 'Variegata'",Water regularly during establishment; drought-tolerant once mature. Full sun to deep shade—extremely adaptable. Tolerates a wide range of soils. Fertilize in spring with balanced fertilizer. Mow or cut back old foliage in late winter before new growth emerges. Divide clumps every few years. Deer resistant. Non-toxic to pets.,outdoorPartialSun,medium,"[-10, 35]",7.0,7.0,10.0,,neutral,wellDraining,nonToxic,moderate,
little-bluestem,Little Bluestem,Outdoor - Groundcovers & Grasses,"Native prairie grass with blue-green summer foliage turning orange-red in fall; compact, drought tolerant.",Schizachyrium scoparium,"Water when top 1-2 inches dry; very drought-tolerant once established. Full sun essential. Well-draining, lean soil—rich soil causes floppy growth. Never fertilize. Stunning mahogany-red fall and winter color with fluffy white seed heads. Cut back in late spring. Named 2022 Perennial Plant of the Year.",outdoorFullSun,medium,"[10, 32]",7.0,7.0,10.0,,neutral,wellDraining,nonToxic,moderate,
miscanthus,Miscanthus,Outdoor - Groundcovers & Grasses,Tall ornamental grass with silvery plumes and arching foliage; can be invasive.,Miscanthus sinensis (Maiden grass),Water when top inch of soil is dry. Full sun preferred. Tolerates most soils. Fertilize in spring. Cut back in late winter before new growth. Choose sterile cultivars to avoid seeding. Some cultivars invasive—check local regulations.,outdoorFullSun,medium,"[-10, 35]",7.0,7.0,10.0,,neutral,wellDraining,nonToxic,moderate,
mondo-grass,Mondo Grass,Outdoor - Groundcovers & Grasses,"Low-growing evergreen groundcover with fine, dark green grass-like foliage, including the dramatic black-leaved variety used as an accent in modern gardens.","Ophiopogon japonicus (Mondo grass, Dwarf lilyturf), O. planiscapus 'Nigrescens' (Black mondo grass)","Keep soil evenly moist during establishment; moderately drought-tolerant once mature. Partial shade preferred; tolerates full shade. Moist, well-drained soil with organic matter. Fertilize in spring with balanced fertilizer. Very low maintenance once established. Slow to fill in but forms dense mats over time. Black mondo grass needs some morning sun to maintain dark color. Non-toxic to pets. Remove dead or damaged foliage promptly.",outdoorPartialSun,medium,"[-10, 30]",7.0,5.0,10.0,,neutral,wellDraining,nonToxic,moderate,
pachysandra,Pachysandra,Outdoor - Groundcovers & Grasses,"Evergreen groundcover in the Buxaceae family with glossy leaves, excellent for shady areas and erosion control.","Pachysandra terminalis (Japanese spurge, Japanese pachysandra), P. procumbens (Allegheny spurge, Mountain pachysandra)","Water regularly during establishment (first year), then reduce to weekly. Prefer consistently moist but well-drained soil. Partial to full shade preferred. Fertilize in spring with balanced fertilizer. Prune to control spread if needed. Excellent for shady areas. Glossy evergreen leaves. Spreads by rhizomes. Excellent for erosion control. Evergreen; reduce watering in winter when growth slows. Toxic to pets.",outdoorShade,medium,"[10, 27]",7.0,7.0,14.0,,neutral,wellDraining,toxic,moderate,
pampas-grass,Pampas Grass,Outdoor - Groundcovers & Grasses,"Also known as: Silver Pampas Grass. Towering ornamental grass with feathery silver-white plumes, widely used in landscaping and home décor.","Cortaderia selloana (White pampas grass), C. selloana 'Pumila' (Dwarf pampas grass), C. selloana 'Pink Feather', C. selloana 'Sunningdale Silver'",Full sun — minimum 6 hours direct sunlight daily. Drought-tolerant once established; water occasionally during dry spells. Avoid overwatering — susceptible to root rot. Well-drained soil in wide pH range. Cut back old foliage to 30 cm in late winter before new growth. Wear gloves — leaf edges are razor-sharp. Check local regulations as invasive in warm climates. Non-toxic but leaf edges can cause cuts.,outdoorFullSun,low,"[-10, 40]",7.0,7.0,14.0,,adaptable,wellDraining,nonToxic,moderate,
pennisetum,Fountain Grass,Outdoor - Groundcovers & Grasses,"Ornamental grass with bottlebrush flower plumes; arching foliage in green, burgundy, or variegated.",Pennisetum alopecuroides,Water when top inch of soil is dry. Full sun preferred. Well-draining soil. Fertilize in spring. Cut back in late winter. Drought tolerant. Perennial in mild climates; treat as annual in cold zones. Avoid invasive P. setaceum.,outdoorFullSun,medium,"[-10, 35]",7.0,7.0,10.0,,neutral,wellDraining,nonToxic,moderate,
pink-muhly,Pink Muhly Grass,Outdoor - Groundcovers & Grasses,"Ornamental grass with airy pink to purple clouds of flowers in fall; drought tolerant, striking display.",Muhlenbergia capillaris,Water when top 1-2 inches dry; drought-tolerant once established. Full sun for best flowering. Well-draining soil; tolerates sand and clay. Light spring fertilizer optional. Spectacular cotton-candy pink flower plumes September-November. Cut back in late winter. Low-maintenance ornamental grass.,outdoorFullSun,medium,"[10, 32]",7.0,7.0,10.0,,neutral,wellDraining,nonToxic,moderate,
prairie-dropseed,Prairie Dropseed,Outdoor - Groundcovers & Grasses,"Fine-textured native prairie grass with fragrant fall blooms; forms neat mounds, excellent for borders.",Sporobolus heterolepis,"Water when top 2 inches dry; very drought-tolerant once established. Full sun essential. Well-draining, lean soil. Never fertilize. Fine-textured arching foliage with delicate seed heads that smell like buttered popcorn or cilantro. Golden-orange fall color. Extremely long-lived (100+ years). Cut back in late spring.",outdoorFullSun,medium,"[10, 32]",7.0,7.0,10.0,,neutral,wellDraining,nonToxic,moderate,
sedum-groundcover,Creeping Sedum,Outdoor - Groundcovers & Grasses,"Low, mat-forming succulents with small leaves; yellow or pink flowers, drought-tolerant.","Sedum acre, S. kamtschaticum","Water when soil is dry; very drought tolerant. Full sun preferred. Poor, well-draining soil OK. Fertilize sparingly. Excellent for rock gardens and green roofs. Propagate by division. Tolerates neglect. Remove dead or damaged foliage promptly.",outdoorFullSun,medium,"[-10, 35]",7.0,7.0,10.0,,neutral,excellentDrainage,nonToxic,moderate,
side-oats-grama,Side Oats Grama,Outdoor - Groundcovers & Grasses,Native prairie grass with oat-like flowers arranged along one side of the stem; state grass of Texas.,Bouteloua curtipendula,"Water sparingly; extremely drought-tolerant once established. Full sun essential. Well-draining, lean soil including rocky or sandy. Never fertilize. Named for oat-like seeds that hang to one side of the stem. State grass of Texas. Short (18-30 in.) warm-season grass. Excellent for native meadows. Cut back ornamental grasses in late winter before new growth. Trim groundcovers to control spread.",outdoorFullSun,medium,"[10, 32]",7.0,7.0,10.0,,neutral,wellDraining,nonToxic,moderate,
sweet-woodruff,Sweet Woodruff,Outdoor - Groundcovers & Grasses,Low-growing shade groundcover with whorls of bright green leaves and tiny white star-shaped spring flowers. Dried leaves have sweet vanilla-hay scent; traditional flavoring for May wine.,"Galium odoratum (Sweet woodruff, Waldmeister)",Keep soil consistently moist. Full shade to partial shade — one of the best groundcovers for deep shade. Spreads by runners; can become vigorous in ideal conditions. Shear back after flowering if needed. Minimal fertilizer required. Extremely cold-hardy. Deer and rabbit resistant. Mildly toxic in large quantities — safe as culinary herb in moderation. Remove dead or damaged foliage promptly.,outdoorShade,medium,"[-10, 28]",7.0,7.0,14.0,,neutral,wellDraining,mildlyToxic,moderate,
switchgrass-prairie,Switchgrass,Outdoor - Groundcovers & Grasses,Also known as: Panicum. Tall native prairie grass with airy flower panicles; blue-green or red cultivars; important biofuel crop.,Panicum virgatum,Water when top 1-2 inches dry; drought-tolerant once established. Full sun essential. Adapts to most soils including clay and wet areas. No fertilizer needed. Upright growth (3-6 ft) with airy seed heads. Excellent winter interest. Cut back in late winter. Deep roots prevent erosion.,outdoorFullSun,medium,"[10, 32]",7.0,7.0,10.0,,neutral,wellDraining,nonToxic,moderate,
vinca,Vinca,Outdoor - Groundcovers & Grasses,"Evergreen groundcover in the Apocynaceae family with glossy leaves and spring flowers, can be invasive.","Vinca minor (Common periwinkle, Lesser periwinkle), V. major (Bigleaf periwinkle, Greater periwinkle)","Water regularly during establishment, then reduce to weekly. Drought tolerant once established. Well-drained soil preferred. Partial shade to full shade preferred. Fertilize in spring with balanced fertilizer. Prune to control spread if needed. Glossy evergreen leaves. Spring flowers. Spreads by runners. Can be invasive - check local regulations. Evergreen; reduce watering in winter when growth slows. Toxic to pets.",outdoorShade,medium,"[10, 27]",7.0,7.0,14.0,,neutral,wellDraining,toxic,moderate,
amaranth,Amaranth,Vegetables - Leafy Greens,"Also known as: Chinese spinach. Heat-tolerant leafy green and grain crop in the Amaranthaceae family; nutritious leaves and edible seeds, thrives in summer heat.",Amaranthus spp. (Chinese spinach),Water when top inch of soil is dry. Full sun preferred. Drought tolerant once established. Fertilize regularly during growing season. Harvest young leaves for greens; seeds for grain. Mulch to retain moisture. Remove dead or damaged foliage promptly.,outdoorFullSun,medium,"[10, 32]",5.0,4.0,7.0,,neutral,wellDraining,nonToxic,fast,
arugula,Arugula,Vegetables - Leafy Greens,"Also known as: Rocket, Roquette. Fast-growing leafy green in the Brassicaceae family with peppery flavor, also known as rocket or roquette.","Eruca sativa (Arugula, Rocket, Roquette), E. vesicaria (Wild arugula), Diplotaxis tenuifolia (Perennial wall rocket)",Keep soil evenly moist (2-3 times per week). Consistent moisture prevents bitterness and bolting. Water at base. Full sun to partial shade. Prefer cooler temperatures - plant in spring or fall. Fertilize every 3-4 weeks with balanced fertilizer. Harvest leaves when young for best flavor. Fast-growing. Peppery flavor. Can bolt in heat - provide shade in summer. Seasonal crop; watering varies by growing zone and harvest timing. Remove dead or damaged foliage promptly.,outdoorPartialSun,medium,"[10, 21]",3.0,3.0,5.0,,neutral,moistureRetentive,nonToxic,fast,
beet-greens,Beet Greens,Vegetables - Leafy Greens,"Edible leaves and stems of the beet root; nutritious, quick-growing, and harvested before or alongside the root.","Beta vulgaris (Beet greens, Beet tops)","Keep soil evenly moist (2-3 times per week). Full sun to partial shade. Fertile, well-drained soil. Fertilize every 3-4 weeks. Harvest outer leaves when 4-6 inches; inner leaves continue growing. Both greens and roots edible. Remove dead or damaged foliage promptly.",outdoorFullSun,medium,"[10, 32]",5.0,4.0,7.0,,neutral,moistureRetentive,nonToxic,fast,
bok-choy,Bok Choy,Vegetables - Leafy Greens,"Also known as: Pak choi. Leafy green vegetable in the Brassicaceae family, fast-growing and mild-flavored, popular in Chinese cuisine.","Brassica rapa subsp. chinensis (Bok choy, Pak choi, Chinese cabbage), 'Shanghai', 'Joi Choi', 'Mei Qing Choi'","Keep soil evenly moist (2-3 times per week). Consistent moisture prevents bitterness and bolting. Water at base. Full sun to partial shade. Prefer cooler temperatures - plant in spring or fall. Fertilize every 3-4 weeks with balanced fertilizer. Harvest whole heads or individual leaves. Fast-growing. Can bolt in heat - provide shade in summer. Watch for cabbage worms. Seasonal crop; watering varies by growing zone and harvest timing. Harvest outer leaves first, allowing center to continue growing. Remove yellowing leaves.",outdoorPartialSun,medium,"[10, 21]",3.0,3.0,5.0,,neutral,moistureRetentive,nonToxic,fast,
cabbage,Cabbage,Vegetables - Leafy Greens,"Leafy vegetables in the Brassicaceae family, form tight heads, prefer cool weather.","Brassica oleracea var. capitata (Cabbage), green, red, savoy varieties, 'Golden Acre', 'Red Express'","Keep soil evenly moist (2-3 times per week). Consistent moisture important for head formation. Well-drained, fertile soil preferred. Full sun to partial shade. Fertilize every 3-4 weeks with nitrogen-rich fertilizer. Harvest when heads are firm and reach desired size. Prefer cool weather - plant in spring or fall. Can be stored for months. Watch for cabbage worms. Seasonal crop; watering varies by growing zone and harvest timing. Harvest outer leaves first, allowing center to continue growing. Remove yellowing leaves.",outdoorFullSun,medium,"[10, 21]",3.0,3.0,5.0,,neutral,wellDraining,nonToxic,fast,
choy-sum,Choy Sum,Vegetables - Leafy Greens,"Also known as: Chinese flowering cabbage. Leafy green vegetables in the Brassicaceae family, popular in Chinese cuisine with tender stems and small yellow flowers.","Brassica rapa var. parachinensis (Choy sum, Chinese flowering cabbage, Cai xin)","Keep soil evenly moist (2-3 times per week). Consistent moisture important. Well-drained, fertile soil preferred. Full sun to partial shade. Fertilize every 3-4 weeks with nitrogen-rich fertilizer. Harvest whole plant or individual leaves. Prefer cool weather - plant in spring or fall. Popular in Chinese cuisine. Fast-growing. Can bolt in heat. Seasonal crop; watering varies by growing zone and harvest timing. Harvest outer leaves first, allowing center to continue growing. Remove yellowing leaves.",outdoorPartialSun,medium,"[10, 21]",3.0,3.0,5.0,,neutral,moistureRetentive,nonToxic,fast,
collard-greens,Collard Greens,Vegetables - Leafy Greens,"Also known as: Collards. Leafy green vegetable in the Brassicaceae family, cold-hardy and can overwinter in mild climates.","Brassica oleracea var. viridis (Collard greens, Collards), 'Georgia', 'Vates', 'Champion'","Keep soil evenly moist (2-3 times per week). Consistent moisture ensures tender leaves. Water at base. Full sun to partial shade. Fertilize every 3-4 weeks with nitrogen-rich fertilizer. Harvest outer leaves regularly to encourage new growth. Cold-hardy - flavor improves after frost. Can overwinter in mild climates. Watch for cabbage worms and aphids. Seasonal crop; watering varies by growing zone and harvest timing. Harvest outer leaves first, allowing center to continue growing. Remove yellowing leaves.",outdoorFullSun,medium,"[7, 24]",3.0,3.0,5.0,,neutral,moistureRetentive,nonToxic,fast,
dandelion-greens,Dandelion Greens,Vegetables - Leafy Greens,"Edible greens from the common dandelion; slightly bitter, nutritious, best when young. Roots and flowers also edible.",Taraxacum officinale (Dandelion leaves),Water when top inch of soil is dry. Full sun for tender leaves. Harvest young leaves before flowers for milder flavor. Blanch by covering to reduce bitterness. Wild or cultivated; ensure no pesticide use. Remove dead or damaged foliage promptly.,outdoorFullSun,medium,"[10, 32]",5.0,4.0,7.0,,neutral,moistureRetentive,nonToxic,fast,
endive,Endive,Vegetables - Leafy Greens,"Also known as: Frisée. Curly-leaved chicory in the Asteraceae family; slightly bitter, crisp leaves for salads. Distinct from escarole (broad-leaved).","Cichorium endivia (Curly endive, Frisée)",Keep soil evenly moist. Full sun to partial shade. Prefer cool weather; plant spring or fall. Fertilize every 3-4 weeks. Blanch by covering heads 1-2 weeks before harvest for milder flavor. Harvest when leaves reach desired size. Remove dead or damaged foliage promptly.,outdoorFullSun,medium,"[10, 32]",5.0,4.0,7.0,,neutral,moistureRetentive,nonToxic,fast,
escarole,Escarole,Vegetables - Leafy Greens,"Also known as: Broad-leaved endive. Broad-leaved chicory in the Asteraceae family; milder than curly endive, with flat, tender leaves for salads and cooking.",Cichorium endivia var. latifolia (Broad-leaved endive),Keep soil evenly moist. Full sun to partial shade. Prefer cool weather; plant spring or fall. Fertilize every 3-4 weeks. Blanch inner leaves for milder flavor. Harvest outer leaves or whole head. Less bitter than curly endive. Remove dead or damaged foliage promptly.,outdoorFullSun,medium,"[10, 32]",5.0,4.0,7.0,,neutral,moistureRetentive,nonToxic,fast,
gai-lan,Gai Lan,Vegetables - Leafy Greens,"Also known as: Chinese broccoli, Kai-lan, Chinese kale. Chinese broccoli in the Brassicaceae family with thick stems and small flower heads, essential in Chinese cuisine.","Brassica oleracea var. alboglabra (Gai lan, Chinese broccoli, Kai-lan, Chinese kale)","Keep soil evenly moist (2-3 times per week). Consistent moisture important. Well-drained, fertile soil preferred. Full sun to partial shade. Fertilize every 3-4 weeks with nitrogen-rich fertilizer. Harvest when flower buds are just forming. Both stems and leaves are edible. Prefer cool weather. Essential in Chinese cuisine. Watch for cabbage worms. Seasonal crop; watering varies by growing zone and harvest timing. Harvest outer leaves first, allowing center to continue growing. Remove yellowing leaves.",outdoorPartialSun,medium,"[10, 21]",3.0,3.0,5.0,,neutral,wellDraining,nonToxic,fast,
kale,Kale,Vegetables - Leafy Greens,"Cold-hardy leafy green in the Brassicaceae family, flavor improves after frost, can overwinter in mild climates.","Brassica oleracea var. acephala (Kale), curly kale, Lacinato (Dinosaur kale, Tuscan kale), Red Russian kale","Keep soil evenly moist (2-3 times per week). Consistent moisture ensures tender leaves. Water at base to avoid wetting leaves. Mulch around plants to retain moisture and keep leaves clean. Full sun to partial shade. Fertilize every 3-4 weeks with nitrogen-rich fertilizer. Harvest outer leaves regularly to encourage new growth. Flavor improves after frost. Can overwinter in mild climates. Watch for cabbage worms and aphids. Seasonal crop; watering varies by growing zone and harvest timing. Harvest outer leaves first, allowing center to continue growing. Remove yellowing leaves.",outdoorPartialSun,medium,"[7, 24]",3.0,3.0,5.0,,neutral,moistureRetentive,nonToxic,fast,
leafy-greens,Leafy Greens,Vegetables - Leafy Greens,Vegetables grown primarily for their edible leaves. Many are cool-season crops that bolt in heat. Quick to harvest and ideal for successive planting.,"Lactuca sativa (Lettuce), Spinacia oleracea (Spinach), Brassica oleracea (Kale), Beta vulgaris (Swiss chard), Eruca vesicaria (Arugula)",Keep soil consistently moist — water every 1-2 days in warm weather. Mulch to retain moisture and keep roots cool. Partial shade to full sun — most prefer cooler conditions and bolt (go to seed) in heat. Fertilize every 2-3 weeks with nitrogen-rich fertilizer for lush leaf growth. Harvest outer leaves first (cut-and-come-again) for continuous production. Succession plant every 2-3 weeks for ongoing harvest. Best grown in spring and fall — provide shade cloth in summer. Ready in 30-60 days depending on variety. Research specific vegetable for exact requirements. Remove dead or damaged foliage promptly.,outdoorPartialSun,medium,"[5, 25]",2.0,2.0,3.0,,neutral,wellDraining,nonToxic,fast,
lettuce,Lettuce,Vegetables - Leafy Greens,"Fast-growing leafy greens in the Asteraceae family, prefer cooler temperatures and can bolt (flower) in heat.","Lactuca sativa (Lettuce), butterhead, romaine, leaf lettuce, and crisphead varieties",Keep soil evenly moist (daily watering may be needed in hot weather). Consistent moisture prevents bitterness and bolting (premature flowering). Water at base to avoid wetting leaves which can cause disease. Partial shade in hot climates helps prevent bolting. Fertilize every 2-3 weeks with nitrogen-rich fertilizer. Harvest outer leaves regularly or cut whole head. Fast-growing - ready in 45-60 days. Prefer cooler temperatures - plant in spring and fall. Seasonal crop; watering varies by growing zone and harvest timing. Remove dead or damaged foliage promptly.,outdoorPartialSun,medium,"[7, 24]",3.0,3.0,5.0,,neutral,moistureRetentive,nonToxic,fast,
malabar-spinach,Malabar Spinach,Vegetables - Leafy Greens,Heat-loving vining herb in the Basellaceae family; succulent leaves and stems. Thrives in summer when true spinach bolts.,"Basella alba (Ceylon spinach, Malabar spinach)",Keep soil evenly moist. Full sun. Trellis or support for vining habit. Fertilize every 3-4 weeks. Harvest young leaves and shoot tips. Heat-tolerant; grows when other greens struggle. Red-stemmed variety (B. alba 'Rubra') ornamental. Remove dead or damaged foliage promptly.,outdoorFullSun,medium,"[10, 32]",5.0,4.0,7.0,,neutral,moistureRetentive,nonToxic,fast,
mizuna,Mizuna,Vegetables - Leafy Greens,"Japanese mustard green in the Brassicaceae family; feathery, serrated leaves with mild peppery flavor. Popular in salads and stir-fries.","Brassica rapa var. nipposinica (Japanese mustard, Mizuna)","Keep soil evenly moist (2-3 times per week). Full sun to partial shade. Prefer cool weather; plant spring or fall. Fertilize every 3-4 weeks. Cut-and-come-again harvest. Fast-growing; ready in 40-50 days. Mild flavor; can bolt in heat. Harvest outer leaves first, allowing center to continue growing. Remove yellowing leaves.",outdoorFullSun,medium,"[10, 32]",5.0,4.0,7.0,,neutral,moistureRetentive,nonToxic,fast,
mustard-greens,Mustard Greens,Vegetables - Leafy Greens,"Leafy green vegetables in the Brassicaceae family with peppery flavor, fast-growing and cold-hardy.","Brassica juncea (Mustard greens, Mustard spinach, Indian mustard), 'Southern Giant Curled', 'Red Giant', 'Tendergreen'",Keep soil evenly moist (2-3 times per week). Consistent moisture ensures tender leaves. Water at base. Full sun to partial shade. Prefer cooler temperatures - plant in spring or fall. Fertilize every 3-4 weeks with nitrogen-rich fertilizer. Harvest outer leaves regularly. Fast-growing. Peppery flavor. Cold-hardy. Can bolt in heat. Watch for cabbage worms and aphids. Seasonal crop; watering varies by growing zone and harvest timing. Remove dead or damaged foliage promptly.,outdoorFullSun,medium,"[10, 21]",3.0,3.0,5.0,,neutral,moistureRetentive,nonToxic,fast,
napa-cabbage,Napa Cabbage,Vegetables - Leafy Greens,"Also known as: Chinese cabbage, Wombok, Pe-tsai. Chinese cabbage in the Brassicaceae family with elongated, barrel-shaped heads, essential in Chinese cuisine.","Brassica rapa subsp. pekinensis (Napa cabbage, Chinese cabbage, Wombok, Pe-tsai), 'Michihili', 'Blues', 'Rubicon'","Keep soil evenly moist (2-3 times per week). Consistent moisture important for head formation. Well-drained, fertile soil preferred. Full sun to partial shade. Fertilize every 3-4 weeks with nitrogen-rich fertilizer. Prefer cool weather - plant in spring or fall. Harvest when heads are firm. Essential in Chinese cuisine. Can bolt in heat. Watch for cabbage worms. Seasonal crop; watering varies by growing zone and harvest timing. Harvest outer leaves first, allowing center to continue growing. Remove yellowing leaves.",outdoorPartialSun,medium,"[10, 21]",3.0,3.0,5.0,,neutral,moistureRetentive,nonToxic,fast,
purslane,Purslane,Vegetables - Leafy Greens,Succulent annual in the Portulacaceae family; fleshy leaves high in omega-3. Often foraged as a weed; cultivated for salads and cooking.,Portulaca oleracea (Common purslane),"Drought tolerant; water when soil is dry. Full sun. Poor soil acceptable. Harvest stems and leaves when young. Self-sows; can become weedy. Tangy, slightly lemony flavor. Popular in Mediterranean and Asian cuisines. Remove dead or damaged foliage promptly.",outdoorFullSun,medium,"[10, 32]",5.0,4.0,7.0,,neutral,wellDraining,nonToxic,fast,
radicchio,Radicchio,Vegetables - Leafy Greens,"Also known as: Chioggia, Treviso, Castelfranco. Chicory in the Asteraceae family with bitter, wine-red leaves; forms compact heads. Essential in Italian cuisine; bitterness mellows when grilled or roasted.","Cichorium intybus var. foliosum (Chioggia, Treviso, Castelfranco)",Keep soil evenly moist. Full sun. Prefer cool weather; flavor improves after frost. Fertilize every 3-4 weeks. Harvest when heads are firm. Cold temperatures deepen red color. Blanch some varieties for sweeter flavor. Remove dead or damaged foliage promptly.,outdoorFullSun,medium,"[10, 32]",5.0,4.0,7.0,,neutral,moistureRetentive,nonToxic,fast,
spinach,Spinach,Vegetables - Leafy Greens,"Cool-season leafy green in the Amaranthaceae family, bolts quickly in heat, best grown in spring and fall.","Spinacia oleracea (Spinach), smooth-leaf and savoy (crinkled) varieties",Keep soil evenly moist (daily watering may be needed). Consistent moisture prevents bolting (premature flowering) and ensures tender leaves. Water at base to avoid wetting leaves. Partial shade in warm climates. Fertilize every 2-3 weeks with nitrogen-rich fertilizer. Harvest outer leaves regularly or cut whole plant. Bolts quickly in heat - best grown in spring and fall. Ready in 40-50 days. Watch for leaf miners. Seasonal crop; watering varies by growing zone and harvest timing. Remove dead or damaged foliage promptly.,outdoorPartialSun,medium,"[10, 21]",3.0,3.0,5.0,,neutral,moistureRetentive,nonToxic,fast,
swiss-chard,Swiss Chard,Vegetables - Leafy Greens,"Also known as: Rainbow chard. Leafy green vegetable in the Amaranthaceae family with colorful stems, can be harvested continuously throughout season.","Beta vulgaris subsp. cicla (Swiss chard, Rainbow chard, Rhubarb chard), 'Bright Lights', 'Fordhook Giant', 'Ruby Red'","Keep soil evenly moist (2-3 times per week). Consistent moisture ensures tender leaves. Water at base to avoid wetting leaves. Mulch around plants. Full sun to partial shade. Fertilize every 3-4 weeks with nitrogen-rich fertilizer. Harvest outer leaves regularly to encourage new growth. Colorful stems in red, yellow, orange, and white. Can harvest continuously throughout season. Seasonal crop; watering varies by growing zone and harvest timing. Remove dead or damaged foliage promptly.",outdoorFullSun,medium,"[10, 24]",3.0,3.0,5.0,,neutral,moistureRetentive,nonToxic,fast,
tatsoi,Tatsoi,Vegetables - Leafy Greens,"Asian green in the Brassicaceae family; dark green spoon-shaped leaves in a flat rosette. Mild, mustard-like flavor; cold-hardy.",Brassica rapa var. rosularis (Rosette bok choy),"Keep soil evenly moist (2-3 times per week). Full sun to partial shade. Prefer cool weather; very cold-hardy. Fertilize every 3-4 weeks. Harvest whole rosette or outer leaves. Fast-growing; ready in 45-50 days. Popular in Asian salads and stir-fries. Harvest outer leaves first, allowing center to continue growing. Remove yellowing leaves.",outdoorFullSun,medium,"[10, 32]",5.0,4.0,7.0,,neutral,moistureRetentive,nonToxic,fast,
turnip-greens,Turnip Greens,Vegetables - Leafy Greens,"Edible leaves of the turnip root; nutritious, slightly peppery. Harvest before or alongside roots; flavor improves after light frost.",Brassica rapa var. rapa (greens),"Keep soil evenly moist (2-3 times per week). Full sun to partial shade. Fertile, well-drained soil. Fertilize every 3-4 weeks. Harvest outer leaves when 4-6 inches; allows root to develop. Can grow for greens only or greens plus roots. Cold-hardy. Harvest outer leaves first, allowing center to continue growing. Remove yellowing leaves.",outdoorFullSun,medium,"[10, 32]",5.0,4.0,7.0,,neutral,moistureRetentive,nonToxic,fast,
water-spinach,Water Spinach,Vegetables - Leafy Greens,Also known as: Kangkong. Semi-aquatic vine in the Convolvulaceae family; hollow stems and tender leaves. Staples in Southeast Asian and Chinese cooking.,"Ipomoea aquatica (Water spinach, Ong choy, Kangkong)",Keep soil consistently moist or grow in shallow water. Full sun. Rich soil or aquatic setup. Fertilize regularly. Harvest shoot tips and young leaves. Invasive in some regions; check local regulations. Quick-growing; harvest frequently. Remove dead or damaged foliage promptly.,outdoorFullSun,medium,"[10, 32]",5.0,4.0,7.0,,neutral,waterloggingTolerant,nonToxic,fast,
acorn-squash,Acorn Squash,Vegetables - Fruiting,"Small winter squash in the Cucurbitaceae family with acorn-shaped dark green fruits and sweet orange flesh, good for roasting.",Cucurbita pepo var. turbinata,Water deeply 2-3 times per week during growing season. Consistent moisture important during fruit development. Mulch around plants. Full sun essential (6-8 hours daily). Fertilize every 3-4 weeks with balanced fertilizer. Compact vines suit smaller gardens. Harvest when rind is hard and dark green. Cure before storage. Seasonal crop; watering varies by growing zone and harvest timing. Remove dead or damaged foliage promptly.,outdoorFullSun,medium,"[10, 32]",5.0,4.0,7.0,,neutral,wellDraining,nonToxic,fast,
adzuki-bean,Adzuki Bean,Vegetables - Fruiting,"Also known as: Azuki bean, Red bean. Small red beans in the Fabaceae family, very popular in Chinese and Japanese cuisine, used in desserts.","Vigna angularis (Adzuki bean, Azuki bean, Red bean)","Keep soil evenly moist (2-3 times per week). Well-drained, fertile soil preferred. Full sun essential. Fertilize with low-nitrogen fertilizer. Fast-growing (90-120 days). Harvest when pods are dry and brown. Very popular in Chinese and Japanese cuisine. Used in desserts and sweet red bean paste. Warm-season crop. Seasonal crop; watering varies by growing zone and harvest timing. Remove flower stems and any damaged or rotting leaves promptly.",outdoorFullSun,medium,"[21, 29]",3.0,3.0,5.0,,neutral,wellDraining,nonToxic,fast,
armenian-cucumber,Armenian Cucumber,Vegetables - Fruiting,"Long, ribbed melon in the Cucurbitaceae family, eaten like cucumber when immature, mild and crisp, heat-tolerant.",Cucumis melo var. flexuosus,Keep soil evenly moist (daily in hot weather). Water at base to avoid leaf diseases. Consistent moisture prevents bitter fruit. Full sun essential (6-8 hours daily). Provide trellis for vining habit. Fertilize every 2-3 weeks. Harvest when 12-18 inches long for best flavor. Heat-tolerant. Seasonal crop; watering varies by growing zone and harvest timing. Remove flower stems and any damaged or rotting leaves promptly.,outdoorFullSun,medium,"[10, 32]",5.0,4.0,7.0,,neutral,wellDraining,nonToxic,fast,
artichoke,Artichoke,Vegetables - Fruiting,"Perennial thistle in the Asteraceae family, grown for edible flower buds before they bloom, Mediterranean origin.",Cynara cardunculus var. scolymus,Water deeply 2-3 times per week. Consistent moisture important during bud formation. Mulch to retain moisture. Full sun essential (6-8 hours daily). Fertilize in spring and after harvest. Perennial in zones 7–11; harvest flower buds when tight and before scales open. Mulch heavily in winter. Seasonal crop; watering varies by growing zone and harvest timing. Remove dead or damaged foliage promptly.,outdoorFullSun,medium,"[10, 32]",5.0,4.0,7.0,,neutral,wellDraining,nonToxic,fast,
asparagus,Asparagus,Vegetables - Fruiting,"Also known as: Garden asparagus. Perennial vegetable with tender edible spears, takes 2-3 years to establish.","Asparagus officinalis (Garden asparagus), 'Mary Washington', 'Jersey Giant'","Water regularly during growing season. Full sun. Rich, well-drained soil. Do not harvest first year; light harvest second year. Mulch in winter. Long-lived perennial. Herbaceous perennials die back; reduce watering when dormant. Remove dead or damaged foliage promptly.",outdoorFullSun,medium,"[15, 29]",5.0,5.0,7.0,,neutral,wellDraining,nonToxic,fast,
beans,Beans,Vegetables - Fruiting,"Fast-growing legume vegetables in the Fabaceae family, pole beans need support while bush beans are self-supporting.","Phaseolus vulgaris (Green beans, Snap beans, String beans), pole and bush varieties",Keep soil evenly moist (2-3 times per week). Water at base to avoid wetting leaves. Consistent moisture important during flowering and pod development. Full sun essential (6-8 hours daily). Fertilize sparingly - beans fix their own nitrogen. Pole beans need trellis or support; bush beans are self-supporting. Harvest regularly to encourage continued production. Fast-growing - ready in 50-60 days. Watch for bean beetles. Seasonal crop; watering varies by growing zone and harvest timing. Remove dead or damaged foliage promptly.,outdoorFullSun,medium,"[21, 27]",3.0,3.0,5.0,,neutral,wellDraining,nonToxic,fast,
bell-peppers,Bell Peppers,Vegetables - Fruiting,"Also known as: Sweet pepper. Sweet peppers in the Solanaceae family with blocky, thick-walled fruits, most popular pepper variety.","Capsicum annuum (Bell pepper, Sweet pepper), green, red, yellow, orange, purple varieties","Water deeply 2-3 times per week. Consistent moisture important during fruiting. Mulch around plants. Full sun essential (6-8 hours daily). Fertilize every 3-4 weeks with balanced fertilizer. Stake plants if needed. Harvest when fruits reach desired size and color - green peppers are immature, colored peppers are fully ripe. Warm-season crop. Watch for aphids and pepper maggots. Seasonal crop; watering varies by growing zone and harvest timing. Remove yellowing or dead leaves promptly.",outdoorFullSun,medium,"[21, 29]",3.0,3.0,5.0,,acidic,wellDraining,nonToxic,fast,
bitter-melon,Bitter Melon,Vegetables - Fruiting,"Tropical gourd in the Cucurbitaceae family with warty, bitter fruits, popular in Asian cuisine for medicinal and culinary use.",Momordica charantia (Bitter gourd),"Water deeply 2-3 times per week. Consistent moisture important during fruiting. Mulch around plants. Full sun essential (6-8 hours daily). Provide trellis for vining habit. Fertilize every 3-4 weeks. Harvest when fruits are 4-6 inches; younger fruits are less bitter. Warm-season crop - requires long, hot season. Popular in Asian cuisine. Seasonal crop; watering varies by growing zone and harvest timing. Remove flower stems and any damaged or rotting leaves promptly. and harvest tender melons about 20 days after flowering",outdoorFullSun,medium,"[10, 32]",5.0,4.0,7.0,,neutral,wellDraining,nonToxic,fast,
broccoli,Broccoli,Vegetables - Fruiting,"Cruciferous vegetables in the Brassicaceae family, harvest central head and side shoots, prefer cool weather.","Brassica oleracea var. italica (Broccoli), 'Calabrese', 'Green Goliath', 'Waltham 29', 'Purple Sprouting'","Keep soil evenly moist (2-3 times per week). Consistent moisture important for head development. Well-drained, fertile soil preferred. Full sun preferred. Fertilize every 3-4 weeks with nitrogen-rich fertilizer. Harvest central head when tight and before flowers open. Side shoots will continue to produce. Prefer cool weather - plant in spring or fall. Watch for cabbage worms and aphids. Seasonal crop; watering varies by growing zone and harvest timing. Prune suckers and lower leaves for better air circulation. Remove diseased foliage promptly.",outdoorFullSun,medium,"[10, 21]",3.0,3.0,5.0,,neutral,wellDraining,nonToxic,fast,
brussels-sprouts,Brussels Sprouts,Vegetables - Fruiting,"Cruciferous vegetables in the Brassicaceae family, produce small cabbage-like sprouts along stem, flavor improves after frost.","Brassica oleracea var. gemmifera (Brussels sprouts), 'Long Island Improved', 'Jade Cross', 'Red Rubine'","Keep soil evenly moist (2-3 times per week). Consistent moisture important. Well-drained, fertile soil preferred. Full sun preferred. Fertilize every 3-4 weeks with nitrogen-rich fertilizer. Remove lower leaves as plant grows. Harvest sprouts from bottom up when 1-2 inches in diameter. Flavor improves after frost. Long growing season (90-100 days). Watch for cabbage worms. Seasonal crop; watering varies by growing zone and harvest timing. Prune suckers and lower leaves for better air circulation. Remove diseased foliage promptly.",outdoorFullSun,medium,"[7, 21]",3.0,3.0,5.0,,neutral,wellDraining,nonToxic,fast,
butternut-squash,Butternut Squash,Vegetables - Fruiting,"Popular winter squash in the Cucurbitaceae family with sweet, nutty flavor, excellent for storage.","Cucurbita moschata (Butternut squash), 'Waltham Butternut', 'Honeynut' (miniature variety)","Water deeply 2-3 times per week during growing season. Consistent moisture important during fruit development. Mulch around plants. Full sun essential (6-8 hours daily). Fertilize every 3-4 weeks with balanced fertilizer. Vining plants require space. Harvest when fully mature and rind is hard. Cure in warm place for 2 weeks before storage. Excellent for storage - can last 3-6 months. Sweet, nutty flavor. Seasonal crop; watering varies by growing zone and harvest timing. Remove dead or damaged foliage promptly.",outdoorFullSun,medium,"[21, 29]",3.0,3.0,5.0,,neutral,wellDraining,nonToxic,fast,
cantaloupe,Cantaloupe,Vegetables - Fruiting,"Also known as: Muskmelon, Rockmelon. Warm-season fruiting vegetable in the Cucurbitaceae family, also known as muskmelon, requires long growing season.","Cucumis melo (Cantaloupe, Muskmelon, Rockmelon), 'Hale's Best', 'Athena', 'Ambrosia'","Water deeply 2-3 times per week, increase during fruit development. Consistent moisture critical during fruiting. Mulch around plants. Full sun essential (6-8 hours daily). Fertilize every 3-4 weeks with balanced fertilizer. Vining plants require space. Harvest when stem separates easily from fruit and fruit has sweet aroma. Warm-season crop - requires long growing season. Watch for aphids and cucumber beetles. Seasonal crop; watering varies by growing zone and harvest timing. Remove dead or damaged foliage promptly.",outdoorFullSun,medium,"[21, 32]",3.0,3.0,5.0,,neutral,wellDraining,nonToxic,fast,
cape-gooseberry,Cape Gooseberry,Vegetables - Fruiting,"Also known as: Golden berry. Fruit in the Solanaceae family with tart-sweet berries enclosed in paper husks, also known as golden berry or ground cherry.",Physalis peruviana (Golden berry),Keep soil evenly moist (2-3 times per week). Well-drained soil preferred. Full sun essential (6-8 hours daily). Fertilize every 3-4 weeks with balanced fertilizer. Sprawling habit; may need support. Harvest when husks turn dry and papery and berries are golden. Can be eaten fresh or used in preserves. Warm-season crop. Seasonal crop; watering varies by growing zone and harvest timing. Prune suckers and lower leaves for better air circulation. Remove diseased foliage promptly.,outdoorFullSun,medium,"[10, 32]",5.0,4.0,7.0,,neutral,wellDraining,nonToxic,fast,
cauliflower,Cauliflower,Vegetables - Fruiting,"Cruciferous vegetables in the Brassicaceae family, form white, purple, or orange heads, prefer cool weather.","Brassica oleracea var. botrytis (Cauliflower), white, purple, orange, and green (Romanesco) varieties","Keep soil evenly moist (2-3 times per week). Consistent moisture important for head development. Well-drained, fertile soil preferred. Full sun preferred. Fertilize every 3-4 weeks with nitrogen-rich fertilizer. Blanch white varieties by tying leaves over head. Harvest when head is tight and before it separates. Prefer cool weather - very sensitive to heat. Watch for cabbage worms. Seasonal crop; watering varies by growing zone and harvest timing. Prune suckers and lower leaves for better air circulation. Remove diseased foliage promptly.",outdoorFullSun,medium,"[10, 21]",3.0,3.0,5.0,,neutral,wellDraining,nonToxic,fast,
celery,Celery,Vegetables - Fruiting,"Stalk vegetables in the Apiaceae family, require consistent moisture and rich soil, challenging to grow.","Apium graveolens var. dulce (Celery), 'Tango', 'Ventura', 'Utah 52-70'","Keep soil consistently moist (daily watering may be needed). Never allow to dry out. Rich, organic soil essential. Full sun to partial shade. Fertilize every 2-3 weeks with nitrogen-rich fertilizer. Blanch stalks by wrapping or hilling soil around base. Harvest outer stalks first. Challenging to grow - requires consistent care. Prefer cool weather. Seasonal crop; watering varies by growing zone and harvest timing. Remove dead or damaged foliage promptly.",outdoorPartialSun,high,"[13, 21]",3.0,3.0,5.0,,neutral,moistureRetentive,nonToxic,fast,
chayote,Chayote,Vegetables - Fruiting,"Also known as: Mirliton. Tender squash (mirliton) with edible fruit, shoots, and roots; vigorous vine.","Sechium edule (Chayote, Mirliton, Vegetable pear)",Full sun. Provide strong trellis. Keep soil moist. Harvest when fruit is 4-6 inches. Young shoots and roots also edible. Seasonal crop; watering varies by growing zone and harvest timing. Remove dead or damaged foliage promptly.,outdoorFullSun,medium,"[18, 30]",4.0,4.0,6.0,,neutral,wellDraining,nonToxic,fast,
cherry-tomato,Cherry Tomato,Vegetables - Fruiting,"Small, sweet tomatoes in the Solanaceae family, prolific and easy to grow, ideal for salads and snacking.",Solanum lycopersicum var. cerasiforme,"Deep, regular watering at base (2-3 times per week). Avoid wetting leaves to prevent disease. Consistent moisture prevents blossom end rot. Full sun essential (8+ hours daily). Stake or cage indeterminate varieties. Fertilize every 2-3 weeks with tomato fertilizer. Harvest when fully colored - prolific producer. Sweet and easy to grow. Seasonal crop; watering varies by growing zone and harvest timing. Harvest potatoes when most of leaves turn yellowish",outdoorFullSun,medium,"[10, 32]",5.0,4.0,7.0,,neutral,wellDraining,nonToxic,fast,
corn,Corn,Vegetables - Fruiting,"Also known as: Maize. Tall grain crop in the Poaceae family, requires pollination from wind or manual assistance, plant in blocks for better pollination.","Zea mays (Corn, Maize), sweet corn, popcorn, and ornamental varieties",Regular deep watering (2-3 times per week). Keep consistently moist especially during tasseling and ear development - critical for kernel development. Full sun essential (8+ hours daily). Plant in blocks (at least 4 rows) for better wind pollination. Fertilize when 12 inches tall and again when tassels appear. Tall plants - provide space. Ready in 60-100 days depending on variety. Watch for corn earworms. Seasonal crop; watering varies by growing zone and harvest timing. Remove dead or damaged foliage promptly.,outdoorFullSun,high,"[16, 35]",3.0,3.0,5.0,,neutral,wellDraining,nonToxic,fast,
cucumbers,Cucumbers,Vegetables - Fruiting,"Vining fruiting vegetables in the Cucurbitaceae family, need consistent moisture and support for climbing types.","Cucumis sativus (Cucumber), slicing and pickling varieties, bush and vining types",Keep soil evenly moist (daily watering in hot weather). Water at base to avoid leaf diseases like powdery mildew. Consistent moisture prevents bitter fruit. Full sun essential (6-8 hours daily). Provide trellis or support for vining types. Fertilize every 2-3 weeks with balanced fertilizer. Harvest regularly when fruits are young and tender. Ready in 50-70 days. Watch for cucumber beetles and powdery mildew. Seasonal crop; watering varies by growing zone and harvest timing. Remove yellowing or dead leaves promptly.,outdoorFullSun,high,"[21, 29]",3.0,3.0,5.0,,neutral,wellDraining,nonToxic,fast,
delicata-squash,Delicata Squash,Vegetables - Fruiting,"Also known as: Sweet potato squash. Cylindrical winter squash in the Cucurbitaceae family with creamy, sweet flesh and edible skin, stores well.",Cucurbita pepo (Sweet potato squash),Water deeply 2-3 times per week during growing season. Consistent moisture important during fruit development. Mulch around plants. Full sun essential (6-8 hours daily). Fertilize every 3-4 weeks with balanced fertilizer. Harvest when rind is hard and cream-colored with green stripes. Skin is edible when cooked. Cure before storage. Seasonal crop; watering varies by growing zone and harvest timing. Remove dead or damaged foliage promptly.,outdoorFullSun,medium,"[10, 32]",5.0,4.0,7.0,,neutral,wellDraining,nonToxic,fast,
edamame,Edamame,Vegetables - Fruiting,"Immature soybeans harvested while still green and tender, a popular snack and ingredient in East Asian cuisine. Higher in protein than most vegetables.","Glycine max (Edamame, Green soybean), 'Midori Giant', 'Butterbean', 'Beer Friend'",Water regularly — keep soil moist during flowering and pod development. Full sun. Warm weather crop; plant after last frost. Inoculate seeds with rhizobium bacteria for better nitrogen fixation. Harvest when pods are plump but still green. Non-toxic. Remove dead or damaged foliage promptly.,outdoorFullSun,medium,"[15, 30]",3.0,3.0,5.0,,neutral,wellDraining,nonToxic,fast,
eggplant,Eggplant,Vegetables - Fruiting,"Also known as: Aubergine. Warm-season fruiting vegetable in the Solanaceae family, also known as aubergine, requires long growing season.","Solanum melongena (Eggplant, Aubergine), 'Black Beauty', 'Japanese Long', 'Italian', 'Rosa Bianca'",Water deeply 2-3 times per week. Consistent moisture important during fruiting. Mulch around plants. Full sun essential (6-8 hours daily). Fertilize every 3-4 weeks with balanced fertilizer. Stake plants if needed. Harvest when skin is glossy and firm. Warm-season crop - start indoors in cool climates. Requires long growing season. Watch for flea beetles and aphids. Seasonal crop; watering varies by growing zone and harvest timing. Thin out seedlings promptly and remove overcrowded leaves.,outdoorFullSun,medium,"[21, 29]",3.0,3.0,5.0,,acidic,wellDraining,nonToxic,fast,
fruiting-vegetables,Fruiting Vegetables,Vegetables - Fruiting,Warm-season vegetables grown for their edible fruits. Require long warm growing seasons and full sun for best production.,"Solanum lycopersicum (Tomato), Capsicum (Pepper, Bell pepper), Cucumis sativus (Cucumber), Cucurbita (Squash, Zucchini), Solanum melongena (Eggplant)","Water deeply and consistently (1-2 inches per week). Water at base to avoid wetting foliage which can cause disease. Full sun essential (6-8 hours daily). Rich, well-drained soil with plenty of organic matter. Fertilize every 2-3 weeks with balanced fertilizer — switch to higher-phosphorus when fruiting begins. Stake or cage tall varieties (tomatoes, peppers). Mulch around base to retain moisture and prevent soil splash. Harvest regularly to encourage continued production. Most are frost-tender — plant after last frost date. Research specific vegetable for exact requirements. Remove yellowing or dead leaves promptly.",outdoorFullSun,medium,"[15, 35]",2.0,2.0,3.0,,neutral,wellDraining,unknown,fast,
green-beans,Green Beans,Vegetables - Fruiting,"Fast-growing legumes in the Fabaceae family, include bush and pole varieties, very popular vegetable.","Phaseolus vulgaris (Green bean, Snap bean, String bean), bush and pole varieties, 'Blue Lake', 'Kentucky Wonder', 'Provider'","Keep soil evenly moist (2-3 times per week). Consistent moisture important during flowering and pod development. Well-drained, fertile soil preferred. Full sun essential. Fertilize with low-nitrogen fertilizer (legumes fix nitrogen). Support pole varieties with trellis. Harvest when pods are young and tender (before seeds bulge). Fast-growing (50-60 days). Continuous harvest encourages more production. Seasonal crop; watering varies by growing zone and harvest timing. Remove dead or damaged foliage promptly.",outdoorFullSun,medium,"[18, 27]",3.0,3.0,5.0,,neutral,wellDraining,nonToxic,fast,
ground-cherry,Ground Cherry,Vegetables - Fruiting,"Small fruit in the Solanaceae family with sweet, tropical-flavored berries in paper husks, related to tomatillo.",Physalis pruinosa (Husk cherry),"Keep soil evenly moist (2-3 times per week). Well-drained soil preferred. Full sun essential (6-8 hours daily). Fertilize every 3-4 weeks with balanced fertilizer. Sprawling habit. Harvest when husks turn dry and papery and berries drop - sweet when fully ripe. Use in pies, preserves, or fresh. Warm-season crop. Seasonal crop; watering varies by growing zone and harvest timing. Prune suckers and lower leaves for better air circulation. Remove diseased foliage promptly.",outdoorFullSun,medium,"[10, 32]",5.0,4.0,7.0,,neutral,wellDraining,nonToxic,fast,
habanero,Habanero,Vegetables - Fruiting,"Very hot peppers in the Solanaceae family, among the hottest common peppers, use with extreme caution.","Capsicum chinense (Habanero), 'Orange Habanero', 'Red Habanero', 'Chocolate Habanero', 'Caribbean Red'","Water deeply 2-3 times per week. Consistent moisture important during fruiting. Mulch around plants. Full sun essential (6-8 hours daily). Fertilize every 3-4 weeks with balanced fertilizer. Harvest when fully colored (orange, red, or chocolate). Extremely hot - use gloves when handling. Warm-season crop - requires long, hot season. Very hot peppers - use with extreme caution. Seasonal crop; watering varies by growing zone and harvest timing. Remove yellowing or dead leaves promptly.",outdoorFullSun,medium,"[24, 32]",3.0,3.0,5.0,,neutral,wellDraining,nonToxic,fast,
honeydew,Honeydew,Vegetables - Fruiting,"Green-fleshed melon in the Cucurbitaceae family with sweet, smooth flesh and pale green to white rind.",Cucumis melo (Honeydew melon),"Water deeply 2-3 times per week, increase during fruit development. Consistent moisture critical during fruiting. Mulch around plants. Full sun essential (6-8 hours daily). Fertilize every 3-4 weeks with balanced fertilizer. Vining plants require space. Harvest when rind turns creamy white or yellow and fruit has slight give. Warm-season crop. Seasonal crop; watering varies by growing zone and harvest timing. Remove dead or damaged foliage promptly.",outdoorFullSun,medium,"[10, 32]",5.0,4.0,7.0,,neutral,wellDraining,nonToxic,fast,
jalapeno,Jalapeño,Vegetables - Fruiting,"Medium-hot peppers in the Solanaceae family, popular for salsas and cooking, can be mild to moderately hot.","Capsicum annuum (Jalapeño), 'Early Jalapeño', 'Jalapeño M', 'Mucho Nacho', 'Jalapeño Gigante'","Water deeply 2-3 times per week. Consistent moisture important during fruiting. Mulch around plants. Full sun essential (6-8 hours daily). Fertilize every 3-4 weeks with balanced fertilizer. Harvest when green for milder flavor, or when red for hotter flavor. Can be dried or smoked to make chipotle. Warm-season crop. Heat level varies by growing conditions. Seasonal crop; watering varies by growing zone and harvest timing. Remove yellowing or dead leaves promptly.",outdoorFullSun,medium,"[21, 29]",3.0,3.0,5.0,,neutral,wellDraining,nonToxic,fast,
japanese-eggplant,Asian Eggplant,Vegetables - Fruiting,"Slender, elongated eggplant varieties popular in Asian cuisine. Includes Japanese, Chinese, and other types with thin skin, few seeds, and tender flesh that cooks quickly.","Solanum melongena 'Ichiban' (Japanese), S. melongena 'Ping Tung Long' (Chinese), S. melongena 'Orient Express', S. melongena 'Millionaire'","Water deeply 2-3 times per week. Consistent moisture important during fruiting. Mulch around plants. Full sun essential (6-8 hours daily). Fertilize every 3-4 weeks with balanced fertilizer. Harvest when skin is glossy and fruits are 6-10 inches long. Tender flesh, ideal for grilling and stir-fries. Warm-season crop. Seasonal crop; watering varies by growing zone and harvest timing. Thin out seedlings promptly and remove overcrowded leaves.",outdoorFullSun,medium,"[10, 32]",5.0,4.0,7.0,,neutral,wellDraining,nonToxic,fast,
lemon-cucumber,Lemon Cucumber,Vegetables - Fruiting,"Round, yellow cucumber in the Cucurbitaceae family with mild, crisp flesh, heirloom variety.",Cucumis sativus (Lemon cultivar),"Keep soil evenly moist (daily in hot weather). Water at base to avoid leaf diseases. Consistent moisture prevents bitter fruit. Full sun essential (6-8 hours daily). Fertilize every 2-3 weeks with balanced fertilizer. Harvest when round and lemon-sized (2-3 inches) for best flavor. Mild, crisp, ideal for salads. Seasonal crop; watering varies by growing zone and harvest timing. Remove yellowing or dead leaves promptly.",outdoorFullSun,medium,"[10, 32]",5.0,4.0,7.0,,neutral,wellDraining,nonToxic,fast,
luffa,Luffa,Vegetables - Fruiting,Also known as: Loofah. Gourd vine in the Cucurbitaceae family; young fruit edible as vegetable; mature fruit dries into natural sponge.,"Luffa aegyptiaca (Ridge gourd, Loofah)",Full sun essential. Strong trellis required for vining habit. Water regularly. Harvest young for food (under 6 inches). Let mature and dry on vine for sponge. Long growing season. Popular in Asian cuisine. Seasonal crop; watering varies by growing zone and harvest timing. Remove dead or damaged foliage promptly. and harvest tender fruit about 10 days after flowering,outdoorFullSun,medium,"[10, 32]",5.0,4.0,7.0,,neutral,wellDraining,nonToxic,fast,
mung-bean,Mung Bean,Vegetables - Fruiting,"Fast-growing legumes in the Fabaceae family, very popular in Chinese cuisine, can be sprouted.","Vigna radiata (Mung bean, Green gram)","Keep soil evenly moist (2-3 times per week). Well-drained, fertile soil preferred. Full sun essential. Fertilize with low-nitrogen fertilizer (legumes fix nitrogen). Fast-growing (60-90 days). Can be harvested as green pods or dried beans. Very popular in Chinese cuisine. Can be sprouted for bean sprouts. Warm-season crop. Seasonal crop; watering varies by growing zone and harvest timing. Remove flower stems and any damaged or rotting leaves promptly.",outdoorFullSun,medium,"[21, 29]",3.0,3.0,5.0,,neutral,wellDraining,nonToxic,fast,
okra,Okra,Vegetables - Fruiting,"Also known as: Lady's finger, Gumbo. Warm-season fruiting vegetable in the Malvaceae family with edible pods, also known as lady's finger, heat-loving.","Abelmoschus esculentus (Okra, Lady's finger, Gumbo), 'Clemson Spineless', 'Annie Oakley', 'Red Burgundy'",Water deeply 2-3 times per week. Consistent moisture important during fruiting. Mulch around plants. Full sun essential (6-8 hours daily). Fertilize every 3-4 weeks with balanced fertilizer. Harvest pods when 2-4 inches long - daily harvesting encourages more production. Warm-season crop - very heat-loving. Tall plants may need staking. Watch for aphids and stink bugs. Seasonal crop; watering varies by growing zone and harvest timing. Remove dead or damaged foliage promptly.,outdoorFullSun,medium,"[21, 32]",3.0,3.0,5.0,,neutral,wellDraining,nonToxic,fast,
pattypan-squash,Pattypan Squash,Vegetables - Fruiting,"Summer squash in the Cucurbitaceae family with scalloped, flying-saucer shape, mild flavor, harvest when small.",Cucurbita pepo (Scallop squash),"Water deeply 2-3 times per week. Consistent moisture important during fruiting. Mulch around plants. Full sun essential (6-8 hours daily). Fertilize every 3-4 weeks with balanced fertilizer. Harvest when 2-4 inches across for best flavor - tender and sweet. Bush habit, compact. Seasonal crop; watering varies by growing zone and harvest timing. Remove dead or damaged foliage promptly.",outdoorFullSun,medium,"[10, 32]",5.0,4.0,7.0,,neutral,wellDraining,nonToxic,fast,
peas,Peas,Vegetables - Fruiting,"Also known as: Garden pea. Cool-season legume vegetables in the Fabaceae family, prefer cooler temperatures and need support for climbing varieties.","Pisum sativum (Garden pea, English pea), shelling, snap, and snow pea varieties",Keep soil evenly moist (2-3 times per week). Water at base. Consistent moisture important during flowering and pod development. Full sun to partial shade. Prefer cooler temperatures - plant in early spring or fall. Provide trellis or support for climbing varieties. Fertilize sparingly - peas fix their own nitrogen. Harvest regularly when pods are plump. Ready in 60-70 days. Watch for aphids. Seasonal crop; watering varies by growing zone and harvest timing. Remove dead or damaged foliage promptly.,outdoorPartialSun,medium,"[13, 21]",3.0,3.0,5.0,,neutral,wellDraining,nonToxic,fast,
peppers,Peppers,Vegetables - Fruiting,"Warm-season fruiting vegetables in the Solanaceae family, need consistent moisture and warm temperatures.","Capsicum annuum (Bell pepper, Chili pepper, Sweet pepper), various heat levels from sweet to very hot","Deep, regular watering at base (2-3 times per week). Keep consistently moist but well-drained. Avoid water stress which causes blossom drop. Full sun essential (6-8 hours daily). Fertilize every 2-3 weeks with balanced fertilizer. Stake plants to support heavy fruit. Harvest when fruits reach desired size and color. Ready in 60-90 days. Watch for aphids and pepper maggots. Seasonal crop; watering varies by growing zone and harvest timing. Remove yellowing or dead leaves promptly.",outdoorFullSun,medium,"[21, 29]",3.0,3.0,5.0,,acidic,wellDraining,nonToxic,fast,
poblano,Poblano Pepper,Vegetables - Fruiting,"Mild Mexican chile pepper with wide, dark green, heart-shaped fruits that are essential in chiles rellenos, mole sauces, and when dried become the smoky-sweet ancho chile.","Capsicum annuum 'Poblano' (Poblano pepper, Ancho pepper when dried), C. annuum 'Mulato' (Mulato pepper)","Keep soil evenly moist; consistent watering prevents blossom end rot. Full sun essential—at least 6-8 hours daily for good fruit production. Medium humidity fine. Rich, well-draining soil. Fertilize at planting and side-dress with balanced fertilizer when first fruits set. Harvest when dark green for poblano or let ripen to red for ancho. Stake plants if heavy with fruit. Start seeds indoors 8-10 weeks before last frost. Mild heat (1,000-2,000 Scoville). Non-toxic to pets. Remove yellowing or dead leaves promptly.",outdoorFullSun,medium,"[15, 35]",3.0,3.0,5.0,,neutral,wellDraining,nonToxic,fast,
pumpkin,Pumpkin,Vegetables - Fruiting,"Large winter squash in the Cucurbitaceae family, popular for Halloween decorations and cooking, require long growing season.","Cucurbita pepo (Pumpkin), C. maxima (Giant pumpkin), 'Jack O'Lantern', 'Sugar Pie', 'Cinderella', 'Atlantic Giant'",Water deeply 2-3 times per week during growing season. Consistent moisture important during fruit development. Mulch around plants. Full sun essential (6-8 hours daily). Fertilize every 3-4 weeks with balanced fertilizer. Vining plants require space (10+ feet). Harvest when fully mature and rind is hard. Cure in warm place for 2 weeks before storage. Warm-season crop - requires long growing season. Perfect for Halloween decorations. Seasonal crop; watering varies by growing zone and harvest timing. Remove dead or damaged foliage promptly.,outdoorFullSun,medium,"[21, 29]",3.0,3.0,5.0,,neutral,wellDraining,nonToxic,fast,
rhubarb,Rhubarb,Vegetables - Fruiting,"Perennial vegetable grown for its tart, red or green stalks used in pies, jams, and sauces. Only the stalks are edible — the leaves contain toxic oxalic acid.","Rheum rhabarbarum (Garden rhubarb), 'Victoria', 'Crimson Cherry', 'Glaskin's Perpetual'","Water regularly — needs consistent moisture. Full sun to partial shade. Rich, well-draining soil with lots of compost. Do not harvest in the first year to let roots establish. Divide every 5-6 years. Leaves are toxic — only eat the stalks. Toxic to pets. Remove dead or damaged foliage promptly., after flowering remove the upper part staring from 5 cm above soil surface, leaving 3-5 leaves",outdoorFullSun,medium,"[-5, 30]",5.0,5.0,7.0,,acidic,wellDraining,toxic,fast,
roma-tomato,Roma Tomato,Vegetables - Fruiting,"Also known as: Plum tomato. Plum tomato in the Solanaceae family with meaty, low-moisture flesh, ideal for sauces, paste, and canning.",Solanum lycopersicum (Plum tomato),"Deep, regular watering at base (2-3 times per week). Avoid wetting leaves to prevent disease. Consistent moisture prevents blossom end rot. Full sun essential (8+ hours daily). Stake determinate varieties. Fertilize every 2-3 weeks with tomato fertilizer. Harvest when fully red and firm. Meaty flesh, few seeds. Ideal for sauces. Seasonal crop; watering varies by growing zone and harvest timing. Harvest potatoes when most of leaves turn yellowish",outdoorFullSun,medium,"[10, 32]",5.0,4.0,7.0,,neutral,wellDraining,nonToxic,fast,
serrano,Serrano Pepper,Vegetables - Fruiting,"Medium-hot pepper (10,000-23,000 Scoville) commonly used in Mexican cuisine, especially salsas and pico de gallo. Smaller and hotter than jalapeños.","Capsicum annuum 'Serrano' (Serrano pepper, Chile serrano)","Water when top inch of soil is dry; keep consistently moist during fruiting. Full sun (6-8 hours). Rich, well-draining soil. Harvest when green or red. Very productive — a single plant can yield 50+ peppers. Non-toxic. Remove yellowing or dead leaves promptly.",outdoorFullSun,medium,"[18, 35]",3.0,3.0,5.0,,neutral,wellDraining,nonToxic,fast,
snap-peas,Snap Peas,Vegetables - Fruiting,"Edible-podded peas in the Fabaceae family, entire pod is eaten, prefer cool weather.","Pisum sativum var. macrocarpon (Snap pea, Sugar snap pea), 'Sugar Snap', 'Super Sugar Snap', 'Sugar Ann'","Keep soil evenly moist (2-3 times per week). Consistent moisture important. Well-drained, fertile soil preferred. Full sun to partial shade. Prefer cool weather - plant in early spring or fall. Fertilize with low-nitrogen fertilizer. Support with trellis. Harvest when pods are plump but before they become tough. Entire pod is eaten. Fast-growing (60-70 days). Seasonal crop; watering varies by growing zone and harvest timing. Remove dead or damaged foliage promptly.",outdoorPartialSun,medium,"[13, 21]",3.0,3.0,5.0,,neutral,wellDraining,nonToxic,fast,
snow-peas,Snow Peas,Vegetables - Fruiting,"Also known as: Mangetout. Flat-podded peas in the Fabaceae family, entire pod is eaten, popular in Asian cuisine.","Pisum sativum var. saccharatum (Snow pea, Chinese pea, Mangetout), 'Oregon Sugar Pod', 'Dwarf Gray Sugar'","Keep soil evenly moist (2-3 times per week). Consistent moisture important. Well-drained, fertile soil preferred. Full sun to partial shade. Prefer cool weather - plant in early spring or fall. Fertilize with low-nitrogen fertilizer. Support with trellis. Harvest when pods are flat and before seeds develop. Entire pod is eaten. Popular in Asian cuisine. Fast-growing (60-70 days). Seasonal crop; watering varies by growing zone and harvest timing. Remove dead or damaged foliage promptly.",outdoorPartialSun,medium,"[13, 21]",3.0,3.0,5.0,,neutral,wellDraining,nonToxic,fast,
soybean,Soybean,Vegetables - Fruiting,Also known as: Edamame (when harvested green). Versatile legume grown for protein-rich beans. Harvest green for edamame or allow to mature for dry soybeans. Fixes nitrogen in soil.,"Glycine max (Soybean, Soya bean), 'Envy', 'Butterbean', 'Early Hakucho'","Water regularly during flowering and pod development. Full sun essential. Well-draining, fertile soil with pH 6.0-7.0. Inoculate seeds with rhizobia for nitrogen fixation. Plant after last frost when soil is warm. Harvest green pods for edamame when beans are plump but pods still green; for dry beans, wait until pods turn brown. Non-toxic. Remove dead or damaged foliage promptly.",outdoorFullSun,medium,"[21, 29]",3.0,3.0,5.0,,neutral,wellDraining,nonToxic,fast,
spaghetti-squash,Spaghetti Squash,Vegetables - Fruiting,"Oval winter squash in the Cucurbitaceae family; cooked flesh separates into spaghetti-like strands, low-carb alternative.",Cucurbita pepo (Vegetable spaghetti),Water deeply 2-3 times per week during growing season. Consistent moisture important during fruit development. Mulch around plants. Full sun essential (6-8 hours daily). Fertilize every 3-4 weeks with balanced fertilizer. Harvest when rind is hard and pale yellow. Bake or boil; flesh strands like spaghetti. Seasonal crop; watering varies by growing zone and harvest timing. Remove dead or damaged foliage promptly.,outdoorFullSun,medium,"[10, 32]",5.0,4.0,7.0,,neutral,wellDraining,nonToxic,fast,
squash,Squash,Vegetables - Fruiting,"Large fruiting vegetables in the Cucurbitaceae family, vining types need support or space to spread.","Cucurbita pepo (Zucchini, Summer squash, Yellow squash), C. maxima (Winter squash, Pumpkin), C. moschata (Butternut squash)",Regular deep watering at base (2-3 times per week). Keep consistently moist especially during fruit development. Avoid wetting leaves to prevent powdery mildew. Full sun essential (6-8 hours daily). Vining types need support or space to spread (10+ feet). Fertilize every 2-3 weeks with balanced fertilizer. Harvest summer squash when small and tender; winter squash when fully mature. Watch for squash bugs and powdery mildew. Seasonal crop; watering varies by growing zone and harvest timing. Remove dead or damaged foliage promptly.,outdoorFullSun,high,"[21, 29]",3.0,3.0,5.0,,neutral,wellDraining,nonToxic,fast,
thai-eggplant,Thai Eggplant,Vegetables - Fruiting,"Small, round eggplant varieties essential in Southeast Asian cuisine, producing golf-ball-sized green, white, or purple-striped fruits with a firm, slightly bitter flesh used in curries and stir-fries.","Solanum melongena (Thai eggplant, Thai green eggplant, Makhuea pro), S. torvum (Pea eggplant, Turkey berry)","Keep soil evenly moist; consistent watering is essential for fruit quality. Full sun—at least 6-8 hours daily. High humidity (60%+) preferred. Rich, well-draining soil with plenty of organic matter. Heavy feeder—fertilize every 2 weeks with balanced fertilizer once fruiting begins. Stake or cage plants as they become heavy with fruit. Harvest when fruits are firm and glossy; overripe fruits become seedy and bitter. Start seeds indoors in Leaves and stems are mildly toxic (solanine). Thin out seedlings promptly and remove overcrowded leaves.",outdoorFullSun,high,"[20, 35]",3.0,3.0,5.0,,neutral,wellDraining,mildlyToxic,fast,
tomatillo,Tomatillo,Vegetables - Fruiting,"Green husk tomato in the Solanaceae family, essential for salsa verde, tart flavor when ripe.",Physalis philadelphica (Husk tomato),"Keep soil evenly moist (2-3 times per week). Consistent moisture important during fruiting. Full sun essential (6-8 hours daily). Fertilize every 3-4 weeks with balanced fertilizer. Plant at least two for pollination. Harvest when husks split and fruits fill the husk. Essential for salsa verde. Warm-season crop. Seasonal crop; watering varies by growing zone and harvest timing. Creeping plants, many branches, need to be put up",outdoorFullSun,medium,"[10, 32]",5.0,4.0,7.0,,neutral,wellDraining,nonToxic,fast,
tomatoes,Tomatoes,Vegetables - Fruiting,"Warm-season fruiting vegetables in the Solanaceae family, require consistent moisture and support for vining types.","Solanum lycopersicum (Tomato), determinate and indeterminate varieties","Deep, regular watering at base (2-3 times per week, daily in hot weather). Avoid wetting leaves to prevent disease (early blight, late blight). Consistent moisture prevents blossom end rot (calcium deficiency). Full sun essential (8+ hours daily). Stake or cage indeterminate varieties. Fertilize every 2-3 weeks with tomato fertilizer. Mulch to retain moisture. Harvest when fully colored. Ready in 60-90 days. Watch for tomato hornworms and diseases. Seasonal crop; watering varies by growing zone and harvest timing. Harvest potatoes when most of leaves turn yellowish",outdoorFullSun,medium,"[21, 29]",3.0,3.0,5.0,,acidic,wellDraining,nonToxic,fast,
watermelon,Watermelon,Vegetables - Fruiting,"Warm-season fruiting vegetable in the Cucurbitaceae family, large vining plants require space and long growing season.","Citrullus lanatus (Watermelon), 'Sugar Baby', 'Crimson Sweet', 'Charleston Gray', 'Jubilee'","Water deeply 2-3 times per week, increase during fruit development. Consistent moisture critical during fruiting. Mulch around plants. Full sun essential (6-8 hours daily). Fertilize every 3-4 weeks with balanced fertilizer. Large vining plants require space. Harvest when tendril near stem turns brown and bottom sounds hollow when tapped. Warm-season crop - requires long growing season. Watch for aphids and cucumber beetles. Seasonal crop; watering varies by growing zone and harvest timing. Remove dead or damaged foliage promptly.",outdoorFullSun,medium,"[21, 32]",3.0,3.0,5.0,,neutral,wellDraining,nonToxic,fast,
winter-melon,Winter Melon,Vegetables - Fruiting,"Also known as: Wax gourd. Large gourd in the Cucurbitaceae family with waxy coating, mild flavor, popular in Asian soups and stir-fries.",Benincasa hispida (Wax gourd),Water deeply 2-3 times per week. Consistent moisture important during fruiting. Mulch around plants. Full sun essential (6-8 hours daily). Provide strong trellis for heavy fruits. Fertilize every 3-4 weeks. Harvest when fully sized; waxy coating aids storage. Popular in Asian cuisine. Warm-season crop. Seasonal crop; watering varies by growing zone and harvest timing. Remove dead or damaged foliage promptly.,outdoorFullSun,medium,"[10, 32]",5.0,4.0,7.0,,neutral,wellDraining,nonToxic,fast,
yard-long-bean,Yard Long Bean,Vegetables - Fruiting,"Also known as: Yard-long bean. Long Asian bean in the Fabaceae family, can reach 3 feet, similar to green beans but more heat-tolerant.",Vigna unguiculata subsp. sesquipedalis (Yard-long bean),"Keep soil evenly moist (2-3 times per week). Consistent moisture important during flowering and pod development. Full sun essential (6-8 hours daily). Provide trellis for climbing habit. Fertilize with low-nitrogen fertilizer (legumes fix nitrogen). Harvest when pods are pencil-thick, before seeds bulge. Heat-tolerant. Popular in Asian cuisine. Seasonal crop; watering varies by growing zone and harvest timing. Remove flower stems and any damaged or rotting leaves promptly.",outdoorFullSun,medium,"[10, 32]",5.0,4.0,7.0,,neutral,wellDraining,nonToxic,fast,
zucchini,Zucchini,Vegetables - Fruiting,"Also known as: Summer squash, Courgette. Summer squash in the Cucurbitaceae family, fast-growing and prolific, harvest when small for best flavor.","Cucurbita pepo (Zucchini, Summer squash, Courgette), 'Black Beauty', 'Golden', 'Cocozelle', 'Ronde de Nice'",Water deeply 2-3 times per week. Consistent moisture important during fruiting. Mulch around plants. Full sun essential (6-8 hours daily). Fertilize every 3-4 weeks with balanced fertilizer. Harvest when 6-8 inches long for best flavor - daily harvesting encourages more production. Fast-growing and prolific. Male and female flowers. Watch for squash bugs and vine borers. Seasonal crop; watering varies by growing zone and harvest timing. Remove dead or damaged foliage promptly.,outdoorFullSun,medium,"[21, 29]",3.0,3.0,5.0,,neutral,wellDraining,nonToxic,fast,
beets,Beets,Vegetables - Root & Bulb,"Also known as: Garden beet, Red beet. Root vegetables in the Amaranthaceae family, both roots and greens are edible, prefer cool weather.","Beta vulgaris subsp. vulgaris (Beet, Garden beet, Red beet), 'Detroit Dark Red', 'Golden', 'Chioggia', 'Cylindra'","Keep soil evenly moist (2-3 times per week). Consistent moisture prevents woody roots. Water at base. Well-drained, loose soil preferred. Full sun to partial shade. Fertilize with balanced fertilizer. Thin seedlings to 3-4 inches apart. Harvest roots when 2-3 inches in diameter. Both roots and greens are edible. Prefer cool weather - plant in spring or fall. Seasonal crop; watering varies by growing zone and harvest timing. Remove dead or damaged foliage promptly.",outdoorFullSun,medium,"[10, 24]",5.0,5.0,7.0,,neutral,wellDraining,nonToxic,fast,
carrots,Carrots,Vegetables - Root & Bulb,"Root vegetables in the Apiaceae family, require deep, loose soil free of rocks for straight roots.","Daucus carota subsp. sativus (Carrot), 'Nantes', 'Danvers', 'Imperator', 'Chantenay', 'Baby' varieties","Keep soil evenly moist (2-3 times per week). Consistent moisture prevents splitting. Water deeply to encourage long roots. Deep, loose, rock-free soil essential. Full sun preferred. Fertilize with low-nitrogen fertilizer - too much nitrogen causes forked roots. Thin seedlings to 2-3 inches apart. Harvest when roots reach desired size. Can be left in ground in mild climates. Seasonal crop; watering varies by growing zone and harvest timing. Remove dead or damaged foliage promptly.",outdoorFullSun,medium,"[10, 24]",5.0,5.0,7.0,,neutral,wellDraining,nonToxic,fast,
celeriac,Celeriac,Vegetables - Root & Bulb,"Celery root in the Apiaceae family, grown for its edible swollen stem base with celery-like flavor, popular in European cuisine.",Apium graveolens var. rapaceum (Celery root),"Keep soil evenly moist (2-3 times per week). Consistent moisture important for bulb development. Well-drained, fertile soil preferred. Full sun essential. Fertilize every 3-4 weeks with balanced fertilizer. Hill soil around base as it grows. Harvest when bulb is 3-4 inches in diameter. Long growing season (100-120 days). Peel before cooking. Seasonal crop; watering varies by growing zone and harvest timing. Remove dead or damaged foliage promptly.",outdoorFullSun,medium,"[10, 32]",5.0,4.0,7.0,,neutral,wellDraining,nonToxic,fast,
daikon,Daikon,Vegetables - Root & Bulb,"Also known as: Mooli, Chinese radish. Large white radishes in the Brassicaceae family, popular in Asian cuisine, fast-growing.","Raphanus sativus var. longipinnatus (Daikon, White radish, Mooli, Chinese radish), 'April Cross', 'Minowase'","Keep soil evenly moist (2-3 times per week). Consistent moisture prevents pithy roots. Well-drained, loose soil preferred. Full sun to partial shade. Fertilize with balanced fertilizer. Thin seedlings to 4-6 inches apart. Harvest when roots are 6-12 inches long. Fast-growing (50-70 days). Popular in Asian cuisine. Can be stored for weeks. Prefer cool weather. Seasonal crop; watering varies by growing zone and harvest timing. Remove dead or damaged foliage promptly.",outdoorFullSun,medium,"[10, 21]",5.0,5.0,7.0,,neutral,wellDraining,nonToxic,fast,
fennel,Fennel,Vegetables - Root & Bulb,"Also known as: Finocchio. Bulb vegetables in the Apiaceae family with licorice flavor, both bulb and fronds are edible.","Foeniculum vulgare var. azoricum (Florence fennel, Finocchio), 'Zefa Fino', 'Orion'","Keep soil evenly moist (2-3 times per week). Consistent moisture important for bulb development. Well-drained, fertile soil preferred. Full sun essential. Fertilize every 3-4 weeks with balanced fertilizer. Harvest when bulb is 3-4 inches in diameter. Both bulb and fronds are edible. Licorice flavor. Can bolt in heat - plant in spring or fall. Seasonal crop; watering varies by growing zone and harvest timing. Remove dead or damaged foliage promptly.",outdoorFullSun,medium,"[16, 24]",3.0,3.0,5.0,,neutral,wellDraining,nonToxic,fast,
garlic,Garlic,Vegetables - Root & Bulb,"Essential culinary bulb in the Allium family, planted in fall and harvested the following summer; hardneck types produce flavorful scapes, softneck types store longer.","Allium sativum var. ophioscorodon (Hardneck garlic, Rocambole), A. sativum var. sativum (Softneck garlic, Artichoke type), A. sativum 'Music' (Music garlic), A. sativum 'Inchelium Red'","Plant individual cloves in fall, 6-8 weeks before the ground freezes, pointed end up, 5-8 cm deep, 15 cm apart. Water consistently during spring growth; keep soil evenly moist but not waterlogged. Stop watering 2-3 weeks before harvest when lower leaves turn brown. Full sun is essential. Fertile, well-drained loamy soil amended with compost is ideal. Cut hardneck scapes in early summer to direct energy to bulb formation. Harvest when lower third of leaves have browned. Cure in a warm, dry, ventilated area for 2-3 weeks. Toxic to pets — all Alliums are harmful to cats and dogs. Remove dead or damaged foliage promptly.",outdoorFullSun,medium,"[-10, 30]",5.0,7.0,7.0,,neutral,wellDraining,toxic,fast,
horseradish,Horseradish,Vegetables - Root & Bulb,"Perennial root in the Brassicaceae family with pungent, spicy roots used for condiments, can spread aggressively.",Armoracia rusticana,"Keep soil evenly moist (2-3 times per week). Well-drained, deep soil preferred. Full sun to partial shade. Fertilize sparingly. Perennial - harvest roots in fall after frost. Can become invasive; consider containers or barriers. Grate roots when fresh for strongest flavor. Seasonal crop; watering varies by growing zone and harvest timing. Remove dead or damaged foliage promptly.",outdoorFullSun,medium,"[10, 32]",5.0,4.0,7.0,,neutral,wellDraining,nonToxic,fast,
jerusalem-artichoke,Jerusalem Artichoke,Vegetables - Root & Bulb,"Also known as: Sunchoke. Perennial sunflower relative in the Asteraceae family, grown for edible tubers (sunchokes), nutty flavor, can spread readily.",Helianthus tuberosus (Sunchoke),"Keep soil evenly moist (2-3 times per week). Well-drained soil preferred. Full sun essential (6-8 hours daily). Fertilize in spring. Perennial - harvest tubers after frost when plants die back. Can naturalize; contain with barriers if needed. Harvest as needed; stores in ground. Nutty, slightly sweet. Seasonal crop; watering varies by growing zone and harvest timing. After flowering remove the withered flowers, the part on the ground will wither in winter, the plant germinates again in spring",outdoorFullSun,medium,"[10, 32]",5.0,4.0,7.0,,neutral,wellDraining,nonToxic,fast,
kohlrabi,Kohlrabi,Vegetables - Root & Bulb,"Unique vegetables in the Brassicaceae family with swollen stem base, both bulb and leaves are edible, fast-growing.","Brassica oleracea var. gongylodes (Kohlrabi), green and purple varieties, 'Early White Vienna', 'Purple Vienna'","Keep soil evenly moist (2-3 times per week). Consistent moisture important for tender bulbs. Well-drained, fertile soil preferred. Full sun to partial shade. Fertilize every 3-4 weeks with balanced fertilizer. Harvest when bulb is 2-3 inches in diameter for best flavor. Both bulb and leaves are edible. Fast-growing (45-60 days). Prefer cool weather. Watch for cabbage worms. Seasonal crop; watering varies by growing zone and harvest timing. Trim flower stalks if they appear to redirect energy to root development.",outdoorFullSun,medium,"[10, 21]",3.0,3.0,5.0,,neutral,wellDraining,nonToxic,fast,
leek,Leek,Vegetables - Root & Bulb,"Mild-flavored allium with a long white shaft and fan of flat green leaves. A staple in European cooking, especially French cuisine (vichyssoise, leek and potato soup).","Allium ampeloprasum var. porrum (Leek), 'King Richard', 'Musselburgh', 'Blue Solaise'","Water regularly to keep soil consistently moist. Full sun. Rich, well-draining soil. Hill soil around the base (blanching) to extend the white edible portion. Long growing season (90-120 days). Frost tolerant. Non-toxic. Remove dead or damaged foliage promptly.",outdoorFullSun,medium,"[7, 24]",5.0,5.0,7.0,,neutral,moistureRetentive,nonToxic,fast,
onions-garlic,Onions & Garlic,Vegetables - Root & Bulb,"Bulb vegetables in the Amaryllidaceae family, reduce watering as bulbs mature to prevent rot.","Allium cepa (Onion, Shallot), A. sativum (Garlic), A. fistulosum (Scallion, Green onion)","Keep soil evenly moist during growth (2-3 times per week). Reduce watering significantly as tops begin to yellow and bulbs mature - this allows bulbs to cure and prevents rot. Full sun essential (6-8 hours daily). Fertilize monthly with balanced fertilizer until bulbs form. Plant garlic in fall for summer harvest; onions in spring. Harvest when tops fall over. Cure bulbs in dry, airy location. Toxic to pets. Seasonal crop; watering varies by growing zone and harvest timing. Remove dead or damaged foliage promptly.",outdoorFullSun,medium,"[13, 24]",5.0,5.0,7.0,,neutral,wellDraining,toxic,fast,
parsnip,Parsnip,Vegetables - Root & Bulb,"Root vegetables in the Apiaceae family, flavor improves after frost, require long growing season.","Pastinaca sativa (Parsnip), 'Hollow Crown', 'All American', 'Gladiator'","Keep soil evenly moist (2-3 times per week). Consistent moisture prevents splitting. Deep, loose, rock-free soil essential. Full sun preferred. Fertilize with low-nitrogen fertilizer. Thin seedlings to 3-4 inches apart. Harvest after first frost for best flavor - can be left in ground over winter. Flavor improves after frost. Requires long growing season (100-120 days). Seasonal crop; watering varies by growing zone and harvest timing. Remove dead, rotten, diseased leaves and the parts that may affect the good appearance",outdoorFullSun,medium,"[10, 21]",5.0,5.0,7.0,,neutral,wellDraining,nonToxic,fast,
potatoes,Potatoes,Vegetables - Root & Bulb,"Underground tuber vegetables in the Solanaceae family, require hilling (mounding soil) around stems as they grow.","Solanum tuberosum (Potato), early, mid-season, and late varieties","Keep soil evenly moist (2-3 times per week). Consistent moisture prevents hollow heart and ensures uniform tuber development. Full sun essential (6-8 hours daily). Hill (mound soil) around stems as they grow to protect developing tubers from sunlight (which causes greening). Fertilize at planting and when hilling. Harvest when plants die back. Store in cool, dark place. Ready in 70-120 days depending on variety. Watch for potato beetles. Seasonal crop; watering varies by growing zone and harvest timing. Harvest potatoes when most of leaves turn yellowish",outdoorFullSun,medium,"[16, 24]",5.0,5.0,7.0,,acidic,wellDraining,nonToxic,fast,
radishes,Radishes,Vegetables - Root & Bulb,"Fast-growing root vegetables in the Brassicaceae family, prefer cool weather and can be planted multiple times per season.","Raphanus sativus (Radish), 'Cherry Belle', 'French Breakfast', 'Daikon', 'Watermelon', 'Easter Egg'","Keep soil evenly moist (2-3 times per week). Consistent moisture prevents pithy roots. Water at base. Well-drained, loose soil preferred. Full sun to partial shade. Fertilize with balanced fertilizer. Thin seedlings to 1-2 inches apart. Harvest when roots reach size (20-60 days depending on variety). Fast-growing. Prefer cool weather - plant in spring or fall. Can be planted multiple times per season. Seasonal crop; watering varies by growing zone and harvest timing. Remove dead or damaged foliage promptly.",outdoorFullSun,medium,"[10, 21]",5.0,5.0,7.0,,neutral,wellDraining,nonToxic,fast,
root-vegetables,Root Vegetables,Vegetables - Root & Bulb,"Vegetables grown for their edible underground parts, require loose well-drained soil for proper root development.","Daucus carota (Carrot), Beta vulgaris (Beet, Sugar beet), Raphanus (Radish), Pastinaca sativa (Parsnip)","Keep soil evenly moist (2-3 times per week). Consistent moisture prevents splitting and ensures uniform growth. Loose, well-drained soil essential - avoid heavy clay. Full sun preferred. Thin seedlings to proper spacing for root development. Fertilize sparingly - too much nitrogen causes leafy growth at expense of roots. Harvest when roots reach desired size. Ready in 30-120 days depending on variety. Research specific vegetable for exact requirements. Seasonal crop; watering varies by growing zone and harvest timing. Remove dead or damaged foliage promptly.",outdoorFullSun,medium,"[10, 29]",5.0,5.0,7.0,,neutral,wellDraining,nonToxic,fast,
rutabaga,Rutabaga,Vegetables - Root & Bulb,"Also known as: Swede, Neep. Root vegetables in the Brassicaceae family, cross between turnip and cabbage, prefer cool weather.","Brassica napus subsp. rapifera (Rutabaga, Swede, Neep), 'American Purple Top', 'Laurentian'","Keep soil evenly moist (2-3 times per week). Consistent moisture prevents woody roots. Well-drained, loose soil preferred. Full sun to partial shade. Fertilize with balanced fertilizer. Thin seedlings to 6-8 inches apart. Harvest when roots are 3-5 inches in diameter. Prefer cool weather - plant in early spring or late summer. Flavor improves after frost. Can be stored for months. Seasonal crop; watering varies by growing zone and harvest timing. Trim flower stalks if they appear to redirect energy to root development.",outdoorFullSun,medium,"[10, 21]",5.0,5.0,7.0,,neutral,wellDraining,nonToxic,fast,
salsify,Salsify,Vegetables - Root & Bulb,Also known as: Oyster plant. Root vegetable in the Asteraceae family with long white roots and oyster-like flavor.,Tragopogon porrifolius (Oyster plant),"Keep soil evenly moist (2-3 times per week). Deep, loose, rock-free soil essential. Full sun preferred. Fertilize with low-nitrogen fertilizer. Thin seedlings to 4-6 inches apart. Long growing season (120 days). Harvest when roots are 8-12 inches long. Oyster-like flavor when cooked. Can be left in ground over winter. Seasonal crop; watering varies by growing zone and harvest timing. Remove dead or damaged foliage promptly.",outdoorFullSun,medium,"[10, 32]",5.0,4.0,7.0,,neutral,wellDraining,nonToxic,fast,
scallion,Scallion / Green Onion,Vegetables - Root & Bulb,"Allium with mild edible green tops and white bases, used fresh in many cuisines.","Allium fistulosum (Welsh onion, Bunching onion), A. cepa 'Evergreen'",Keep soil moist. Full sun. Fast-growing. Harvest when tops are 6-8 inches. Can regrow from roots. Popular in Asian cooking. Seasonal crop; watering varies by growing zone and harvest timing. Remove dead or damaged foliage promptly.,outdoorFullSun,medium,"[13, 27]",3.0,3.0,5.0,,neutral,wellDraining,nonToxic,fast,
shallot,Shallot,Vegetables - Root & Bulb,"Mild, sweet-flavored member of the Allium family that forms clusters of small, elongated bulbs prized in French and Asian cuisine for their delicate flavor.","Allium cepa var. aggregatum (Common shallot), A. cepa 'French Red' (French red shallot), A. cepa 'Ambition' (Seed-grown shallot), A. oschaninii (Grey shallot)","Water regularly during active growth; keep soil moist but not waterlogged. Reduce watering as tops begin to yellow and fall over — this signals maturation. Full sun (6+ hours) is essential. Loose, well-drained, fertile soil is ideal; amend heavy soil with compost. Plant sets 15 cm apart in early spring or fall (fall planting yields larger bulbs). Fertilize at planting with balanced fertilizer; side-dress with nitrogen-rich fertilizer in mid-spring. Harvest when tops dry and fall over. Toxic to pets — all Alliums are harmful to cats and dogs. Remove dead or damaged foliage promptly.",outdoorFullSun,medium,"[5, 25]",5.0,5.0,7.0,,neutral,wellDraining,toxic,fast,
sweet-potatoes,Sweet Potatoes,Vegetables - Root & Bulb,"Warm-season root vegetables in the Convolvulaceae family, also commonly called yams, require long growing season.","Ipomoea batatas (Sweet potato), 'Beauregard', 'Georgia Jet', 'Centennial', 'Purple', 'Japanese'","Water deeply 2-3 times per week during growing season. Consistent moisture important during root development. Mulch around plants. Full sun essential (6-8 hours daily). Fertilize with low-nitrogen fertilizer. Plant slips (rooted cuttings) after soil warms. Vining plants require space. Harvest before first frost when leaves start to yellow. Cure in warm, humid place for 2 weeks. Warm-season crop - requires long growing season. Seasonal crop; watering varies by growing zone and harvest timing. Remove dead or damaged foliage promptly.",outdoorFullSun,medium,"[21, 29]",3.0,3.0,5.0,,neutral,wellDraining,nonToxic,fast,
taro,Taro,Vegetables - Root & Bulb,"Also known as: Dasheen, Eddoe. Starchy root crop (corm) staple in Pacific and Asian cuisines; leaves and corms must be cooked before eating.","Colocasia esculenta (Taro, Dasheen, Eddoe), 'Bun Long', 'Lehua'",Wet or very moist soil. Partial sun. Warm temperatures. Harvest when leaves yellow. All parts contain calcium oxalate - must cook before eating. Toxic raw. Seasonal crop; watering varies by growing zone and harvest timing. Toxic to pets. Remove dead or damaged foliage promptly.,outdoorPartialSun,high,"[21, 32]",4.0,4.0,6.0,,neutral,moistureRetentive,toxic,fast,
turnips,Turnips,Vegetables - Root & Bulb,"Also known as: White turnip. Root vegetables in the Brassicaceae family, both roots and greens are edible, prefer cool weather.","Brassica rapa subsp. rapa (Turnip, White turnip), 'Purple Top White Globe', 'Tokyo Cross', 'Hakurei', 'Golden Ball'","Keep soil evenly moist (2-3 times per week). Consistent moisture prevents woody roots. Water at base. Well-drained, loose soil preferred. Full sun to partial shade. Fertilize with balanced fertilizer. Thin seedlings to 4-6 inches apart. Harvest roots when 2-3 inches in diameter. Both roots and greens are edible. Prefer cool weather - plant in spring or fall. Flavor improves after frost. Seasonal crop; watering varies by growing zone and harvest timing. Trim flower stalks if they appear to redirect energy to root development.",outdoorFullSun,medium,"[10, 21]",5.0,5.0,7.0,,neutral,wellDraining,nonToxic,fast,
apples,Apples,Fruits & Berries,"Deciduous fruit trees in the Rosaceae family, require cross-pollination for most varieties, need winter chill.","Malus domestica (Apple), 'Gala', 'Fuji', 'Granny Smith', 'Honeycrisp', 'McIntosh', dwarf and standard sizes","Deep soak weekly during growing season. Increase watering during fruit development. Mulch around base. Full sun essential (6-8 hours daily). Fertilize in early spring with fruit tree fertilizer. Prune in late winter/early spring to maintain shape and encourage fruiting. Most varieties need cross-pollination - plant 2+ compatible varieties nearby. Thin fruit for larger, healthier apples. Protect from late frosts during flowering. Harvest when easily twists off branch. Reduce watering when dormant in winter.",outdoorFullSun,medium,"[10, 27]",7.0,7.0,14.0,,neutral,wellDraining,nonToxic,moderate,
apricot,Apricot,Fruits & Berries,"Deciduous fruit trees in the Rosaceae family with velvety skin, early bloomers susceptible to frost.","Prunus armeniaca (Apricot), 'Moorpark', 'Blenheim', 'Goldcot', 'Harcot'",Deep soak weekly during growing season. Increase watering during fruit development. Mulch around base. Full sun essential (6-8 hours daily). Fertilize in early spring with fruit tree fertilizer. Prune in late winter/early spring. Most varieties are self-fertile. Early bloomers - very susceptible to late frosts. Harvest when fully colored and slightly soft. Requires winter chill but blooms early. Reduce watering when dormant in winter.,outdoorFullSun,medium,"[10, 27]",7.0,7.0,14.0,,acidic,wellDraining,nonToxic,moderate,
avocado,Avocado,Fruits & Berries,"Evergreen fruit trees in the Lauraceae family, require warm climates, popular for guacamole and salads.","Persea americana (Avocado), 'Hass', 'Fuerte', 'Reed', 'Bacon', cold-hardy varieties",Deep soak weekly during growing season. Well-drained soil essential - avoid waterlogged conditions. Mulch around base. Full sun essential (6-8 hours daily). Fertilize in early spring and summer with avocado fertilizer. Prune to maintain size. Most varieties need cross-pollination. Harvest when mature (varies by variety). Require warm climates - protect from frost. Can be grown in containers in cooler climates. Evergreen; reduce watering in winter when growth slows. Toxic to pets.,outdoorFullSun,medium,"[18, 27]",7.0,7.0,14.0,,acidic,wellDraining,toxic,moderate,
banana,Banana,Fruits & Berries,"Tropical herb in the Musaceae family producing bunches of sweet fruits, each stem fruits once then is replaced by suckers.",Musa spp. (Banana),"Water deeply and frequently - bananas need consistently moist soil and are heavy drinkers, especially in warm weather. Full sun essential (6-8 hours daily). Feed every 2 weeks with a potassium-rich fertilizer during the growing season, as bananas are extremely heavy feeders. Each pseudostem fruits only once; after harvest, cut the fruited stalk to the ground and allow a sucker to replace it. Mulch heavily to retain moisture and protect the shallow root system. Non-toxic to pets. Remove dead or damaged foliage promptly.",outdoorFullSun,medium,"[10, 32]",5.0,4.0,7.0,,acidic,wellDraining,nonToxic,moderate,
blackberries,Blackberries,Fruits & Berries,"Also known as: Blackberry. Perennial cane fruits in the Rosaceae family, produce fruit on second-year canes, can be trailing or erect varieties.","Rubus fruticosus (Blackberry), trailing and erect varieties, thornless and thorny types",Keep soil evenly moist (weekly deep watering). Water at base to avoid wetting fruit. Mulch around plants to retain moisture. Full sun essential (6-8 hours daily). Fertilize in early spring with balanced fertilizer. Prune fruited canes after harvest in summer. Support trailing varieties with trellis. Harvest when fully black and easily detaches. Can spread aggressively - contain with barriers. Replace plants every 8-10 years. Deciduous varieties: reduce watering when dormant in winter.,outdoorFullSun,medium,"[16, 27]",5.0,5.0,7.0,,acidic,wellDraining,nonToxic,moderate,
blueberries,Blueberries,Fruits & Berries,"Acidic soil-loving berry shrubs in the Ericaceae family, require pH 4.5-5.5 and often need cross-pollination.","Vaccinium corymbosum (Highbush blueberry), V. angustifolium (Lowbush blueberry), V. ashei (Rabbiteye blueberry)","Keep soil evenly moist (weekly deep watering). Use acidic water if needed to maintain soil pH. Mulch with pine needles, pine bark, or sawdust to maintain acidity and moisture. Soil pH 4.5-5.5 essential - test and amend annually. Full sun preferred (6-8 hours daily). Fertilize in early spring with acid-loving plant fertilizer. Many varieties need cross-pollination - plant 2+ compatible varieties. Prune in late winter. Harvest when fully blue. Research specific variety for exact requirements. Deciduous varieties: reduce watering when dormant in winter.",outdoorFullSun,medium,"[16, 27]",7.0,7.0,10.0,,acidic,wellDraining,nonToxic,moderate,
cherries,Cherries,Fruits & Berries,"Deciduous fruit trees in the Rosaceae family, sweet and sour varieties, require winter chill and often need cross-pollination.","Prunus avium (Sweet cherry), P. cerasus (Sour cherry, Tart cherry), 'Bing', 'Rainier', 'Montmorency', 'Stella'",Deep soak weekly during growing season. Consistent moisture important during fruit development. Mulch around base. Full sun essential (6-8 hours daily). Fertilize in early spring with fruit tree fertilizer. Prune in late winter/early spring. Many varieties need cross-pollination - plant compatible varieties nearby. Protect from birds with netting. Harvest when fully colored. Sweet cherries are more challenging than sour cherries. Research specific variety for exact requirements. Reduce watering when dormant in winter.,outdoorFullSun,medium,"[10, 27]",7.0,7.0,14.0,,acidic,wellDraining,nonToxic,moderate,
coconut,Coconut,Fruits & Berries,"Tropical palm in the Arecaceae family producing large drupes with edible meat and water, requires warm coastal climate.",Cocos nucifera,"Water regularly to keep soil consistently moist but not waterlogged - young palms need more frequent watering than established trees. Full sun essential (at least 6 hours daily). Fertilize every 3-4 months with a palm-specific fertilizer rich in potassium, manganese, and magnesium. Thrives in sandy, well-draining soil and tolerates salt spray, making it ideal for coastal areas. Requires consistently warm temperatures above 22°C year-round; will not tolerate frost. Do not prune green fronds - only remove dead brown ones. Non-toxic to pets.",outdoorFullSun,medium,"[24, 32]",5.0,4.0,7.0,,neutral,wellDraining,nonToxic,moderate,
cranberry,Cranberry,Fruits & Berries,"Low-growing evergreen shrubs in the Ericaceae family, require acidic soil and constant moisture, popular for Thanksgiving.","Vaccinium macrocarpon (American cranberry), V. oxycoccos (Small cranberry)",Keep soil constantly moist - never allow to dry out. Acidic soil (pH 4.0-5.5) essential. Full sun to partial shade. Fertilize in spring with acid-loving plant fertilizer. Mulch with pine needles or peat moss. Can be grown in boggy conditions. Harvest in fall when berries are fully red. Popular for Thanksgiving. Very challenging to grow outside native bog conditions. Evergreen; reduce watering in winter when growth slows. Remove dead or damaged foliage promptly.,outdoorPartialSun,high,"[10, 24]",5.0,5.0,7.0,,acidic,waterloggingTolerant,nonToxic,moderate,
currant,Currant,Fruits & Berries,"Also known as: Redcurrant, Blackcurrant. Deciduous shrubs in the Grossulariaceae family with red, black, or white berries, used for jams and fresh eating.","Ribes rubrum, R. nigrum (Red, black currant)","Water regularly to keep soil consistently moist, especially during fruiting - about 1 inch per week. Partial shade to full sun; currants actually prefer some afternoon shade in hot climates, unlike most fruit. Fertilize in early spring with a balanced fertilizer and side-dress with compost. Prune out wood older than 3 years in late winter to encourage productive new growth. Mulch heavily to keep roots cool, as currants prefer cooler conditions. Excellent for cold-climate gardens where many fruits struggle. Non-toxic to pets.",outdoorFullSun,medium,"[10, 32]",5.0,4.0,7.0,,acidic,wellDraining,nonToxic,moderate,
dates,Dates,Fruits & Berries,"Date palm in the Arecaceae family producing sweet drupes, desert-adapted, requires hot dry climate.",Phoenix dactylifera (Date palm fruit),"Water deeply but infrequently once established - date palms are extremely drought tolerant and overwatering causes root rot. Full sun essential; requires intense heat for fruit to ripen properly. Fertilize 2-3 times per year with palm fertilizer. Thrives in hot, arid conditions with low humidity; fruit quality suffers in humid or rainy climates. Needs both male and female trees for pollination, or hand-pollinate for reliable fruit set. Tolerates poor, alkaline soils but requires excellent drainage. Non-toxic to pets. Remove dead or damaged foliage promptly.",outdoorFullSun,medium,"[20, 38]",5.0,4.0,7.0,,neutral,wellDraining,nonToxic,moderate,
dragon-fruit,Dragon Fruit,Fruits & Berries,"Also known as: White-fleshed dragon fruit. Cactus fruits in the Cactaceae family, also known as pitaya, popular tropical fruit with striking appearance.","Hylocereus undatus (White-fleshed dragon fruit), H. costaricensis (Red-fleshed), Selenicereus (Yellow dragon fruit)",Water deeply but infrequently (every 1-2 weeks). Very drought tolerant. Well-drained soil essential. Full sun to partial shade. Fertilize monthly during growing season with cactus fertilizer. Provide support for climbing habit. Self-fertile but cross-pollination improves yield. Harvest when fully colored and slightly soft. Require warm climates. Popular tropical fruit. Evergreen; reduce watering in winter when growth slows. Remove dead or rotting sections promptly.,outdoorFullSun,low,"[21, 32]",14.0,14.0,21.0,,neutral,wellDraining,nonToxic,moderate,
durian,Durian,Fruits & Berries,Legendary tropical fruit famous for its custard-like flesh and notoriously pungent aroma—banned on public transport across Southeast Asia but revered as a delicacy.,"Durio zibethinus (Durian, King of fruits), D. zibethinus 'Musang King', D. zibethinus 'Monthong'","Water regularly and deeply; needs consistent moisture during flowering and fruiting. Full sun essential for fruit production. Very high humidity (80%+) required—strictly tropical. Deep, well-draining, acidic clay-loam soil (pH 5.0-6.5). Fertilize regularly with balanced fertilizer; increase potassium during fruiting. Extremely tall tree (25-40 meters)—not practical for containers. Fruit takes 3-5 months to ripen after pollination. Pollinated by bats at night. First fruit after 5-7 years from seed. Non-toxic to pets. Prune during dormancy. Remove dead and diseased wood. Thin to improve fruit size and air circulation.",outdoorFullSun,veryHigh,"[24, 35]",5.0,3.0,7.0,10.0,acidic,wellDraining,nonToxic,moderate,
elderberry,Elderberry,Fruits & Berries,"Deciduous shrubs in the Adoxaceae family with clusters of dark berries, popular for health benefits and jellies.","Sambucus canadensis (American elderberry), S. nigra (European elderberry), 'Adams', 'York', 'Nova'","Keep soil evenly moist (weekly deep watering). Well-drained soil preferred. Full sun to partial shade. Fertilize in early spring with balanced fertilizer. Prune in late winter to remove old canes. Most varieties need cross-pollination - plant 2+ varieties. Harvest clusters when fully ripe (dark purple/black). Berries must be cooked before eating. Toxic to pets - raw berries, leaves, stems contain cyanogenic glycosides. Popular for health benefits and jellies. Deciduous varieties: reduce watering when dormant in winter.",outdoorPartialSun,medium,"[10, 27]",5.0,5.0,7.0,,neutral,wellDraining,toxic,moderate,
fig,Fig,Fruits & Berries,"Deciduous fruit trees in the Moraceae family, can be grown in containers, some varieties produce two crops.","Ficus carica (Fig), 'Brown Turkey', 'Celeste', 'Chicago Hardy', 'Black Mission'",Deep soak weekly during growing season. Consistent moisture important during fruit development. Mulch around base. Full sun essential (6-8 hours daily). Fertilize in early spring with balanced fertilizer. Prune in late winter. Self-fertile. Some varieties produce two crops (breba and main crop). Can be grown in containers. Harvest when soft and drooping. Protect from cold in winter if needed. Deciduous; reduce or withhold watering when leaves drop in fall.,outdoorFullSun,medium,"[13, 29]",7.0,7.0,14.0,,neutral,wellDraining,nonToxic,moderate,
goji-berry,Goji Berry,Fruits & Berries,"Also known as: Wolfberry. Deciduous shrubs in the Solanaceae family, also known as wolfberry, popular superfood, drought-tolerant.","Lycium barbarum (Goji berry, Wolfberry), L. chinense (Chinese wolfberry)",Water deeply but infrequently once established (every 1-2 weeks). Very drought tolerant. Well-drained soil preferred. Full sun essential. Fertilize in spring with balanced fertilizer. Prune in late winter to maintain shape. Self-fertile. Harvest berries when fully red. Popular superfood. Can be grown in containers. Very popular in China. Deciduous varieties: reduce watering when dormant in winter.,outdoorFullSun,low,"[10, 27]",7.0,7.0,14.0,,neutral,wellDraining,nonToxic,moderate,
gooseberry,Gooseberry,Fruits & Berries,"Deciduous shrub in the Grossulariaceae family with tart green or red berries, popular for pies and preserves.",Ribes uva-crispa (European gooseberry),"Water consistently to keep soil evenly moist, about 1 inch per week - drought stress causes premature fruit drop. Partial shade to full sun; tolerates more shade than most fruit bushes, and benefits from afternoon shade in warmer zones. Fertilize lightly in early spring with balanced fertilizer. Prune in late winter to maintain an open, goblet-shaped form for air circulation - this reduces mildew, which gooseberries are prone to. Wear thick gloves when harvesting due to sharp thorns. Mulch to keep roots cool in summer. Non-toxic to pets.",outdoorFullSun,medium,"[10, 32]",5.0,4.0,7.0,,acidic,wellDraining,nonToxic,moderate,
grapefruit,Grapefruit,Fruits & Berries,"Large evergreen citrus tree producing clusters of large, tangy-sweet fruits with pink, red, or white flesh. Needs sustained heat for sweetest fruit.","Citrus × paradisi (Grapefruit), C. × paradisi 'Ruby Red' (Ruby Red grapefruit), C. × paradisi 'Marsh' (Marsh white grapefruit)","Water deeply every 7-10 days; consistent moisture during fruit development. Full sun essential — needs more heat than other citrus for sweetest fruit. Well-drained, acidic soil. Fertilize 3-4 times per year with citrus fertilizer. Prune to remove dead wood and maintain airflow. Fruits can remain on the tree for months after ripening. Interacts with many medications (furanocoumarins inhibit drug metabolism). Mildly toxic to pets.",outdoorFullSun,medium,"[5, 38]",7.0,5.0,7.0,10.0,acidic,wellDraining,mildlyToxic,moderate,
grapes,Grapes,Fruits & Berries,"Also known as: Wine grape. Perennial climbing vines in the Vitaceae family, produce clusters of berries, require pruning and support structures.","Vitis vinifera (Wine grape), V. labrusca (American grape), V. rotundifolia (Muscadine), table and wine varieties","Deep watering weekly during growing season. Consistent moisture important during fruit development. Mulch around base. Full sun essential (6-8 hours daily). Fertilize in early spring with balanced fertilizer. Prune heavily in late winter - grapes fruit on new growth from previous year's wood. Provide strong support (trellis, arbor). Harvest when fully ripe and sweet. Many varieties need winter chill. Research specific variety for exact pruning requirements. Deciduous varieties: reduce watering when dormant in winter.",outdoorFullSun,medium,"[16, 27]",7.0,7.0,14.0,,neutral,wellDraining,nonToxic,moderate,
guava,Guava,Fruits & Berries,"Tropical tree in the Myrtaceae family with fragrant pink or white-fleshed fruits, fast-growing and adaptable.",Psidium guajava (Guava),"Water regularly to keep soil moist but not waterlogged during the growing season; reduce watering in winter. Full sun essential for best fruit production (6-8 hours daily). Fertilize every 1-2 months during the growing season with a balanced fertilizer - guavas are moderate feeders. Prune lightly to shape and to improve air circulation, which reduces disease. Guavas are remarkably adaptable and can fruit within 2-3 years from seed. Protect from frost; mature trees tolerate brief dips to -2°C but young trees are more tender. Non-toxic to pets.",outdoorFullSun,medium,"[10, 32]",5.0,4.0,7.0,,neutral,wellDraining,nonToxic,moderate,
jackfruit,Jackfruit,Fruits & Berries,"The world's largest tree-borne fruit, with individual fruits weighing up to 35 kg. A tropical evergreen producing sweet, aromatic golden flesh used fresh, dried, or as a popular meat substitute when young and unripe.","Artocarpus heterophyllus (Jackfruit, Jack tree, Nangka)","Water regularly during growing season; keep soil evenly moist but never waterlogged. Full sun essential for fruit production. High humidity (60%+) preferred. Deep, well-draining, fertile soil. Fertilize quarterly with balanced fertilizer, increasing potassium during fruiting. Young trees are frost-sensitive—protect below 10°C. Fruits grow directly from the trunk (cauliflory). Can grow 15-20 meters tall; choose dwarf cultivars for containers. Latex sap is sticky—oil hands before handling fruit. Non-toxic to pets. In spring pruning and Remove dead or damaged foliage promptly.",outdoorFullSun,high,"[16, 35]",5.0,3.0,7.0,10.0,neutral,wellDraining,nonToxic,moderate,
jujube,Jujube,Fruits & Berries,"Also known as: Chinese date, Red date. Deciduous fruit trees in the Rhamnaceae family, also known as Chinese date or red date, drought-tolerant.","Ziziphus jujuba (Jujube, Chinese date, Red date), 'Li', 'Lang', 'Sugar Cane'",Deep soak weekly during growing season. Drought tolerant once established. Well-drained soil preferred. Full sun essential. Fertilize in early spring with balanced fertilizer. Prune to maintain shape. Self-fertile but better with cross-pollination. Harvest when fully red and slightly wrinkled. Can be eaten fresh or dried. Very popular in China. Drought tolerant. Deciduous; reduce or withhold watering when leaves drop in fall.,outdoorFullSun,low,"[18, 29]",7.0,7.0,14.0,,neutral,wellDraining,nonToxic,moderate,
kiwi,Kiwi,Fruits & Berries,"Also known as: Kiwifruit. Vining fruit in the Actinidiaceae family with fuzzy brown fruit and green flesh, requires male and female plants.",Actinidia deliciosa (Kiwifruit),"Water regularly to keep soil consistently moist but well-drained; kiwis have shallow roots and are sensitive to drought. Full sun to partial shade, with protection from strong winds. Fertilize in spring with a balanced fertilizer - avoid over-fertilizing which promotes leaf growth over fruit. Both male and female vines are required for pollination (one male can pollinate up to 8 females). Provide a sturdy trellis or pergola, as mature vines become extremely heavy. Prune vigorously in winter and lightly in summer to control rampant growth. Non-toxic to pets.",outdoorFullSun,medium,"[10, 32]",5.0,4.0,7.0,,neutral,wellDraining,nonToxic,moderate,
kumquat,Kumquat,Fruits & Berries,"Small citrus trees in the Rutaceae family, entire fruit is edible including peel, cold-hardier than most citrus.","Citrus japonica (Kumquat, Nagami kumquat), 'Meiwa', 'Marumi', 'Fukushu'",Keep soil evenly moist during growing season. Well-drained soil essential. Full sun essential. Fertilize monthly spring through fall with citrus fertilizer. Prune to maintain size. Self-fertile. Harvest when fully orange. Entire fruit is edible including peel. Cold-hardier than most citrus - can tolerate light frosts. Can be grown in containers. Evergreen; reduce watering in winter when growth slows.,outdoorFullSun,medium,"[13, 27]",7.0,7.0,14.0,,neutral,wellDraining,nonToxic,moderate,
lemon,Lemon Tree,Fruits & Berries,Evergreen citrus tree producing tart yellow fruits year-round in warm climates. One of the most popular container fruit trees for patios and conservatories.,"Citrus limon (Lemon), C. limon 'Eureka' (Eureka lemon), C. limon 'Meyer' (Meyer lemon, sweeter hybrid)","Water deeply when top 2 inches of soil are dry; do not let roots sit in water. Full sun essential (8+ hours for best fruiting). Acidic, well-drained soil (pH 5.5-6.5). Fertilize monthly spring through fall with citrus-specific fertilizer high in nitrogen. Prune to shape and remove suckers below the graft. Protect from frost — Meyer lemon tolerates brief dips to -3°C; Eureka is more cold-sensitive. Yellow leaves often indicate iron deficiency (use chelated iron). Excellent container plant; dwarf varieties fruit well in pots. Mildly toxic to pets (essential oils and psoralen in peel).",outdoorFullSun,medium,"[5, 38]",5.0,3.0,7.0,10.0,acidic,wellDraining,mildlyToxic,moderate,
lime,Lime Tree,Fruits & Berries,"Evergreen citrus tree producing small, green, intensely tart fruits essential in cuisines worldwide. More cold-sensitive than lemons or oranges.","Citrus × aurantiifolia (Key lime, Mexican lime), C. × latifolia (Persian lime, Tahiti lime, Bearss lime)","Water regularly to keep soil consistently moist but not waterlogged. Full sun essential (6-8 hours). Acidic, well-drained soil. Fertilize monthly spring through fall with citrus fertilizer. More cold-sensitive than other citrus — protect below 10°C. Key limes are smaller, more aromatic, and seedier; Persian limes are the standard grocery variety (seedless). Excellent container plant — dwarf varieties thrive in pots and can be brought indoors in winter. Mildly toxic to pets. Prune during dormancy. Remove dead and diseased wood. Thin to improve fruit size and air circulation.",outdoorFullSun,medium,"[10, 38]",5.0,3.0,7.0,10.0,acidic,wellDraining,mildlyToxic,moderate,
longan,Longan,Fruits & Berries,"Also known as: Dragon's eye. Evergreen fruit trees in the Sapindaceae family, related to lychee, require tropical or subtropical climate.","Dimocarpus longan (Longan, Dragon's eye), 'Kohala', 'Biew Kiew'","Keep soil evenly moist during growing season. Well-drained, slightly acidic soil preferred. Full sun essential. Fertilize in spring and summer with balanced fertilizer. Prune to maintain size. Self-fertile. Harvest when skin is brown and fruit is sweet. Require tropical or subtropical climate. Related to lychee. Popular in Chinese cuisine. Evergreen; reduce watering in winter when growth slows.",outdoorFullSun,high,"[18, 29]",7.0,7.0,14.0,,acidic,wellDraining,nonToxic,moderate,
loquat,Loquat,Fruits & Berries,"Also known as: Chinese plum. Evergreen fruit trees in the Rosaceae family with sweet, tangy fruits, popular in China and Japan.","Eriobotrya japonica (Loquat, Japanese plum, Chinese plum), 'Champagne', 'Gold Nugget'",Deep soak weekly during growing season. Well-drained soil preferred. Full sun to partial shade. Fertilize in spring and summer with balanced fertilizer. Prune to maintain size and shape. Self-fertile. Harvest when fully yellow-orange and slightly soft. Can tolerate some cold but protect from hard freezes. Popular in China and Japan. Evergreen; reduce watering in winter when growth slows.,outdoorFullSun,medium,"[10, 27]",7.0,7.0,14.0,,neutral,wellDraining,nonToxic,moderate,
lychee,Lychee,Fruits & Berries,"Also known as: Lichi. Evergreen fruit trees in the Sapindaceae family with sweet, fragrant fruits, require tropical or subtropical climate.","Litchi chinensis (Lychee, Lichi), 'Brewster', 'Mauritius', 'Sweetheart'","Keep soil evenly moist during growing season. Well-drained, acidic soil preferred. Full sun essential. Fertilize in spring and summer with citrus fertilizer. Prune to maintain size. Self-fertile but cross-pollination improves yield. Harvest when skin is pink-red and fruit is fragrant. Require tropical or subtropical climate - protect from frost. Very popular in China. Evergreen; reduce watering in winter when growth slows.",outdoorFullSun,high,"[18, 29]",7.0,7.0,14.0,,acidic,wellDraining,nonToxic,moderate,
mandarin,Mandarin,Fruits & Berries,"Also known as: Tangerine. Evergreen citrus tree producing easy-to-peel, sweet, segmented fruits. The most diverse citrus group and generally the most cold-hardy.","Citrus reticulata (Mandarin orange, Tangerine), C. × clementina (Clementine), C. unshiu (Satsuma mandarin)","Water deeply when top 2 inches of soil are dry; reduce in winter. Full sun essential. Acidic, well-drained soil. Fertilize 3-4 times per year with citrus fertilizer. The most cold-hardy citrus group — satsumas tolerate brief dips to -8°C. Easy-to-peel fruits are among the sweetest citrus. Many varieties are seedless. Excellent for containers. Harvest when fruit is fully colored and slightly soft. Mildly toxic to pets. Remove dead or damaged foliage promptly.",outdoorFullSun,medium,"[0, 38]",7.0,5.0,7.0,10.0,acidic,wellDraining,mildlyToxic,moderate,
mango,Mango,Fruits & Berries,"Tropical tree in the Anacardiaceae family with sweet orange-fleshed drupes, widely cultivated fruit.",Mangifera indica (Mango),"Water deeply once or twice per week during the growing season, then reduce significantly during winter dormancy - mangoes prefer a distinct dry period to stimulate flowering. Full sun essential (8+ hours daily). Fertilize 3-4 times per year with a citrus or fruit tree fertilizer. Caution: mango sap and skin contain urushiol (the same compound as poison ivy) and can cause contact dermatitis - wear gloves when pruning. Prune after harvest to maintain manageable size. Protect from frost; tropical tree that needs consistently warm temperatures. Mildly toxic to pets; sap and skin can cause irritation.",outdoorFullSun,medium,"[10, 32]",5.0,4.0,7.0,,acidic,wellDraining,mildlyToxic,moderate,
mulberry,Mulberry,Fruits & Berries,"Deciduous tree in the Moraceae family with sweet black, red, or white berry-like fruits, fast-growing.","Morus alba, M. nigra (Mulberry)","Water regularly during the first two years to establish; mature trees are quite drought tolerant. Full sun to partial shade (6+ hours daily). Fertilize once in late winter with a balanced fertilizer - mulberries are not heavy feeders and over-fertilizing reduces fruit quality. Prune in winter to shape and remove crossing branches. Mulberries fruit prolifically and fruit stains everything it touches - avoid planting near walkways, driveways, or patios. Fast-growing trees that can reach 30-50 feet; consider dwarf cultivars for smaller spaces. Non-toxic to pets; unripe fruit and raw leaves may cause mild stomach upset.",outdoorFullSun,medium,"[10, 32]",5.0,4.0,7.0,,neutral,wellDraining,nonToxic,moderate,
musk-melon,Musk Melon,Fruits & Berries,"Sweet melon in the Cucurbitaceae family with aromatic netted rind, includes cantaloupe and similar varieties.",Cucumis melo (Cantaloupe types),Water when top inch of soil is dry. Full sun preferred for most. Fertilize regularly during growing season. Harvest as needed. Mulch to retain moisture. Remove dead or damaged foliage promptly.,outdoorFullSun,medium,"[10, 32]",5.0,4.0,7.0,,neutral,wellDraining,nonToxic,fast,
nectarine,Nectarine,Fruits & Berries,"Smooth-skinned peaches in the Rosaceae family, genetic variant of peach, require winter chill.","Prunus persica var. nucipersica (Nectarine), 'Fantasia', 'Red Gold', 'Arctic Glo', 'Sunraycer'",Deep soak weekly during growing season. Increase watering during fruit development. Mulch around base. Full sun essential (6-8 hours daily). Fertilize in early spring with fruit tree fertilizer. Prune in late winter/early spring. Most varieties are self-fertile. Smooth skin unlike peaches. Thin fruit for larger nectarines. Protect from late frosts during flowering. Harvest when fully colored. Requires winter chill. Reduce watering when dormant in winter.,outdoorFullSun,medium,"[10, 27]",7.0,7.0,14.0,,acidic,wellDraining,nonToxic,moderate,
olive,Olive,Fruits & Berries,"Evergreen tree in the Oleaceae family producing drupes for oil and table olives, Mediterranean origin.",Olea europaea,"Water deeply but infrequently once established - olives are very drought tolerant and overwatering is the most common mistake. Full sun essential (8+ hours daily). Fertilize lightly in spring with a balanced or nitrogen-focused fertilizer. Thrives in poor, rocky, well-draining soil; heavy clay causes root rot. Prune annually in late winter to maintain an open center and promote air circulation. Requires winter chill hours (200-700 depending on variety) and warm, dry summers for fruit set. Extremely long-lived - can produce for centuries. Non-toxic to pets.",outdoorFullSun,medium,"[10, 32]",5.0,4.0,7.0,,neutral,wellDraining,nonToxic,moderate,
orange,Orange Tree,Fruits & Berries,"Evergreen citrus tree producing sweet, juicy fruits — the world's most produced citrus. Fragrant white blossoms and glossy dark green foliage.","Citrus × sinensis (Sweet orange), C. × sinensis 'Navel' (Navel orange), C. × sinensis 'Valencia' (Valencia orange, juicing variety)","Water deeply when top 2 inches of soil are dry; consistent moisture important during fruit development. Full sun essential (6-8 hours). Acidic, well-drained soil preferred. Fertilize 3-4 times per year with citrus fertilizer. Prune sparingly — mainly remove dead wood and suckers. Protect from hard frost; mature trees tolerate brief dips to -3°C. Navel oranges are best eaten fresh; Valencia is preferred for juice. Trees can fruit and flower simultaneously. Mildly toxic to pets.",outdoorFullSun,medium,"[5, 38]",7.0,5.0,7.0,10.0,acidic,wellDraining,mildlyToxic,moderate,
papaya,Papaya,Fruits & Berries,"Tropical herbaceous tree in the Caricaceae family with orange-fleshed fruits, fast-growing.",Carica papaya (Papaya),"Water regularly to keep soil consistently moist but never waterlogged - papayas have fleshy trunks that rot easily in soggy conditions. Full sun essential (6-8 hours daily). Feed heavily every 2 weeks with balanced fertilizer, as papayas are extremely fast growers that fruit within 6-12 months from seed. Excellent drainage is critical; plant on a mound if soil is heavy. Protect from wind, which can topple the shallow-rooted trunk. Cannot tolerate any frost - even brief exposure below 0°C is fatal. Toxic to pets; latex in unripe fruit and leaves is harmful. Remove dead or damaged foliage promptly.",outdoorFullSun,medium,"[10, 32]",5.0,4.0,7.0,,neutral,wellDraining,mildlyToxic,moderate,
passion-fruit,Passion Fruit,Fruits & Berries,"Tropical vine in the Passifloraceae family with tart-sweet purple or yellow fruits, exotic flavor.",Passiflora edulis (Passion fruit),"Water regularly to keep soil evenly moist during the growing season; reduce in winter. Full sun essential for maximum flowering and fruit set (6-8 hours daily). Fertilize every 4-6 weeks during the growing season with a fertilizer low in nitrogen but high in potassium and phosphorus to promote fruiting over vine growth. Provide a strong trellis or fence for climbing, as vines grow vigorously up to 20 feet per season. Most varieties need cross-pollination from a different cultivar for reliable fruit set. Fruits are ripe when they fall from the vine or the skin wrinkles. Non-toxic to pets; unripe fruit contains trace cyanide compounds. Remove dead or damaged foliage promptly.",outdoorFullSun,medium,"[10, 32]",5.0,4.0,7.0,,neutral,wellDraining,nonToxic,fast,
pawpaw,Pawpaw,Fruits & Berries,Native North American tree in the Annonaceae family with custard-like tropical-flavored fruits.,Asimina triloba (American pawpaw),"Water regularly to keep soil consistently moist - pawpaws are understory trees naturally found along stream banks and do not tolerate drought well. Partial shade when young, transitioning to full sun for fruiting as the tree matures. Fertilize in spring with a balanced organic fertilizer; avoid high-nitrogen synthetic fertilizers. Needs a different genetic individual (not just a different branch) for cross-pollination; plant at least two unrelated seedlings. Flowers are pollinated by flies and beetles, not bees - some growers hang rotting meat near blooms to attract pollinators. Fruit bruises easily and has a very short shelf life of 2-5 days. Non-toxic to pets. Remove dead, rotten, diseased leaves and the parts that may affect the good appearance",outdoorFullSun,medium,"[10, 32]",5.0,4.0,7.0,,neutral,wellDraining,nonToxic,moderate,
peach,Peach,Fruits & Berries,"Deciduous fruit trees in the Rosaceae family with fuzzy skin and sweet flesh, require winter chill.","Prunus persica (Peach), freestone and clingstone varieties, 'Elberta', 'Redhaven', 'Georgia Belle'",Deep soak weekly during growing season. Increase watering during fruit development. Mulch around base. Full sun essential (6-8 hours daily). Fertilize in early spring with fruit tree fertilizer. Prune in late winter/early spring. Most varieties are self-fertile. Thin fruit for larger peaches. Protect from late frosts during flowering. Harvest when easily twists off branch. Requires winter chill. Reduce watering when dormant in winter.,outdoorFullSun,medium,"[10, 27]",7.0,7.0,14.0,,acidic,wellDraining,nonToxic,moderate,
pear,Pear,Fruits & Berries,"Deciduous fruit trees in the Rosaceae family with sweet, juicy flesh, most varieties need cross-pollination.","Pyrus communis (European pear), P. pyrifolia (Asian pear), 'Bartlett', 'Bosc', 'Anjou', 'Asian' varieties",Deep soak weekly during growing season. Increase watering during fruit development. Mulch around base. Full sun essential (6-8 hours daily). Fertilize in early spring with fruit tree fertilizer. Prune in late winter/early spring. Most varieties need cross-pollination - plant compatible varieties. Harvest when mature but still firm - ripen off tree. Requires winter chill. Research specific type (European vs Asian) for exact requirements. Reduce watering when dormant in winter.,outdoorFullSun,medium,"[10, 27]",7.0,7.0,14.0,,neutral,wellDraining,nonToxic,moderate,
persimmon,Persimmon,Fruits & Berries,"Deciduous fruit trees in the Ebenaceae family, astringent and non-astringent varieties, popular in both USA and China.","Diospyros kaki (Asian persimmon), D. virginiana (American persimmon), 'Fuyu', 'Hachiya'",Deep soak weekly during growing season. Well-drained soil preferred. Full sun essential. Fertilize in early spring with balanced fertilizer. Prune to maintain shape. Most varieties are self-fertile. Harvest astringent varieties when very soft; non-astringent when firm. Popular in both USA and China. Requires winter chill for best fruiting. Deciduous; reduce or withhold watering when leaves drop in fall.,outdoorFullSun,medium,"[10, 27]",7.0,7.0,14.0,,neutral,wellDraining,nonToxic,moderate,
pineapple,Pineapple,Fruits & Berries,Tropical bromeliad in the Bromeliaceae family producing sweet aggregate fruits from the crown.,Ananas comosus (Pineapple),"Water sparingly, allowing soil to dry between waterings - as a bromeliad, pineapple stores water in its leaf rosette and is prone to root rot in soggy soil. Full sun essential (6-8 hours daily) for fruit production. Fertilize monthly during the growing season with a balanced liquid fertilizer, including foliar feeding by spraying into the rosette. Plant from the crown of a store-bought pineapple by twisting it off, letting the base dry for a few days, then planting in well-draining soil. Each plant produces only one fruit over 18-24 months, then produces offsets (ratoons) that will fruit again. Non-toxic to pets. Remove dead or damaged foliage promptly.",outdoorFullSun,medium,"[10, 32]",5.0,4.0,7.0,,acidic,wellDraining,nonToxic,moderate,
plantain,Plantain,Fruits & Berries,"Also known as: Cooking Banana, Plátano. Large tropical herbaceous plant producing starchy, thick-skinned fruits used as a cooked vegetable staple worldwide.","Musa x paradisiaca (Plantain), M. x paradisiaca 'Horn' (Horn plantain), M. acuminata (Dessert banana), M. balbisiana (cooking banana parent)","Full sun — 6-8 hours direct sunlight daily. Keep soil consistently moist; never let it dry out completely. Thrives at 25-30°C; cannot tolerate below 10°C. Rich, well-drained soil with high organic matter (pH 6.0-7.5). Heavy feeder — fertilize monthly with balanced fertilizer. Mulch thickly to retain moisture. Protect from wind which shreds leaves. Each stem fruits once then dies — new suckers continue the cycle. Non-toxic to pets. Remove dead or damaged foliage promptly.",outdoorFullSun,high,"[10, 38]",3.0,2.0,4.0,7.0,neutral,wellDraining,nonToxic,moderate,
plum,Plum,Fruits & Berries,"Deciduous fruit trees in the Rosaceae family with smooth skin, many varieties need cross-pollination.","Prunus domestica (European plum), P. salicina (Japanese plum), 'Santa Rosa', 'Methley', 'Stanley'",Deep soak weekly during growing season. Increase watering during fruit development. Mulch around base. Full sun essential (6-8 hours daily). Fertilize in early spring with fruit tree fertilizer. Prune in late winter/early spring. Many varieties need cross-pollination - plant compatible varieties. Thin fruit for larger plums. Harvest when fully colored and slightly soft. Requires winter chill. Reduce watering when dormant in winter.,outdoorFullSun,medium,"[10, 27]",7.0,7.0,14.0,,acidic,wellDraining,nonToxic,moderate,
pomegranate,Pomegranate,Fruits & Berries,"Deciduous fruit trees in the Lythraceae family with jewel-like seeds, drought-tolerant once established.","Punica granatum (Pomegranate), 'Wonderful', 'Eversweet', 'Ambrosia', dwarf varieties",Deep soak weekly during growing season. Drought tolerant once established. Mulch around base. Full sun essential (6-8 hours daily). Fertilize in early spring with balanced fertilizer. Prune to maintain shape. Self-fertile. Harvest when fully colored and makes metallic sound when tapped. Can be grown in containers. Requires hot summers for best fruiting. Deciduous; reduce or withhold watering when leaves drop in fall.,outdoorFullSun,low,"[18, 29]",7.0,7.0,14.0,,neutral,wellDraining,nonToxic,moderate,
pomelo,Pomelo,Fruits & Berries,"Also known as: Pummelo, Shaddock. Large citrus fruits in the Rutaceae family, largest citrus fruit, popular in China and Southeast Asia.","Citrus maxima (Pomelo, Pummelo, Shaddock), 'Chandler', 'Reinking'",Deep soak regularly during growing season. Well-drained soil essential. Full sun essential. Fertilize monthly spring through fall with citrus fertilizer. Prune to maintain size. Self-fertile. Harvest when fully yellow and fragrant. Largest citrus fruit. Require warm climates - protect from frost. Popular in China and Southeast Asia. Evergreen; reduce watering in winter when growth slows.,outdoorFullSun,medium,"[18, 29]",7.0,7.0,14.0,,neutral,wellDraining,nonToxic,moderate,
prickly-pear-fruit,Prickly Pear Fruit,Fruits & Berries,"Cactus in the Cactaceae family with edible pads and sweet, colorful fruits (tunas), drought-tolerant.",Opuntia ficus-indica (Tuna fruit),"Water very sparingly - soak soil thoroughly then allow to dry completely before watering again; in winter, suspend watering almost entirely. Full sun essential (8+ hours daily). Fertilize once in spring with a dilute cactus fertilizer or low-nitrogen blend. Do NOT mulch - prickly pear needs bare, fast-draining soil and mulch retains too much moisture causing rot. Use tongs and thick gloves when harvesting fruit (tunas), as both fruit and pads have glochids (tiny barbed spines). Extremely drought and heat tolerant once established. Pads can be rooted simply by setting a cut pad on dry soil. Non-toxic to pets; glochids can cause mechanical irritation. Remove dead or rotting sections promptly.",outdoorFullSun,medium,"[10, 32]",10.0,7.0,10.0,,neutral,wellDraining,nonToxic,moderate,
quince,Quince,Fruits & Berries,"Deciduous tree in the Rosaceae family with aromatic golden pomes, must be cooked - ideal for preserves.",Cydonia oblonga,"Water regularly during the first few years to establish; mature trees are moderately drought tolerant. Full sun essential for best fruit production (6-8 hours daily). Fertilize in early spring with a balanced fruit tree fertilizer. Prune in late winter to maintain an open, vase-shaped canopy - quince fruits on the tips of new growth, so avoid heavy heading cuts. Fruit is too hard and astringent to eat raw but becomes beautifully fragrant and turns rosy-pink when cooked into preserves, membrillo paste, or poached. Very ornamental with large pink-white spring blossoms. Susceptible to fire blight - prune affected branches 12 inches below infection. Non-toxic to pets.",outdoorFullSun,medium,"[10, 32]",5.0,4.0,7.0,,neutral,wellDraining,nonToxic,moderate,
rambutan,Rambutan,Fruits & Berries,"Tropical fruit tree producing clusters of hairy red or yellow fruits with translucent, sweet, lychee-like flesh inside—the name comes from the Malay word for hair.","Nephelium lappaceum (Rambutan, Hairy lychee, Chom chom)","Water regularly; keep soil consistently moist, especially during flowering and fruiting. Full sun for best fruit production. Very high humidity (80%+) essential—strictly tropical, no frost tolerance. Deep, well-draining, organically rich acidic soil (pH 5.0-6.5). Fertilize quarterly with balanced fertilizer; increase potassium during fruiting. Trees are either male or female—plant both for pollination or choose grafted hermaphrodite varieties. Can grow 15-25 meters; choose grafted dwarf cultivars for smaller spaces. Non-toxic to pets. Prune during dormancy. Remove dead and diseased wood. Thin to improve fruit size and air circulation.",outdoorFullSun,veryHigh,"[22, 35]",5.0,3.0,7.0,10.0,acidic,wellDraining,nonToxic,moderate,
raspberries,Raspberries,Fruits & Berries,"Also known as: Red raspberry. Perennial cane fruits in the Rosaceae family, produce fruit on second-year canes (floricane) or first-year canes (primocane) depending on variety.","Rubus idaeus (Red raspberry), R. occidentalis (Black raspberry), R. leucodermis (Blackcap raspberry), summer-bearing and everbearing varieties",Keep soil evenly moist (weekly deep watering). Water at base to avoid wetting fruit. Mulch around plants to retain moisture and suppress weeds. Full sun essential (6-8 hours daily). Fertilize in early spring with balanced fertilizer. Prune according to type - summer-bearing: remove fruited canes after harvest; everbearing: can be pruned for one or two crops. Support canes with trellis. Harvest when fully colored and easily detaches. Replace plants every 8-10 years. Deciduous varieties: reduce watering when dormant in winter.,outdoorFullSun,medium,"[16, 27]",5.0,5.0,7.0,,acidic,wellDraining,nonToxic,moderate,
starfruit,Starfruit,Fruits & Berries,"Also known as: Carambola, Star Apple, Five-Corner Fruit. Tropical fruit tree producing distinctive star-shaped cross-section fruits with a sweet-tart flavor.","Averrhoa carambola (Starfruit), A. carambola 'Arkin' (sweet), A. carambola 'Kari' (Malaysian), A. carambola 'Sri Kembangan'","Full sun — minimum 6-7 hours direct sunlight daily for fruiting. Keep soil consistently moist but never waterlogged; water deeply 2-3 times per week. Thrives at 20-35°C; young trees killed by frost, mature trees survive brief dips to -3°C. Acidic, well-drained soil (pH 5.5-6.5). Fertilize monthly during growing season. Contains high oxalic acid — toxic to those with kidney disease and mildly toxic to pets. Remove dead or damaged foliage promptly.",outdoorFullSun,high,"[0, 38]",4.0,3.0,5.0,7.0,acidic,wellDraining,mildlyToxic,moderate,
strawberries,Strawberries,Fruits & Berries,"Also known as: Garden strawberry. Low-growing perennial berry plants in the Rosaceae family, produce runners for propagation.","Fragaria × ananassa (Garden strawberry), June-bearing, everbearing, and day-neutral varieties","Keep soil evenly moist (2-3 times per week). Water at base to avoid wetting fruit which can cause rot. Mulch with straw or pine needles to keep berries clean and prevent soil contact. Full sun essential (6-8 hours daily). Fertilize in early spring and after harvest with balanced fertilizer. Remove runners first year to encourage fruiting; allow runners second year to propagate. Harvest when fully red. Replace plants every 3-4 years. Research variety type (June-bearing, everbearing, day-neutral) for exact requirements. Seasonal crop; watering varies by growing zone and harvest timing. Prune during dormancy. Remove dead and diseased wood. Thin to improve fruit size and air circulation.",outdoorFullSun,medium,"[16, 27]",3.0,3.0,5.0,,acidic,wellDraining,nonToxic,moderate,
tamarind,Tamarind,Fruits & Berries,"Also known as: Tamarindo, Indian Date. Long-lived tropical tree producing pod-like fruits with tangy pulp widely used in cuisines and beverages worldwide.","Tamarindus indica (Tamarind), T. indica 'Manila Sweet' (sweet variety), T. indica 'Bangkok Sweet'","Full sun essential — cannot grow in shade. Water regularly when young to establish deep roots; mature trees are drought-tolerant. Let soil dry between waterings. Well-drained soil; tolerates sandy, loamy, or slightly acidic conditions (pH 6.0-7.5). Thrives at 25-40°C; frost-sensitive. Slow to fruit — typically 6-8 years from seed. Fertilize annually in spring. Non-toxic to pets and humans. Remove dead or damaged foliage promptly.",outdoorFullSun,medium,"[5, 42]",5.0,4.0,7.0,14.0,neutral,wellDraining,nonToxic,moderate,
watermelon-yellow,Yellow Watermelon,Fruits & Berries,Cultivar of watermelon in the Cucurbitaceae family with sweet yellow or orange flesh instead of red.,Citrullus lanatus (Yellow flesh cultivar),"Water deeply and consistently, providing 1-2 inches per week - critical during fruit development to prevent cracking and hollow heart. Full sun essential (8+ hours daily); needs long, hot growing season. Fertilize at planting with balanced fertilizer, then switch to a low-nitrogen, high-potassium formula when vines begin to flower. Give vines plenty of room to sprawl (6-10 feet in each direction) or train on a strong trellis with sling support for fruit. Ripe when the tendril nearest the fruit turns brown and dry, and the ground spot turns creamy yellow. Mulch heavily with straw to suppress weeds and keep fruit off wet soil. Non-toxic to pets. Remove dead or damaged foliage promptly.",outdoorFullSun,medium,"[10, 32]",5.0,4.0,7.0,,neutral,wellDraining,nonToxic,moderate,
almond,Almond,Nuts & Nut Trees,"Deciduous tree in the Rosaceae family producing edible nuts inside fuzzy drupes, closely related to peach. Beautiful pink-white spring blossoms.","Prunus dulcis (Sweet almond), P. dulcis var. amara (Bitter almond)","Water deeply every 1-2 weeks during growing season; reduce in winter but do not let soil go completely dry. Full sun essential. Well-drained, sandy loam preferred — cannot tolerate waterlogged soil. Fertilize in early spring with nitrogen-rich fertilizer. Prune after harvest to maintain shape and improve air circulation. Needs 300-600 chill hours. Most varieties need a cross-pollinator. Blooms early — late frosts can destroy the crop. Bitter almond contains amygdalin (toxic); sweet almond is safe to eat. Mildly toxic to pets.",outdoorFullSun,low,"[-5, 38]",7.0,7.0,10.0,14.0,neutral,wellDraining,mildlyToxic,moderate,
cashew,Cashew,Nuts & Nut Trees,"Tropical evergreen tree in the Anacardiaceae family producing kidney-shaped nuts attached to fleshy cashew apples. Native to Brazil, now grown across the tropics.",Anacardium occidentale (Cashew),"Water regularly during establishment; mature trees tolerate dry periods. Full sun essential. Sandy, well-drained soil preferred. Fertilize 2-3 times per year with balanced fertilizer. Prune to maintain manageable height and remove dead wood. The shell contains caustic oil (urushiol, same as poison ivy) — never eat raw cashew shells. The cashew apple (pseudofruit) is edible and used for juice. Frost-sensitive — tropical climates only. Mildly toxic to pets (shell oil is irritating).",outdoorFullSun,medium,"[10, 38]",7.0,5.0,7.0,10.0,neutral,wellDraining,mildlyToxic,slow,
chestnut,Chestnut,Nuts & Nut Trees,"Majestic deciduous tree in the Fagaceae family producing starchy, edible nuts inside spiny burs. Important food tree across Europe and Asia for millennia.","Castanea sativa (European chestnut, Sweet chestnut), C. mollissima (Chinese chestnut), C. dentata (American chestnut)","Water regularly during first few years; established trees are moderately drought tolerant. Full sun essential for nut production. Acidic, well-drained, sandy loam preferred — cannot tolerate alkaline or waterlogged soil. Fertilize lightly in spring. Prune in late winter. Needs a cross-pollinator from a different variety. American chestnut was nearly wiped out by chestnut blight — Chinese chestnut is blight-resistant. Nuts are starchy (unlike most tree nuts) and can be roasted, boiled, or ground into flour. Non-toxic to pets.",outdoorFullSun,medium,"[-10, 32]",7.0,7.0,10.0,,acidic,wellDraining,nonToxic,slow,
hazelnut,Hazelnut,Nuts & Nut Trees,"Also known as: Cobnut. Deciduous shrub or small tree in the Betulaceae family producing small, round edible nuts. Wind-pollinated with distinctive catkins in late winter.","Corylus avellana (European hazelnut, Cobnut), C. maxima (Filbert), C. americana (American hazelnut)","Water regularly during establishment and nut development; mature plants are moderately drought tolerant. Full sun to partial shade. Adaptable to most well-drained soils. Fertilize once in early spring with balanced fertilizer. Prune suckers regularly to maintain tree form, or allow to grow as multi-stemmed shrub. Wind-pollinated — plant at least two different cultivars for cross-pollination. Harvest when husks turn brown and nuts fall naturally. Non-toxic to pets.",outdoorFullSun,medium,"[-10, 30]",7.0,7.0,10.0,,adaptable,wellDraining,nonToxic,slow,
macadamia,Macadamia,Nuts & Nut Trees,"Subtropical evergreen tree in the Proteaceae family native to Australia, producing premium, buttery-flavored nuts in extremely hard shells.","Macadamia integrifolia (Smooth-shelled macadamia), M. tetraphylla (Rough-shelled macadamia)","Water regularly — macadamias need consistent moisture, especially during nut development. Full sun for best production. Acidic, well-drained soil essential — does not tolerate alkaline conditions. Fertilize 3-4 times per year with citrus or avocado fertilizer. Protect from strong winds (shallow root system). Trees take 7-10 years to reach full production. Wind-pollinated but benefits from bee activity. Highly toxic to dogs — even one or two nuts can cause weakness, tremors, and hyperthermia. Toxic to pets. Remove dead or damaged foliage promptly.",outdoorFullSun,high,"[5, 35]",7.0,5.0,7.0,10.0,acidic,wellDraining,toxic,slow,
pecan,Pecan,Nuts & Nut Trees,"Large deciduous tree in the Juglandaceae family native to North America, producing rich, buttery nuts inside thin-shelled husks. Major commercial nut crop.",Carya illinoinensis (Pecan),"Water deeply and regularly, especially during nut filling (July-September) — pecans are heavy water users. Full sun essential. Deep, well-drained alluvial soil preferred. Fertilize with zinc-containing fertilizer in spring — zinc deficiency is common. Prune young trees to develop a central leader. Most varieties need a cross-pollinator (Type I × Type II). Trees can take 6-10 years to bear. Alternate bearing is common. Non-toxic to pets.",outdoorFullSun,medium,"[-5, 38]",7.0,5.0,10.0,,neutral,wellDraining,nonToxic,slow,
pistachio,Pistachio,Nuts & Nut Trees,"Deciduous tree in the Anacardiaceae family native to Central Asia, producing green-kerneled nuts that split open when ripe. Thrives in hot, arid climates.",Pistacia vera (Pistachio),"Water deeply but infrequently — pistachios are very drought tolerant once established. Full sun essential; needs hot summers. Well-drained, even alkaline soil tolerated — one of few nut trees that thrives in poor, calcareous soil. Fertilize sparingly. Dioecious — plant one male per 8-10 female trees. Trees take 5-8 years to bear. Needs both hot summers and cold winters (600+ chill hours). Alternate bearing (heavy one year, light the next). Non-toxic to pets. Remove dead or damaged foliage promptly.",outdoorFullSun,low,"[-10, 42]",10.0,7.0,14.0,,alkaline,excellentDrainage,nonToxic,slow,
walnut,Walnut,Nuts & Nut Trees,"Deciduous nut tree in the Juglandaceae family producing edible walnuts in hard shells, valued for both nuts and premium timber.","Juglans regia (English walnut, Persian walnut), J. nigra (Black walnut), J. cinerea (Butternut)","Water deeply once a week during growing season; established trees are drought tolerant. Full sun essential (6-8 hours). Well-drained, deep soil preferred — shallow or compacted soil stunts growth. Fertilize annually in early spring with balanced fertilizer. Prune in late winter when dormant to shape and remove dead wood. Black walnuts produce juglone, which is toxic to many plants — avoid planting tomatoes, apples, or azaleas within the drip line. Harvest when hulls begin to split in autumn. Trees need 400-1500 chill hours depending on variety. Mildly toxic to pets (hulls can cause GI upset).",outdoorFullSun,medium,"[-5, 35]",10.0,7.0,14.0,,neutral,wellDraining,mildlyToxic,slow,
ashwagandha,Ashwagandha,Herbs,"Also known as: Indian Ginseng, Winter Cherry, Poison Gooseberry. Adaptogenic herb from India with velvety leaves and small orange-red berries enclosed in papery husks.","Withania somnifera (Ashwagandha), W. somnifera 'Nagori' (premium root quality), W. coagulans (Indian cheese maker)","Full sun essential — minimum 6-8 hours direct sunlight. Very drought-tolerant; water only when soil is completely dry. Sandy, well-draining soil with alkaline pH (7.5-8.0). Thrives at 25-35°C; frost-sensitive below -1°C. Annual in cold climates, perennial in zones 8+. Minimal fertilizer needed. Harvest roots after first year of growth. Berries are mildly toxic — keep away from children and pets. Harvest regularly to promote bushy growth. Pinch off flower buds to extend leaf production.",outdoorFullSun,low,"[-1, 40]",7.0,7.0,10.0,,alkaline,excellentDrainage,mildlyToxic,fast,
basil,Basil,Herbs,"Also known as: Sweet basil. Annual culinary herb in the Lamiaceae family with aromatic leaves, essential in Mediterranean and Asian cuisines.","Ocimum basilicum (Sweet basil, Genovese basil), O. basilicum 'Purple', O. tenuiflorum (Holy basil, Tulsi), Thai basil",Keep soil evenly moist (2-3 times per week). Water at base to avoid wetting leaves. Well-drained soil essential. Full sun preferred (6-8 hours daily). Fertilize every 3-4 weeks with balanced fertilizer. Pinch flowers immediately to prolong leaf production. Harvest regularly by pinching tips to encourage bushy growth. Very sensitive to cold - plant after last frost. Annual - replant each season.,outdoorFullSun,medium,"[18, 27]",3.0,3.0,5.0,,neutral,wellDraining,nonToxic,fast,
bay-laurel,Bay Laurel,Herbs,"Also known as: Bay leaf. Evergreen tree in the Lauraceae family with aromatic leaves used in soups, stews, and Mediterranean cooking. Can be grown as a container tree or shaped hedge.",Laurus nobilis (Bay leaf),"Water when top inch of soil is dry. Full sun preferred. Fertilize regularly during growing season. Harvest leaves as needed; dry before storing. Mulch to retain moisture. Mildly toxic to pets if ingested. Cut useless and excessively grown top branches, keep the height of the whole plant at about 3.5m",outdoorFullSun,medium,"[10, 32]",5.0,4.0,7.0,,neutral,wellDraining,mildlyToxic,fast,
borage,Borage,Herbs,"Also known as: Starflower. Annual herb in the Boraginaceae family with edible blue flowers and cucumber-flavored leaves. Used in salads, drinks, and as a companion plant for tomatoes and squash.",Borago officinalis (Starflower),"Water moderately, allowing soil to dry slightly between waterings - borage is fairly drought tolerant once established. Full sun to partial shade (6+ hours daily). Fertilizing is generally unnecessary; borage thrives in poor to average soil and excess nitrogen produces leggy growth with fewer flowers. Sow seeds directly outdoors as borage has a long taproot and resents transplanting. Self-seeds prolifically - deadhead to control spread, or allow it to naturalize. Harvest young leaves (older leaves become prickly) and blue star-shaped flowers for salads and garnishes. Non-toxic to pets; flowers and young leaves are edible.",outdoorFullSun,medium,"[10, 32]",5.0,4.0,7.0,,neutral,wellDraining,nonToxic,fast,
cardamom,Cardamom,Herbs,Also known as: Green cardamom. Spice plant in the ginger family with aromatic seeds used in cooking and chai.,"Elettaria cardamomum (Green cardamom, True cardamom), Amomum subulatum (Black cardamom)",Keep soil consistently moist. High humidity. Partial shade. Warm temperatures. Harvest seed pods when green and before splitting. Tropical perennial. Remove dead or damaged foliage promptly.,outdoorPartialSun,high,"[18, 30]",4.0,4.0,6.0,10.0,neutral,moistureRetentive,nonToxic,fast,
catnip,Catnip,Herbs,Perennial herb in the Lamiaceae family with gray-green leaves. Known for attracting cats; leaves can be used in tea or as a calming herb for humans.,Nepeta cataria (Catnip),"Water moderately, allowing soil to dry between waterings - catnip is drought tolerant and prefers not to sit in wet soil. Full sun to partial shade (4-6 hours daily). Fertilize sparingly or not at all; rich soil and heavy feeding reduce the essential oil concentration that gives catnip its potency. Cut back by one-third after the first flush of flowers to encourage a second bloom. Be aware that cats will roll in, chew, and crush the plants - consider a protective cage if growing for harvest. Spreads by both runners and self-seeding; contain in pots or harvest frequently to control. Non-toxic to pets; the nepetalactone compound is safe and acts as a stimulant for cats.",outdoorFullSun,medium,"[10, 32]",5.0,4.0,7.0,,neutral,wellDraining,nonToxic,fast,
chamomile,Chamomile,Herbs,Herb in the Asteraceae family with daisy-like flowers used for soothing tea. German chamomile is annual; Roman chamomile is perennial. Both have apple-scented foliage.,Matricaria chamomilla (German chamomile),"Water regularly but lightly, keeping soil slightly moist - chamomile has shallow roots but does not like soggy soil. Full sun to partial shade (4-6 hours daily). Fertilizing is generally unnecessary and can reduce flower production and essential oil concentration. Sow seeds on the soil surface (they need light to germinate) in spring or fall. Harvest flower heads when petals begin to fold back from the center, typically in the morning after dew has dried. German chamomile is annual and self-seeds freely; Roman chamomile is a low-growing perennial useful as a fragrant ground cover. Non-toxic to pets; may cause reactions in those with ragweed allergies. After flowering remove the withered flowers, the part on the ground will wither in winter, the plant germinates again in spring",outdoorFullSun,medium,"[10, 32]",5.0,4.0,7.0,,neutral,wellDraining,nonToxic,fast,
chervil,Chervil,Herbs,Cool-season annual herb in the Apiaceae family with delicate anise- and parsley-like flavor. Essential in French fines herbes. Best in spring and fall; bolts in heat.,Anthriscus cerefolium (French parsley),"Water regularly to keep soil consistently moist - chervil bolts quickly if stressed by drought. Partial shade is essential, NOT full sun; chervil is one of the few herbs that actually prefers and needs shade, especially in warm climates. Fertilize lightly once a month with a balanced liquid fertilizer. Sow seeds directly outdoors in early spring or late summer/fall, as chervil dislikes transplanting and heat. Best treated as a cool-season crop; it bolts rapidly in temperatures above 24°C. Harvest outer leaves regularly, cutting stems at the base. Flavor is delicate and lost when cooked - add fresh at the end. Non-toxic to pets. Harvest regularly to promote bushy growth. Pinch off flower buds to extend leaf production.",outdoorFullSun,medium,"[10, 32]",5.0,4.0,7.0,,neutral,wellDraining,nonToxic,fast,
chinese-chives,Chinese Chives,Herbs,"Also known as: Nira. Perennial herbs in the Amaryllidaceae family with flat leaves and garlic flavor, essential in Chinese cuisine.","Allium tuberosum (Chinese chives, Garlic chives, Gow choy, Nira)",Keep soil evenly moist (2-3 times per week). Well-drained soil preferred. Full sun to partial shade. Fertilize monthly with balanced fertilizer. Harvest by cutting leaves at base. Divide every 3-4 years. Perennial - returns each year. Garlic flavor. Essential in Chinese cuisine. Can be grown in containers. Edible white flowers. Herbaceous perennials die back; reduce watering when dormant. Remove dead or damaged foliage promptly.,outdoorFullSun,medium,"[10, 27]",3.0,3.0,5.0,,neutral,wellDraining,nonToxic,fast,
chives,Chives,Herbs,"Perennial herbs in the Amaryllidaceae family with hollow, grass-like leaves, easy to grow.","Allium schoenoprasum (Chives), common chives",Keep soil evenly moist (2-3 times per week). Well-drained soil preferred. Full sun to partial shade. Fertilize monthly with balanced fertilizer. Harvest by cutting leaves at base. Divide every 3-4 years. Perennial - returns each year. Easy to grow. Can be grown in containers. Edible purple flowers. Reduce watering in winter when growth slows. Remove dead or damaged foliage promptly.,outdoorFullSun,medium,"[10, 27]",3.0,3.0,5.0,,neutral,wellDraining,nonToxic,fast,
cilantro,Cilantro,Herbs,"Also known as: Coriander, Chinese parsley. Annual herb in the Apiaceae family, leaves (cilantro) and seeds (coriander) are both used, bolts quickly in heat.","Coriandrum sativum (Cilantro, Coriander, Chinese parsley)",Keep soil evenly moist (2-3 times per week). Consistent moisture prevents bolting. Well-drained soil preferred. Full sun to partial shade. Prefer cooler temperatures - plant in spring or fall. Fertilize every 3-4 weeks with balanced fertilizer. Harvest leaves regularly. Bolts quickly in heat - provide shade in summer or plant in fall. Annual - replant each season. Seeds (coriander) can be harvested when brown. Remove dead or damaged foliage promptly.,outdoorPartialSun,medium,"[10, 21]",3.0,3.0,5.0,,neutral,wellDraining,nonToxic,fast,
comfrey,Comfrey,Herbs,Perennial herb in the Boraginaceae family with large hairy leaves. Traditionally used externally for bruises and sprains. Contains pyrrolizidine alkaloids—do not ingest; mild toxicity to pets.,Symphytum officinale,Water when top inch of soil is dry. Full sun preferred. Fertilize regularly. Use as compost activator or mulch. Do not consume internally. Mildly toxic to pets when ingested. Harvest regularly to promote bushy growth. Pinch off flower buds to extend leaf production.,outdoorFullSun,medium,"[10, 32]",5.0,4.0,7.0,,neutral,wellDraining,mildlyToxic,fast,
cumin,Cumin,Herbs,"Annual herb in the Apiaceae family cultivated for its small, aromatic seeds — the second most popular spice worldwide after black pepper. Essential in Indian, Mexican, and Middle Eastern cuisines.",Cuminum cyminum (Cumin),"Water moderately — keep soil evenly moist during germination and early growth, then reduce. Overwatering causes root rot. Full sun essential; needs long, hot growing season (3-4 months frost-free). Well-drained, sandy loam soil. Direct sow after last frost — does not transplant well. Seeds mature when plants turn brown; harvest entire plant and dry upside down. Flavor is much stronger when seeds are toasted before use. Non-toxic to pets. Remove dead or damaged foliage promptly.",outdoorFullSun,low,"[15, 35]",3.0,3.0,5.0,,neutral,wellDraining,nonToxic,fast,
dill,Dill,Herbs,"Annual herbs in the Apiaceae family with feathery leaves and seeds, both leaves and seeds are used.","Anethum graveolens (Dill), 'Bouquet', 'Fernleaf', 'Mammoth'",Keep soil evenly moist (2-3 times per week). Well-drained soil preferred. Full sun essential. Fertilize every 3-4 weeks with balanced fertilizer. Harvest leaves regularly. Harvest seeds when brown. Can bolt in heat - plant in spring or fall. Both leaves and seeds are used. Attracts beneficial insects. Annual - replant each season. Remove dead or damaged foliage promptly.,outdoorFullSun,medium,"[16, 24]",3.0,3.0,5.0,,neutral,wellDraining,nonToxic,fast,
epazote,Epazote,Herbs,"Annual herb in the Amaranthaceae family with a pungent, medicinal flavor. Traditional in Mexican bean dishes to reduce gas. Used sparingly due to strong flavor.",Dysphania ambrosioides (Mexican tea),"Water sparingly, allowing soil to dry between waterings - epazote is drought tolerant and actually produces more aromatic oils under slightly dry conditions. Full sun preferred (6-8 hours daily). Fertilizing is unnecessary; epazote thrives in poor, well-draining soil and excessive nutrients reduce flavor intensity. Self-seeds very aggressively and can become weedy - deadhead before seeds mature or grow in containers. Use leaves sparingly in cooking, as the flavor is very strong and the plant contains toxic compounds (ascaridole) that are harmful in large quantities. Harvest young leaves, which are milder than mature foliage. Toxic to pets in large quantities; contains ascaridole which is harmful if ingested in excess.",outdoorFullSun,medium,"[10, 32]",5.0,4.0,7.0,,neutral,wellDraining,mildlyToxic,fast,
fennel-herb,Herb Fennel,Herbs,"Tall, feathery herb with an anise-like flavor used in Mediterranean cooking, producing edible fronds, seeds, pollen, and a crunchy bulb in the Florence variety.","Foeniculum vulgare (Sweet fennel, Common fennel), F. vulgare var. azoricum (Florence fennel, Finocchio), F. vulgare 'Purpureum' (Bronze fennel)","Keep soil evenly moist; water regularly in hot weather. Full sun essential—at least 6 hours daily. Medium humidity fine. Deep, well-draining, fertile soil. Fertilize at planting with compost; side-dress with balanced fertilizer mid-season. Do not plant near dill—they cross-pollinate and produce poor-flavored seeds. Hill soil around Florence fennel bulbs to blanch them. Attracts swallowtail butterfly caterpillars. Mildly toxic to pets in large amounts. Remove dead or damaged foliage promptly.",outdoorFullSun,medium,"[-10, 30]",5.0,5.0,7.0,,neutral,wellDraining,mildlyToxic,fast,
ginger,Ginger,Herbs,"Rhizomatous herbs in the Zingiberaceae family, essential spice in Chinese cuisine, can be grown from store-bought rhizomes.","Zingiber officinale (Ginger), common ginger, young ginger","Keep soil evenly moist but not waterlogged. Well-drained, rich soil preferred. Partial shade preferred - avoid direct hot sun. Fertilize monthly with balanced fertilizer. Plant rhizome pieces with eyes pointing up. Harvest when leaves die back (8-10 months). Can be grown in containers. Essential spice in Chinese cuisine. Rhizomes can be harvested partially. Reduce watering in winter when growth slows. Remove dead or damaged foliage promptly.",outdoorPartialSun,high,"[21, 29]",3.0,3.0,5.0,,neutral,wellDraining,nonToxic,fast,
ginseng,Ginseng,Herbs,"Also known as: Asian Ginseng, Korean Ginseng, Red Ginseng. Slow-growing woodland herb prized for its fleshy root used in traditional medicine for centuries.","Panax ginseng (Asian ginseng), P. quinquefolius (American ginseng), P. notoginseng (Sanqi), P. ginseng 'Chunpoong'","Deep shade essential — 80% shade mimicking forest understory. Keep soil consistently moist but well-drained; never waterlogged. Prefers cool temperatures (18-21°C) and needs a winter cold period. Rich, loamy soil with high organic matter; pH 5.5-6.5. Extremely slow-growing — roots mature in 4-6 years. Do not fertilize. Susceptible to fungal diseases in humid conditions. Non-toxic to pets and humans. Harvest regularly to promote bushy growth. Pinch off flower buds to extend leaf production.",outdoorShade,high,"[-10, 30]",5.0,4.0,7.0,,acidic,wellDraining,nonToxic,fast,
holy-basil,Holy Basil,Herbs,"Also known as: Tulsi. Annual herb in the Lamiaceae family, sacred in Hinduism. Aromatic leaves with clove-like flavor used in Thai cuisine and Ayurvedic medicine. Different from sweet basil.","Ocimum tenuiflorum (Tulsi, Holy basil)","Water regularly to keep soil evenly moist but not waterlogged - holy basil likes consistent moisture but is more drought tolerant than sweet basil. Full sun essential (6-8 hours daily). Fertilize every 3-4 weeks with a balanced organic fertilizer; avoid heavy nitrogen which reduces the aromatic essential oil content. Pinch flower buds to prolong leaf harvest, though the purple flowers are also edible and attractive to pollinators. Unlike sweet basil, holy basil (tulsi) has a more clove-like, peppery flavor and is traditionally used in Thai stir-fries and Ayurvedic teas rather than Italian cuisine. Grows as a perennial in tropical zones but is treated as an annual in temperate climates. Non-toxic to pets.",outdoorFullSun,medium,"[10, 32]",5.0,4.0,7.0,,neutral,wellDraining,nonToxic,fast,
indoor-herbs,Indoor Herbs,Herbs,"Culinary herbs grown indoors, require good drainage and regular harvesting to encourage bushy growth.","Ocimum basilicum (Basil, Sweet basil), Mentha (Mint, Spearmint, Peppermint), Thymus (Thyme), Rosmarinus (Rosemary), Petroselinum (Parsley)",Keep soil evenly moist but well-drained. Allow top inch to dry slightly between waterings. Avoid waterlogged soil - excellent drainage essential. Bright indirect to direct light (4-6 hours daily minimum). Medium humidity (40-50%) is fine. Fertilize monthly with balanced fertilizer at half strength. Harvest regularly to encourage bushy growth - pinch tips. Pinch flowers to prolong leaf production. Repot annually. Research specific herb for exact requirements.,brightIndirect,medium,"[16, 24]",3.0,3.0,5.0,7.0,neutral,wellDraining,unknown,fast,
lavender-herb,Culinary Lavender,Herbs,"Beloved aromatic herb with silvery-green foliage and fragrant purple flower spikes prized for culinary use, essential oils, sachets, and ornamental garden borders.","Lavandula angustifolia (English lavender, True lavender), L. stoechas (French lavender, Spanish lavender), L. x intermedia (Lavandin, Grosso lavender)","Drought-tolerant once established; water deeply but infrequently, allowing soil to dry between waterings. Full sun essential—at least 6-8 hours daily. Low humidity preferred; good air circulation prevents fungal disease. Well-draining, slightly alkaline soil (add lime to acidic soils). Avoid rich fertilizer—lean soil concentrates fragrance. Prune after flowering by cutting back one-third; never cut into old wood. Mildly toxic to pets if ingested in large quantities.",outdoorFullSun,low,"[-10, 35]",7.0,7.0,10.0,,alkaline,excellentDrainage,mildlyToxic,moderate,
lemon-balm,Lemon Balm,Herbs,"Perennial herb in the Lamiaceae family with lemon-scented leaves. Used in tea, salads, and desserts. Spreads readily; can be invasive. Attracts bees.",Melissa officinalis (Lemon balm),"Water regularly to keep soil evenly moist, but lemon balm is quite forgiving of occasional drought once established. Full sun to partial shade (4-6 hours daily); some afternoon shade in hot climates prevents leaf scorching. Fertilize sparingly - once or twice per season with compost or dilute balanced fertilizer is sufficient. Warning: lemon balm spreads extremely aggressively by both runners and self-seeding; grow in containers or use root barriers to prevent it from taking over the garden. Harvest frequently by cutting stems back to a leaf node, which keeps plants bushy and delays flowering. Cut the entire plant back by half in midsummer to rejuvenate growth. Non-toxic to pets. Remove dead and pest-infested branches frequently",outdoorFullSun,medium,"[10, 32]",5.0,4.0,7.0,,neutral,wellDraining,nonToxic,fast,
lemongrass,Lemongrass,Herbs,"Perennial grasses in the Poaceae family with lemony flavor, popular in Asian cuisine, can be grown in containers.","Cymbopogon citratus (Lemongrass, West Indian lemongrass), C. flexuosus (East Indian lemongrass)","Keep soil evenly moist (2-3 times per week). Well-drained, rich soil preferred. Full sun preferred. Fertilize monthly with nitrogen-rich fertilizer. Harvest outer stalks at base. Divide every 2-3 years. Perennial in warm climates - treat as annual in cold. Can be grown in containers. Lemony flavor. Popular in Asian cuisine. Reduce watering in winter when growth slows. Remove dead or damaged foliage promptly.",outdoorFullSun,medium,"[21, 29]",3.0,3.0,5.0,,neutral,wellDraining,nonToxic,fast,
lovage,Lovage,Herbs,"Tall perennial herb in the Apiaceae family with celery-like flavor. Leaves, stems, and seeds used in soups and stocks. Often grown as a substitute for celery.",Levisticum officinale,"Water regularly to keep soil consistently moist - lovage is a moisture-loving plant with deep roots. Full sun to partial shade (4-6 hours daily); appreciates afternoon shade in hot climates. Fertilize in early spring with compost or balanced fertilizer; lovage is a vigorous perennial that benefits from rich soil. Be prepared for its size - lovage grows 4-6 feet tall and should be placed at the back of the herb garden. Cut flower stalks before they bloom to direct energy into leaf production, unless saving seed. All parts are edible with an intense celery-like flavor: use leaves in soups and stews, hollow stems as savory straws, seeds as a spice, and roots as a cooked vegetable. Non-toxic to pets; may cause photosensitivity in some animals with heavy consumption. Remove dead or damaged foliage promptly.",outdoorFullSun,medium,"[10, 32]",5.0,4.0,7.0,,neutral,wellDraining,nonToxic,fast,
marjoram,Marjoram,Herbs,"Also known as: Sweet marjoram. Tender perennial herb in the Lamiaceae family with a sweeter, milder flavor than oregano. Essential in Greek and Middle Eastern cooking. Often grown as annual in cold climates.",Origanum majorana (Sweet marjoram),"Water moderately, allowing the top inch of soil to dry between waterings - marjoram prefers slightly drier conditions than most herbs and is susceptible to root rot in wet soil. Full sun essential (6-8 hours daily). Fertilize lightly every 4-6 weeks with a dilute liquid fertilizer; over-feeding diminishes the delicate sweet aroma. Harvest before flowers open for the strongest flavor by cutting stems back to a leaf pair. Tender perennial (hardy only to about -1°C); in cold climates grow as an annual or bring containers indoors for winter. Often confused with oregano but has a sweeter, milder, more floral flavor. Excellent for drying - hang bundles upside down in a warm, airy spot. Non-toxic to pets. Remove dead or damaged foliage promptly.",outdoorFullSun,medium,"[10, 32]",5.0,4.0,7.0,,neutral,wellDraining,nonToxic,fast,
mint,Mint,Herbs,"Perennial herbs in the Lamiaceae family with aromatic leaves, can be invasive, spreads by runners.","Mentha spicata (Spearmint), M. × piperita (Peppermint), M. suaveolens (Apple mint), M. × villosa (Apple mint)",Keep soil evenly moist (2-3 times per week). Prefer consistently moist but well-drained soil. Full sun to partial shade. Fertilize monthly with balanced fertilizer. Harvest regularly to control growth. Very invasive - grow in containers or use barriers to contain. Spreads by runners. Can be grown indoors or outdoors. Perennial but may die back in winter. Reduce watering in winter when growth slows. Remove dead or damaged foliage promptly.,outdoorPartialSun,medium,"[16, 27]",3.0,3.0,5.0,,neutral,moistureRetentive,nonToxic,fast,
oregano,Oregano,Herbs,"Also known as: Wild marjoram. Perennial herbs in the Lamiaceae family with pungent leaves, essential in Mediterranean cuisine.","Origanum vulgare (Oregano, Wild marjoram), O. vulgare subsp. hirtum (Greek oregano)",Water when soil is dry (every 1-2 weeks once established). Well-drained soil essential. Drought tolerant once established. Full sun preferred (6-8 hours daily). Fertilize sparingly in spring. Harvest regularly by cutting stems. Pinch flowers to prolong leaf production. Perennial - may need protection in very cold climates. Flavor intensifies when dried. Reduce watering in winter when growth slows.,outdoorFullSun,low,"[16, 24]",7.0,10.0,14.0,,neutral,wellDraining,nonToxic,fast,
parsley,Parsley,Herbs,"Also known as: Curly parsley. Biennial herbs in the Apiaceae family, most commonly used as annual, curly and flat-leaf varieties.","Petroselinum crispum (Curly parsley), P. crispum var. neapolitanum (Flat-leaf parsley, Italian parsley)",Keep soil evenly moist (2-3 times per week). Well-drained soil preferred. Full sun to partial shade. Fertilize every 3-4 weeks with balanced fertilizer. Harvest outer leaves regularly to encourage new growth. Biennial but usually grown as annual. Flat-leaf has stronger flavor. Can be grown indoors. Very common culinary herb. Mildly toxic to pets in large amounts. Reduce watering in winter when growth slows. Remove dead or damaged foliage promptly.,outdoorPartialSun,medium,"[10, 24]",3.0,3.0,5.0,,neutral,wellDraining,mildlyToxic,fast,
peppermint,Peppermint,Herbs,"Vigorous aromatic herb with dark green leaves edged in purple and a strong, cooling menthol flavor used in teas, desserts, cocktails, and herbal remedies.","Mentha x piperita (Peppermint), M. x piperita 'Chocolate' (Chocolate mint), M. x piperita citrata (Orange mint)","Keep soil consistently moist; never let it dry out. Partial sun to partial shade—4-6 hours of sun ideal. Medium humidity fine. Rich, moisture-retentive soil. Fertilize monthly with balanced liquid fertilizer during growing season. Extremely invasive—always grow in containers to prevent spreading. Pinch tips regularly to promote bushy growth and prevent flowering. Harvest frequently; flavor is best just before flowering. Mildly toxic to pets (menthol can cause gastrointestinal upset).",outdoorPartialSun,medium,"[-10, 30]",3.0,3.0,5.0,,neutral,moistureRetentive,mildlyToxic,fast,
sage,Sage,Herbs,"Also known as: Garden sage. Perennial herbs in the Lamiaceae family with gray-green leaves, drought-tolerant once established.","Salvia officinalis (Common sage, Garden sage), 'Berggarten', 'Purple', 'Tricolor'",Water when soil is dry (every 1-2 weeks once established). Well-drained soil essential. Drought tolerant once established. Full sun preferred. Fertilize sparingly in spring. Harvest leaves regularly. Prune to maintain shape. Perennial - may need protection in very cold climates. Strong flavor - use sparingly in cooking. Reduce watering in winter when growth slows.,outdoorFullSun,low,"[16, 24]",7.0,10.0,14.0,,neutral,wellDraining,nonToxic,fast,
savory,Savory,Herbs,"Also known as: Summer savory. Herb in the Lamiaceae family with peppery, thyme-like flavor. Summer savory is annual; winter savory is perennial. Traditional in bean dishes and stuffings.",Satureja hortensis (Summer savory),"Water moderately, allowing soil to dry slightly between waterings - savory prefers lean, well-drained conditions similar to other Mediterranean herbs. Full sun essential (6-8 hours daily). Fertilize sparingly or not at all; poor to average soil actually intensifies the peppery, thyme-like flavor. Summer savory (Satureja hortensis) is an annual with a milder flavor; winter savory (S. montana) is a hardy perennial with a stronger, more pungent taste. Harvest summer savory before flowering for best flavor; winter savory can be clipped year-round. Both types make excellent companion plants for beans and are traditionally used in bean dishes to aid digestion. Non-toxic to pets. Remove yellowing or damaged leaves promptly.",outdoorFullSun,medium,"[10, 32]",5.0,4.0,7.0,,neutral,wellDraining,nonToxic,fast,
shiso,Shiso,Herbs,"Annual herb in the Lamiaceae family with a mint-basil flavor. Green and red varieties used in Japanese, Korean, and Vietnamese cuisine. Essential for sushi and banchan.","Perilla frutescens (Shiso, Japanese perilla)","Water regularly to keep soil consistently moist but not waterlogged. Full sun to partial shade (4-6 hours daily); some afternoon shade in hot climates prevents wilting and bitterness. Fertilize every 3-4 weeks with a balanced liquid fertilizer at half strength. Pinch growing tips regularly to encourage bushy growth and delay flowering. Available in green and red (purple) varieties - red shiso is used for coloring umeboshi and shiso juice, while green shiso is preferred fresh for sushi, sashimi, and rice wraps. Self-seeds freely and can become weedy if allowed to go to seed; deadhead or harvest before seed set. Direct sow after last frost as shiso resents transplanting. Non-toxic to pets.",outdoorFullSun,medium,"[10, 32]",5.0,4.0,7.0,,neutral,wellDraining,nonToxic,fast,
sorrel,Sorrel,Herbs,"Also known as: Garden sorrel. Perennial herb in the Polygonaceae family with tangy, lemony leaves from oxalic acid. Used in soups, salads, and sauces. French sorrel has milder flavor.",Rumex acetosa (Garden sorrel),Water regularly to keep soil evenly moist - sorrel's flavor becomes excessively sour and leaves turn tough in dry conditions. Full sun to partial shade (4-6 hours daily); benefits from afternoon shade in hot climates. Fertilize lightly in spring with compost or balanced fertilizer; too much nitrogen encourages excessive leaf growth with reduced flavor. Remove flower stalks promptly to prolong leaf harvest and prevent the plant from going to seed. A hardy perennial that returns reliably each spring and can be harvested for many years from the same clump. Leaves contain oxalic acid giving the signature tangy flavor - avoid consuming in very large quantities or if prone to kidney stones. Non-toxic to pets in small amounts; large quantities may cause issues due to oxalic acid. Remove dead and pest-infested branches frequently,outdoorFullSun,medium,"[10, 32]",5.0,4.0,7.0,,neutral,wellDraining,nonToxic,fast,
st-johns-wort,St. John's Wort,Herbs,"Also known as: Klamath Weed, Goatweed. Sun-loving perennial herb with bright yellow star-shaped flowers, widely used in traditional medicine for mood support.","Hypericum perforatum (Common St. John's wort), H. calycinum (Rose of Sharon), H. 'Hidcote' (shrubby), H. androsaemum (Tutsan)","Full sun for maximum flowering — tolerates partial shade. Drought-tolerant once established; water occasionally during dry spells. Adapts to most soil types including poor, sandy, or rocky soils. Well-drained soil preferred. Hardy to -20°C. Can become invasive — deadhead to prevent self-seeding. Contains hypericin which causes photosensitivity in livestock — toxic to horses and cattle. Mildly toxic to dogs and cats.",outdoorFullSun,low,"[-10, 35]",7.0,7.0,14.0,,adaptable,wellDraining,mildlyToxic,fast,
stevia,Stevia,Herbs,"Tender perennial herb in the Asteraceae family. Leaves are intensely sweet—used as natural sugar substitute. Native to Paraguay; needs warm, frost-free climate.",Stevia rebaudiana (Stevia),"Water regularly to keep soil consistently moist but well-drained - stevia does not tolerate drought well, nor does it like sitting in water. Full sun to partial shade (6+ hours daily). Fertilize every 2-3 weeks during the growing season with a balanced fertilizer at half strength; avoid high-nitrogen formulas which dilute the sweet flavor. Pinch growing tips regularly to encourage bushy growth and more leaf production. Harvest leaves before flowering for maximum sweetness; once the plant blooms, leaves become less sweet and may turn bitter. Tender perennial hardy only to about 40°F (4°C); grow as an annual in cold climates or overwinter indoors. Leaves can be dried and ground into powder for a natural sweetener. Non-toxic to pets.",outdoorFullSun,medium,"[10, 32]",5.0,4.0,7.0,,neutral,wellDraining,nonToxic,fast,
tarragon,Tarragon,Herbs,Perennial herb in the Asteraceae family with anise-like flavor. French tarragon is the culinary standard; propagated by division. Essential in béarnaise and fines herbes.,Artemisia dracunculus (French tarragon),"Water moderately, allowing soil to dry slightly between waterings - French tarragon prefers lean, well-drained conditions and will develop root rot in heavy, wet soil. Full sun to partial shade (6+ hours daily); tolerates light afternoon shade. Fertilize sparingly, once or twice per season with dilute balanced fertilizer; rich soil diminishes the distinctive anise flavor. French tarragon does NOT produce viable seed and must be propagated by root division or cuttings - if you see tarragon seeds for sale, they are Russian tarragon which has inferior flavor. Divide plants every 3-4 years in spring to maintain vigor. Harvest regularly to encourage new growth; flavor is strongest just before flowering. Non-toxic to pets. Harvest regularly to promote bushy growth. Pinch off flower buds to extend leaf production.",outdoorFullSun,medium,"[10, 32]",5.0,4.0,7.0,,neutral,wellDraining,nonToxic,fast,
tea-plant,Tea Plant,Herbs,"Evergreen shrub whose leaves produce black, green, oolong, and white tea.","Camellia sinensis (Tea plant, Tea shrub), C. sinensis var. assamica",Acidic soil (pH 4.5-5.5). Partial shade in hot climates. Avoid hard frost. Harvest young leaves (two leaves and a bud). Prune to encourage bush growth.,outdoorPartialSun,high,"[15, 27]",5.0,5.0,7.0,10.0,acidic,wellDraining,nonToxic,fast,
thyme,Thyme,Herbs,"Also known as: Garden thyme. Perennial herbs in the Lamiaceae family with small aromatic leaves, drought-tolerant once established.","Thymus vulgaris (Common thyme, Garden thyme), T. citriodorus (Lemon thyme), T. serpyllum (Creeping thyme)",Water when soil is dry (every 1-2 weeks once established). Well-drained soil essential. Drought tolerant once established. Full sun preferred (6-8 hours daily). Fertilize sparingly in spring. Harvest regularly by cutting stems. Can be grown as groundcover or in containers. Perennial - may need protection in very cold climates. Reduce watering in winter when growth slows. Remove yellowing or damaged leaves promptly.,outdoorFullSun,low,"[16, 24]",7.0,10.0,14.0,,neutral,wellDraining,nonToxic,fast,
turmeric,Turmeric,Herbs,"Rhizomatous herbs in the Zingiberaceae family, related to ginger, popular spice and natural dye.","Curcuma longa (Turmeric), common turmeric","Keep soil evenly moist but not waterlogged. Well-drained, rich soil preferred. Partial shade preferred. Fertilize monthly with balanced fertilizer. Plant rhizome pieces. Harvest when leaves die back (8-10 months). Can be grown in containers. Related to ginger. Popular spice and natural dye. Requires warm climate - protect from frost. Reduce watering in winter when growth slows. Remove dead or damaged foliage promptly.",outdoorPartialSun,high,"[21, 29]",3.0,3.0,5.0,,neutral,wellDraining,nonToxic,fast,
vietnamese-coriander,Vietnamese Coriander,Herbs,"Perennial herb in the Polygonaceae family with spicy, cilantro-like flavor. Essential in Vietnamese pho and salads. Not a true coriander; thrives in warm, moist conditions.",Persicaria odorata (Rau ram),"Water frequently and abundantly - Vietnamese coriander is a semi-aquatic plant that thrives in consistently wet to boggy conditions and will wilt rapidly if allowed to dry out. Partial shade to full shade (3-5 hours of sun daily); unlike most herbs, it prefers shade and its leaves scorch in intense direct sun. Fertilize every 2-3 weeks with a balanced liquid fertilizer during the growing season. An excellent cilantro substitute in hot climates since it does not bolt in heat. Propagates effortlessly from stem cuttings placed in water. Grows as a spreading ground cover in tropical areas; in temperate zones, bring containers indoors before frost as it is not frost hardy. Non-toxic to pets. Remove dead or damaged foliage promptly.",outdoorFullSun,medium,"[10, 32]",5.0,4.0,7.0,,neutral,wellDraining,nonToxic,fast,
wasabi,Wasabi,Herbs,"Prized in Japanese cuisine for its pungent, sinus-clearing flavor. Notoriously difficult to grow — requires cool, shady, humid conditions with clean running water.","Eutrema japonicum (syn. Wasabia japonica; Wasabi, Japanese horseradish)",Keep soil consistently moist — grows naturally along mountain stream beds. Cool shade essential; cannot tolerate heat above 20°C or direct sun. Very high humidity required. Extremely slow growing — takes 18-24 months to produce a usable rhizome. Non-toxic. Harvest regularly to promote bushy growth. Pinch off flower buds to extend leaf production.,outdoorShade,veryHigh,"[8, 20]",3.0,3.0,5.0,7.0,acidic,moistureRetentive,nonToxic,fast,
alfalfa,Alfalfa,Farm & Field Crops,Perennial legume in the Fabaceae family. Major forage crop for hay and grazing. Nitrogen-fixing; deep roots. Also grown for sprouting.,Medicago sativa (Alfalfa),"Full sun. Well-drained, neutral to alkaline soil. Drought tolerant once established. Harvest hay at 10% bloom. Inoculate seed with rhizobia. Remove flower stems and any damaged or rotting leaves promptly.",outdoorFullSun,medium,"[10, 32]",7.0,7.0,10.0,,neutral,wellDraining,nonToxic,fast,
amaranth-grain,Grain Amaranth,Farm & Field Crops,Pseudo-cereal in the Amaranthaceae family. Gluten-free grain; seeds high in protein. Drought tolerant. Ancient crop of the Americas.,Amaranthus cruentus,Full sun. Well-drained soil. Warm-season crop. Harvest when seed heads dry and seeds rattle. Thresh when fully dry. Remove dead or damaged foliage promptly.,outdoorFullSun,low,"[18, 38]",7.0,7.0,10.0,,neutral,wellDraining,nonToxic,fast,
barley,Barley,Farm & Field Crops,"Annual grass in the Poaceae family. Cereal grain for malt, feed, and food. Spring and winter types. Tolerates cooler climates than wheat.",Hordeum vulgare (Barley),Full sun. Well-drained soil. Cool-season crop. Harvest when heads bend and kernels hard. Two-row and six-row varieties. Remove dead or damaged foliage promptly.,outdoorFullSun,medium,"[5, 25]",5.0,7.0,10.0,,neutral,wellDraining,nonToxic,fast,
black-pepper,Black Pepper,Farm & Field Crops,"Tropical climbing vine in the Piperaceae family — the world's most traded spice. Produces clusters of small drupes that are dried to make black, white, or green peppercorns.","Piper nigrum (Black pepper, White pepper, Green peppercorn)","Keep soil consistently moist but not waterlogged — high water needs in tropical conditions. Partial shade to filtered sun; protect from intense afternoon sun. Rich, acidic, well-drained soil with high organic matter. Fertilize every 2-3 months with balanced fertilizer. Needs a support structure to climb (grows 4-5m). Very high humidity (80%+) essential. Harvest green for green peppercorns, let dry on vine for black pepper, or soak and remove skin for white pepper. Minimum temperature 20°C. Non-toxic to pets. Remove dead or damaged foliage promptly.",outdoorPartialSun,veryHigh,"[20, 35]",3.0,3.0,5.0,7.0,acidic,wellDraining,nonToxic,fast,
buckwheat-grain,Buckwheat,Farm & Field Crops,Pseudo-cereal in the Polygonaceae family. Gluten-free; fast-growing cover crop. White flowers attract pollinators. Short season (70–90 days).,Fagopyrum esculentum (Buckwheat),Full sun. Any well-drained soil. Sow late spring to midsummer. Harvest when most seeds brown (lower seeds may shatter). Good green manure. Minimal pruning needed. Remove damaged or diseased plant material.,outdoorFullSun,medium,"[10, 28]",5.0,5.0,10.0,,acidic,wellDraining,nonToxic,fast,
cacao,Cacao,Farm & Field Crops,"The tropical tree whose seeds are fermented and processed to produce chocolate, cocoa butter, and cocoa powder—one of the world's most economically important crops.","Theobroma cacao (Cacao, Chocolate tree), T. cacao Criollo group, T. cacao Forastero group, T. cacao Trinitario group","Keep soil consistently moist but not waterlogged; sensitive to both drought and standing water. Partial shade preferred—naturally an understory tree. Very high humidity (80%+) essential. Rich, well-draining acidic soil (pH 5.0-6.5). Fertilize monthly with balanced fertilizer during growing season. Flowers and fruits grow directly from the trunk (cauliflory). Needs temperatures above 18°C year-round. Theobromine in all parts is toxic to pets. Minimal pruning needed. Remove damaged or diseased plant material.",outdoorPartialSun,veryHigh,"[18, 32]",3.0,3.0,5.0,7.0,acidic,wellDraining,toxic,fast,
canola,Canola,Farm & Field Crops,Also known as: Rapeseed. Oilseed crop in the Brassicaceae family. Low-erucic-acid rapeseed for edible oil and biodiesel. Yellow flowers. Spring and winter types.,"Brassica napus (Canola, Rapeseed), B. rapa (Field mustard, Turnip rape)","Sow in early spring or fall depending on variety (spring or winter type). Full sun required. Water regularly during flowering for best seed set. Harvest when pods turn brown and seeds rattle. Prefers well-drained, fertile soil. Winter varieties need cold period for vernalization. Self-pollinating but benefits from bee activity. Non-toxic. Remove dead or damaged foliage promptly.",outdoorFullSun,medium,"[5, 32]",7.0,7.0,10.0,14.0,neutral,wellDraining,nonToxic,fast,
cassava,Cassava,Farm & Field Crops,"Also known as: Manioc, Yuca, Tapioca. Tropical root crop and staple food for over 800 million people worldwide. Produces starchy tuberous roots used for flour, tapioca, and animal feed.","Manihot esculenta (Cassava, Manioc, Yuca, Tapioca)","Plant stem cuttings in well-drained soil after last frost. Full sun required. Water regularly during establishment, then drought-tolerant once established. Harvest roots 8-12 months after planting. Must be properly processed (soaked, fermented, or cooked) before eating to remove cyanogenic compounds. Prefers sandy loam. All raw parts toxic — must be processed before consumption. Toxic to pets. Minimal pruning needed. Remove damaged or diseased plant material.",outdoorFullSun,medium,"[20, 35]",7.0,5.0,10.0,,neutral,wellDraining,toxic,fast,
chickpea,Chickpea,Farm & Field Crops,Annual legume in the Fabaceae family. Desi and kabuli types. Nutrient-dense pulse; drought tolerant. Cool-season crop.,Cicer arietinum (Chickpea),"Full sun. Well-drained, neutral soil. Inoculate with rhizobia. Harvest when pods dry and rattle. Allow plants to dry before threshing. Remove dead or damaged foliage promptly.",outdoorFullSun,medium,"[10, 32]",7.0,7.0,10.0,,adaptable,wellDraining,nonToxic,fast,
cinnamon,Cinnamon,Farm & Field Crops,Tropical evergreen tree in the Lauraceae family whose inner bark is harvested and dried to produce one of the world's most important spices.,"Cinnamomum verum (True cinnamon, Ceylon cinnamon), C. cassia (Chinese cinnamon, Cassia)","Water regularly to keep soil consistently moist; reduce slightly in cooler months. Partial shade to full sun — young trees prefer some protection from intense sun. Rich, acidic, well-drained sandy loam. Fertilize every 2-3 months. Bark is harvested by coppicing — cut stems at ground level during the rainy season; new shoots produce the best bark. First harvest after 2-3 years. Ceylon cinnamon has a more delicate flavor than cassia. Can be grown as a houseplant in cooler climates (aromatic leaves). Mildly toxic to pets in large quantities. Remove dead or damaged foliage promptly.",outdoorPartialSun,high,"[15, 35]",5.0,3.0,7.0,10.0,acidic,wellDraining,mildlyToxic,fast,
clove,Clove,Farm & Field Crops,"Tropical evergreen tree in the Myrtaceae family whose aromatic, unopened flower buds are dried to produce cloves — one of the world's oldest known spices.",Syzygium aromaticum (Clove tree),"Water regularly — needs consistent moisture year-round in tropical conditions. Partial shade when young; full sun once established. Rich, acidic, well-drained volcanic or loamy soil. Fertilize 2-3 times per year with organic fertilizer. Harvest flower buds when they turn pink but before they open — timing is critical for quality. First harvest after 5-7 years. Very slow-growing but extremely long-lived. Thrives near the coast in equatorial climates. Eugenol in cloves is toxic to cats and dogs — toxic to pets. Remove dead or damaged foliage promptly.",outdoorPartialSun,veryHigh,"[18, 32]",5.0,3.0,7.0,10.0,acidic,wellDraining,toxic,fast,
clover-red,Meadow Clover,Farm & Field Crops,Perennial legume in the Fabaceae family. Forage and cover crop. Nitrogen-fixing; pink flowers. Short-lived perennial (2–3 years).,Trifolium pratense,Full sun to partial shade. Well-drained soil. Inoculate seed. Harvest hay at early bloom. Good for rotation and soil building. Remove dead or damaged foliage promptly.,outdoorFullSun,medium,"[10, 32]",7.0,7.0,10.0,,neutral,wellDraining,nonToxic,fast,
clover-white,White Clover,Farm & Field Crops,"Low-growing perennial legume commonly used as a ground cover, living mulch, and forage crop. Fixes nitrogen in the soil. Attractive to pollinators with white flower heads.","Trifolium repens (White clover, Dutch clover), 'New Zealand White', 'Ladino' (giant white clover)",Water occasionally — quite drought tolerant once established. Full sun to partial shade. Adapts to most soil types. Self-seeding and spreading. Tolerates mowing and foot traffic. Often used as a lawn alternative or companion plant. Non-toxic. Remove dead or damaged foliage promptly.,outdoorFullSun,medium,"[-10, 30]",7.0,7.0,10.0,,neutral,wellDraining,nonToxic,fast,
coffee-arabica,Arabica Coffee,Farm & Field Crops,"Also known as: Arabian coffee. The glossy-leaved tropical shrub that produces the world's most popular beverage, also grown as an attractive houseplant with fragrant white flowers and red cherry-like fruits.","Coffea arabica (Arabica coffee, Arabian coffee), C. arabica 'Nana' (Dwarf coffee plant)","Keep soil evenly moist but not soggy; water when top 2 cm dries. Bright indirect light—scorches in direct sun. High humidity (60%+) preferred; mist regularly. Rich, well-draining, acidic soil (pH 6.0-6.5). Fertilize every 2 weeks spring through summer with balanced acidic fertilizer. May produce fragrant white flowers and red berries indoors after 3-5 years. Prefers cool nights (15-18°C). All parts except the beans are toxic to pets (caffeine). Minimal pruning needed. Remove damaged or diseased plant material.",brightIndirect,high,"[15, 25]",5.0,3.0,7.0,10.0,acidic,wellDraining,toxic,fast,
corn-field,Field Corn,Farm & Field Crops,"Annual grass in the Poaceae family. Grown for grain, silage, and ethanol. Distinguish from sweet corn; field corn harvested when kernels dry.",Zea mays (Corn),"Full sun. Rich, well-drained soil. Plant after soil warms. Heavy feeder—nitrogen critical. Harvest when husks dry and kernels hard (dent stage). Remove dead or damaged foliage promptly.",outdoorFullSun,medium,"[15, 35]",5.0,5.0,10.0,,neutral,wellDraining,nonToxic,fast,
cotton,Cotton,Farm & Field Crops,Annual shrub in the Malvaceae family. Grown for fiber (lint) and seed oil. Warm-season; needs long frost-free period. Upland and Pima types.,Gossypium hirsutum (Cotton),Full sun. Well-drained soil. Warm-season crop. Harvest when bolls open and lint fluffs. Defoliate before pick for cleaner harvest. Remove flower stems and any damaged or rotting leaves promptly.,outdoorFullSun,low,"[18, 35]",5.0,5.0,10.0,,neutral,wellDraining,nonToxic,fast,
cowpea,Cowpea,Farm & Field Crops,"Annual legume in the Fabaceae family. Drought and heat tolerant. Black-eyed pea, crowder types. Grown for dried peas and forage.",Vigna unguiculata (Cowpea),Full sun. Well-drained soil. Warm-season. Harvest dry beans when pods brown and rattle. Bush and vining types available. Remove dead or damaged foliage promptly.,outdoorFullSun,medium,"[10, 32]",7.0,7.0,10.0,,adaptable,wellDraining,nonToxic,fast,
fava-bean,Fava Bean,Farm & Field Crops,Annual legume in the Fabaceae family. Broad bean; cool-season crop. Large seeds for drying or fresh use. Some avoid raw—contains vicine.,Vicia faba (Fava bean),Full sun. Cool-season—plant early spring or fall. Inoculate with rhizobia. Harvest green pods when plump or dry beans when pods brown. Minimal pruning needed. Remove damaged or diseased plant material.,outdoorFullSun,medium,"[10, 32]",7.0,7.0,10.0,,adaptable,wellDraining,nonToxic,fast,
flax,Flax,Farm & Field Crops,"Annual in the Linaceae family. Grown for fiber (linen) and seeds (linseed oil, omega-3). Blue flowers. Cool-season crop.",Linum usitatissimum (Flax),Full sun. Well-drained soil. Plant early spring. Harvest when seed capsules brown (90–110 days). Fiber types pulled when flowering. Remove dead or damaged foliage promptly.,outdoorFullSun,medium,"[5, 25]",5.0,5.0,10.0,,neutral,wellDraining,nonToxic,fast,
hemp,Hemp,Farm & Field Crops,"Fast-growing annual crop cultivated for thousands of years for its strong fibers, nutritious seeds, and versatile industrial applications including textiles, rope, paper, and building materials.","Cannabis sativa (Industrial hemp, Fiber hemp, Seed hemp)","Keep soil consistently moist during seedling stage; once established, moderate watering every 3-5 days. Full sun essential—at least 6 hours daily for optimal growth. Medium humidity fine. Deep, well-draining, nutrient-rich soil (pH 6.0-7.0). Heavy nitrogen feeder during vegetative growth; switch to phosphorus-potassium at flowering. Plant after last frost when soil reaches 10°C. Grows very fast—3-4 meters in one season. Non-toxic (industrial hemp contains negligible THC). Minimal pruning needed. Remove damaged or diseased plant material.",outdoorFullSun,medium,"[-5, 30]",3.0,3.0,5.0,,neutral,wellDraining,nonToxic,fast,
hops,Hops,Farm & Field Crops,Perennial climbing vine in the Cannabaceae family. Cone-like flowers (strobiles) used in beer brewing. Dies back in winter; regrows from rhizomes.,Humulus lupulus (Hops),"Full sun. Well-drained soil. Provide tall support (15–20 ft). Toxic to dogs—causes dangerous fever. Harvest cones when papery and aromatic (late summer). Toxic to pets. Remove dead, rotten, diseased leaves and the parts that may affect the good appearance",outdoorFullSun,high,"[10, 32]",5.0,3.0,7.0,,neutral,wellDraining,toxic,fast,
jute,Jute,Farm & Field Crops,"Annual herbaceous plant cultivated for its strong, biodegradable bast fiber — the second most important natural fiber after cotton. Known as the 'Golden Fiber' for its silky luster.","Corchorus capsularis (White jute), C. olitorius (Tossa jute, Nalta jute)","Water abundantly — jute requires high moisture and thrives in floodplain soils. Full sun essential. Rich, alluvial, moisture-retentive soil. Warm, humid tropical climate required (minimum 20°C). Grows extremely fast (3-4m in 4 months). Harvest when plants flower; stems are retted (soaked) in water for 2-3 weeks to extract fiber. Bangladesh and India produce over 90% of world supply. Leaves of C. olitorius are edible and popular in Middle Eastern and African cuisine (molokhia). Non-toxic to pets. Minimal pruning needed. Remove damaged or diseased plant material.",outdoorFullSun,veryHigh,"[20, 38]",3.0,3.0,5.0,,neutral,moistureRetentive,nonToxic,fast,
lentil,Lentil,Farm & Field Crops,"Annual legume in the Fabaceae family. Small lenticular seeds—red, green, brown. High protein pulse. Cool-season; drought tolerant.",Lens culinaris (Lentil),Full sun. Well-drained soil. Cool-season crop. Harvest when pods dry and seeds rattle. Low-growing; combine or hand harvest. Minimal pruning needed. Remove damaged or diseased plant material.,outdoorFullSun,medium,"[10, 32]",7.0,7.0,10.0,,adaptable,wellDraining,nonToxic,fast,
millet,Millet,Farm & Field Crops,Annual grass in the Poaceae family. Proso (common) millet and others. Gluten-free grain; drought tolerant. Short season (60–90 days).,Panicum miliaceum (Millet),Full sun. Well-drained soil. Warm-season. Harvest when seed heads dry. Birds love it—harvest promptly when ripe. Minimal pruning needed. Remove damaged or diseased plant material.,outdoorFullSun,medium,"[15, 35]",5.0,5.0,10.0,,neutral,wellDraining,nonToxic,fast,
mung-bean-field,Green Gram,Farm & Field Crops,"Annual legume in the Fabaceae family. Small green beans for sprouting, dals, and noodles. Warm-season; drought tolerant.",Vigna radiata (Mung bean),Full sun. Well-drained soil. Warm-season. Harvest dry beans when pods turn dark and rattle. Also grown for sprouts. Remove flower stems and any damaged or rotting leaves promptly.,outdoorFullSun,medium,"[10, 32]",7.0,7.0,10.0,,adaptable,wellDraining,nonToxic,fast,
mustard-field,Mustard,Farm & Field Crops,"Oilseed and condiment crop in the Brassicaceae family. Brown, yellow, oriental mustard. Seeds for oil and spice. Cool-season.",Brassica juncea (Mustard),Full sun. Well-drained soil. Cool-season. Harvest when pods dry and seeds rattle. Can be used as cover crop or green manure. Remove dead or damaged foliage promptly.,outdoorFullSun,medium,"[10, 32]",7.0,7.0,10.0,,neutral,wellDraining,nonToxic,fast,
nutmeg,Nutmeg,Farm & Field Crops,Tropical evergreen tree in the Myristicaceae family producing two spices from one fruit: nutmeg (from the seed) and mace (from the red aril surrounding it).,"Myristica fragrans (Nutmeg, Mace)","Water regularly to maintain consistent moisture; reduce slightly during cooler dry season. Partial shade to filtered light — protect from direct afternoon sun. Deep, rich, acidic, well-drained volcanic soil. Fertilize 2-3 times per year with organic fertilizer high in potassium. Dioecious — plant both male and female trees; ratio of 1 male per 10 females. First harvest after 7-9 years. Fruits split when ripe to reveal the bright red mace covering the seed. Toxic in large doses to humans (contains myristicin); toxic to pets. Minimal pruning needed. Remove damaged or diseased plant material.",outdoorPartialSun,veryHigh,"[20, 35]",5.0,3.0,7.0,10.0,acidic,wellDraining,toxic,fast,
oats,Oats,Farm & Field Crops,"Annual grass in the Poaceae family. Cereal for oatmeal, feed, and hay. Cool-season; tolerates wetter soils than wheat. Spring and winter types.",Avena sativa (Oats),"Full sun. Tolerates heavy, moist soil. Cool-season crop. Harvest when panicles golden and kernels in hard-dough stage. Good nurse crop. Minimal pruning needed. Remove damaged or diseased plant material.",outdoorFullSun,medium,"[5, 25]",5.0,7.0,10.0,,neutral,wellDraining,nonToxic,fast,
oil-palm,Oil Palm,Farm & Field Crops,"Tropical palm cultivated for its fruit, which yields palm oil — the world's most widely used vegetable oil. Extremely productive: produces more oil per hectare than any other crop.","Elaeis guineensis (African oil palm), E. oleifera (American oil palm)","Water regularly — needs consistent moisture and high rainfall (1800-2500mm/year). Full sun essential. Well-drained, deep, loamy soil. Fertilize heavily and regularly (4-6 times per year) with balanced fertilizer high in potassium. Begins fruiting at 3-4 years; peak production at 8-15 years. Produces fruit bunches year-round in equatorial climates. A single tree can yield 3-4 tonnes of fruit per year. Highly controversial due to deforestation concerns — sustainable certification (RSPO) encouraged. Non-toxic to pets. Minimal pruning needed. Remove damaged or diseased plant material.",outdoorFullSun,veryHigh,"[20, 35]",5.0,3.0,5.0,7.0,neutral,wellDraining,nonToxic,fast,
peanut,Peanut,Farm & Field Crops,"Annual legume in the Fabaceae family. Nuts develop underground (geocarpy). Valencia, Spanish, Virginia types. Warm-season; needs sandy soil.",Arachis hypogaea (Peanut),"Full sun. Light, sandy, well-drained soil. Warm-season. Harvest when foliage yellows; dig before frost. Cure 2–3 weeks before storage. Remove dead or damaged foliage promptly.",outdoorFullSun,medium,"[10, 32]",7.0,7.0,10.0,,adaptable,wellDraining,nonToxic,fast,
pigeon-pea,Pigeon Pea,Farm & Field Crops,"Also known as: Red gram, Gandules. Drought-hardy tropical legume widely grown in South Asia, Africa, and the Caribbean for its protein-rich seeds used in dal, soups, and stews.","Cajanus cajan (Pigeon pea, Red gram, Arhar dal, Toor dal, Gandules)","Drought-tolerant once established; water moderately during flowering and pod development. Full sun essential—at least 6 hours daily. Medium humidity fine. Tolerates poor soils—as a legume, it fixes nitrogen and actually improves soil fertility. Minimal fertilizer needed; too much nitrogen promotes leaves over pods. Can grow as an annual or short-lived perennial in frost-free areas. Pods can be harvested green or dry. Excellent intercrop companion. Non-toxic to humans and animals. Remove dead or damaged foliage promptly.",outdoorFullSun,medium,"[10, 35]",5.0,5.0,7.0,,neutral,wellDraining,nonToxic,fast,
quinoa,Quinoa,Farm & Field Crops,Pseudo-cereal in the Amaranthaceae family. Gluten-free; complete protein. Tolerates salinity and drought. Rinse seeds to remove saponins.,Chenopodium quinoa (Quinoa),Full sun. Well-drained soil. Cool-season; frost tolerant. Harvest when seed heads dry and seeds rattle. Rinse before cooking. Remove dead or damaged foliage promptly.,outdoorFullSun,low,"[5, 30]",7.0,7.0,10.0,,adaptable,wellDraining,nonToxic,fast,
rice,Rice,Farm & Field Crops,"Annual grass in the Poaceae family. Staple grain grown in flooded paddies (lowland) or upland. Short-grain, long-grain, and aromatic varieties.",Oryza sativa (Rice),Full sun. Lowland rice needs flooded fields or constant moisture. Upland rice tolerates drier conditions. Harvest when panicles golden and grains hard. Remove dead or damaged foliage promptly.,outdoorFullSun,high,"[20, 35]",3.0,3.0,5.0,,neutral,moistureRetentive,nonToxic,fast,
rubber-tree-hevea,Rubber Tree (Hevea),Farm & Field Crops,"Tropical tree in the Euphorbiaceae family, the primary source of natural rubber (latex). Not to be confused with Ficus elastica (rubber plant houseplant).","Hevea brasiliensis (Pará rubber tree, Natural rubber tree)","Water regularly — needs high, consistent rainfall (2000+mm/year). Full sun essential. Deep, acidic, well-drained laterite or loamy soil. Fertilize 3-4 times per year. Latex tapping begins at 5-7 years: a diagonal cut in the bark allows milky latex to flow into a collection cup. Trees can be tapped for 25-30 years. Native to the Amazon; now primarily grown in Southeast Asia (Thailand, Indonesia, Malaysia produce 70% of world supply). Latex sap can cause skin irritation. Mildly toxic to pets. Remove yellowing or damaged leaves promptly.",outdoorFullSun,veryHigh,"[20, 35]",5.0,3.0,7.0,10.0,acidic,wellDraining,mildlyToxic,fast,
rye,Rye,Farm & Field Crops,"Annual grass in the Poaceae family. Cereal for bread, whiskey, and feed. Winter rye is cold-hardy cover crop. Tolerates poor soil.",Secale cereale (Rye),"Full sun. Tolerates poor, acidic soil. Winter rye planted fall. Harvest when heads golden. Excellent cover crop for biomass. Minimal pruning needed. Remove damaged or diseased plant material.",outdoorFullSun,medium,"[5, 25]",5.0,7.0,10.0,,neutral,wellDraining,nonToxic,fast,
safflower,Safflower,Farm & Field Crops,Annual oilseed in the Asteraceae family. High-heat cooking oil; once used for saffron-like dye. Drought tolerant. Spiny varieties deter birds.,Carthamus tinctorius,Full sun. Well-drained soil. Drought tolerant. Harvest when plants dry and seeds loosen. Oil and confection types available. Remove dead or damaged foliage promptly.,outdoorFullSun,low,"[10, 32]",10.0,10.0,14.0,,neutral,wellDraining,nonToxic,fast,
sesame,Sesame,Farm & Field Crops,Annual in the Pedaliaceae family. Seeds for oil and tahini. Drought and heat tolerant. Capsules shatter when ripe—harvest carefully.,Sesamum indicum (Sesame),"Full sun. Warm, well-drained soil. Warm-season. Harvest when lower capsules brown—plants mature unevenly. Non-shattering varieties available. Minimal pruning needed. Remove damaged or diseased plant material.",outdoorFullSun,medium,"[10, 32]",7.0,7.0,10.0,,neutral,wellDraining,nonToxic,fast,
sisal,Sisal,Farm & Field Crops,"Tropical agave cultivated for its hard, strong leaf fibers used in rope, twine, carpet, and composite materials. Each plant produces 200-250 usable leaves over its lifetime.",Agave sisalana (Sisal),"Water sparingly — extremely drought tolerant once established. Full sun essential. Well-drained, even rocky or sandy soil. Minimal fertilization needed. Leaves are cut from the outer rosette starting at 2-3 years and can be harvested every 6-12 months. Plant dies after flowering (monocarpic) at 7-12 years, producing a tall flower spike up to 6m. Produces bulbils and suckers for propagation. Major production in Brazil, Tanzania, and Kenya. Leaf edges have sharp spines. Mildly toxic to pets (saponins). Minimal pruning needed. Remove damaged or diseased plant material.",outdoorFullSun,low,"[10, 38]",14.0,10.0,14.0,,neutral,excellentDrainage,mildlyToxic,slow,
sorghum,Sorghum,Farm & Field Crops,"Annual grass in the Poaceae family. Grain, syrup, forage, and biofuel. Drought tolerant. Grain, sweet, and broomcorn types.",Sorghum bicolor (Sorghum),Full sun. Well-drained soil. Warm-season. Harvest grain when heads hard and red; syrup when stalks sweet. Frost-sensitive. Remove flower stems and any damaged or rotting leaves promptly.,outdoorFullSun,medium,"[15, 35]",5.0,5.0,10.0,,neutral,wellDraining,nonToxic,fast,
soybean-field,Soya Bean,Farm & Field Crops,"Annual legume in the Fabaceae family. Major protein and oil crop. Edamame (green), tofu, oil, feed. Nitrogen-fixing.",Glycine max (Soybean),Full sun. Well-drained soil. Warm-season. Harvest when pods dry and beans rattle. Inoculate with rhizobia. Rotate with corn. Remove dead or damaged foliage promptly.,outdoorFullSun,medium,"[10, 32]",7.0,7.0,10.0,,adaptable,wellDraining,nonToxic,fast,
sugar-beet,Sugar Beet,Farm & Field Crops,Root vegetable grown commercially for sugar production. Produces a large white conical root with up to 20% sugar content; accounts for about 30% of world sugar production.,Beta vulgaris subsp. vulgaris (Sugar beet),"Direct sow seeds 2cm deep after last frost, spacing 15cm apart. Full sun required. Keep soil consistently moist during root development. Harvest after 90-100 days when roots are 7-10cm diameter. Prefers loose, well-drained soil free of rocks. Fertilize at planting with balanced fertilizer. Cool-season crop; best in spring or fall. Non-toxic. Remove dead or damaged foliage promptly.",outdoorFullSun,medium,"[5, 28]",5.0,5.0,7.0,,neutral,wellDraining,nonToxic,fast,
sugarcane,Sugarcane,Farm & Field Crops,Perennial grass in the Poaceae family. Tropical crop for sugar and ethanol. Tall canes store sucrose. Ratoons (regrowth) for multiple harvests.,Saccharum officinarum (Sugarcane),Full sun. Tropical—frost kills. Plant stem cuttings (setts). Harvest when canes mature (12–24 months). Needs abundant water and heat. Remove flower stems and any damaged or rotting leaves promptly.,outdoorFullSun,high,"[20, 38]",5.0,3.0,10.0,,neutral,wellDraining,nonToxic,fast,
sunflower-oil,Oil Sunflower,Farm & Field Crops,Annual in the Asteraceae family. Confection (snack) and oil types. Oil types have small black seeds; high in linoleic acid.,Helianthus annuus (Sunflower),Full sun. Well-drained soil. Warm-season. Harvest when back of heads yellow and seeds dry. Protect from birds with bags or netting. Remove dead or damaged foliage promptly.,outdoorFullSun,medium,"[10, 32]",7.0,7.0,10.0,,neutral,wellDraining,nonToxic,fast,
sweet-potato-field,Sweet Potato,Farm & Field Crops,"Perennial vine in the Convolvulaceae family, grown as annual. Starchy tuber roots; not a potato. Orange, white, purple flesh. Warm-season.",Ipomoea batatas (Sweet potato),"Full sun. Light, sandy soil. Warm-season. Plant slips. Harvest before frost when roots reach size. Cure 1–2 weeks for storage. Remove dead or damaged foliage promptly.",outdoorFullSun,high,"[18, 35]",5.0,5.0,10.0,,neutral,wellDraining,nonToxic,fast,
teff,Teff,Farm & Field Crops,Annual grass in the Poaceae family. Tiny gluten-free grain; staple in Ethiopia. Drought tolerant. Seeds minuscule—harvest carefully.,Eragrostis tef,Full sun. Well-drained soil. Warm-season. Harvest when seed heads dry. Cut and cure in field; thresh carefully—seeds easily lost. Remove dead or damaged foliage promptly.,outdoorFullSun,medium,"[15, 35]",5.0,5.0,10.0,,neutral,wellDraining,nonToxic,fast,
tobacco,Tobacco,Farm & Field Crops,Annual herb in the Solanaceae family. Leaves contain nicotine; grown for commercial tobacco. Ornamental Nicotiana species differ. Not for consumption.,Nicotiana tabacum (Tobacco),Full sun. Well-drained soil. Water regularly. Toxic to pets—nicotine in all plant parts. Keep away from animals and children. Remove dead or damaged foliage promptly.,outdoorFullSun,high,"[15, 35]",5.0,3.0,7.0,,neutral,wellDraining,toxic,fast,
wheat,Wheat,Farm & Field Crops,Annual grass in the Poaceae family. World's major cereal crop. Bread wheat (T. aestivum) and durum. Spring and winter types by planting season.,Triticum aestivum (Wheat),Full sun. Well-drained soil. Winter wheat planted fall; spring wheat in spring. Harvest when heads golden and kernels hard (combine or cut when dry). Remove flower stems and any damaged or rotting leaves promptly.,outdoorFullSun,medium,"[5, 25]",5.0,7.0,10.0,,neutral,wellDraining,nonToxic,fast,
yerba-mate,Yerba Mate,Farm & Field Crops,"Subtropical holly tree native to South America whose leaves are brewed into mate — a traditional caffeinated beverage central to the culture of Argentina, Uruguay, Paraguay, and southern Brazil.","Ilex paraguariensis (Yerba mate, Mate)","Water regularly to keep soil consistently moist but not waterlogged. Partial shade to filtered sun — grows naturally in the understory. Acidic, well-drained, red laterite soil rich in iron. Fertilize 2-3 times per year. Harvest by pruning branches — the plant regrows vigorously. First harvest after 3-4 years. Leaves are dried and often smoked to produce the traditional mate tea, traditionally consumed from a gourd (mate) with a metal straw (bombilla). Contains caffeine, theobromine, and many antioxidants. Non-toxic to pets.",outdoorPartialSun,high,"[5, 30]",5.0,3.0,7.0,10.0,acidic,wellDraining,nonToxic,fast,
adzuki-sprouts,Adzuki Sprouts,Sprouts & Microgreens,"Bean sprouts from adzuki beans. Crunchy, mild, nutty. Harvest in 4–6 days. Rinse 2–3× daily.",Vigna angularis,"Soak seeds 8-12 hours. Rinse 2-3× daily; drain thoroughly. No light needed during sprouting. Harvest in 3-5 days when tails are 1-2 inches. Sweet, nutty flavor. No fertilizer needed. Rich in protein, fiber, and folate. Remove flower stems and any damaged or rotting leaves promptly.",lowIndirect,high,"[10, 32]",1.0,1.0,2.0,,neutral,waterloggingTolerant,nonToxic,fast,
alfalfa-sprouts,Alfalfa Sprouts,Sprouts & Microgreens,Classic delicate sprouts from alfalfa seeds. Mild flavor; harvest in 5–7 days. Rinse 2–3× daily.,Medicago sativa,"Soak seeds 4-8 hours. Rinse 2× daily; drain well. Keep in dark first 3 days, then move to indirect light for greening. Harvest in 5-7 days. Mild, nutty flavor. No fertilizer. Rich in vitamins K and C. Store refrigerated up to 5 days. Remove flower stems and any damaged or rotting leaves promptly.",lowIndirect,high,"[10, 32]",1.0,1.0,2.0,,neutral,waterloggingTolerant,nonToxic,fast,
amaranth-microgreens,Amaranth Microgreens,Sprouts & Microgreens,Colorful microgreens from amaranth. Pink or green; mild. Harvest at first true leaves (7–12 days).,Amaranthus spp.,"Sow on moist medium; mist to keep damp. Do not cover seeds (need light to germinate). Bright indirect light once sprouted. Mist 1-2× daily. Harvest in 8-12 days. Vibrant magenta stems with mild, earthy flavor. Rich in protein and lysine. Remove dead or damaged foliage promptly.",brightIndirect,high,"[10, 32]",1.0,1.0,2.0,,neutral,moistureRetentive,nonToxic,fast,
arugula-microgreens,Arugula Microgreens,Sprouts & Microgreens,Peppery microgreens from arugula seeds. Fast-growing. Harvest at first true leaves (7–10 days).,Eruca vesicaria,"Sow on moist medium; press gently. Mist 1-2× daily. Bright indirect light. Harvest in 7-10 days at first true leaves. Spicy, peppery flavor—milder than mature arugula. No fertilizer. Fast growing; great for beginners. Rich in vitamins A and K. Remove dead or damaged foliage promptly.",brightIndirect,high,"[10, 32]",1.0,1.0,2.0,,neutral,moistureRetentive,nonToxic,fast,
basil-microgreens,Basil Microgreens,Sprouts & Microgreens,Aromatic microgreens from basil. Intense flavor. Harvest at first true leaves (10–14 days).,Ocimum basilicum,Soak seeds 2-4 hours (mucilaginous coating). Sow on moist medium. Mist 1-2× daily. Bright indirect light Harvest in 10-16 days. Concentrated basil aroma. Slow germinator—be patient. Rich in polyphenols. Remove yellowing or damaged leaves promptly.,brightIndirect,high,"[10, 32]",1.0,1.0,2.0,,neutral,moistureRetentive,nonToxic,fast,
beet-microgreens,Beet Microgreens,Sprouts & Microgreens,"Vibrant red-stemmed microgreens from beet. Earthy, sweet. Harvest at first true leaves (10–14 days).",Beta vulgaris,"Soak seed clusters 8-12 hours. Sow on moist medium, press in. Mist 1-2× daily. Bright indirect light. Harvest in 10-14 days. Stunning ruby-red stems with earthy, sweet flavor. Each 'seed' produces multiple sprouts. Rich in iron and betalains. Remove dead or damaged foliage promptly.",brightIndirect,high,"[10, 32]",1.0,1.0,2.0,,neutral,moistureRetentive,nonToxic,fast,
broccoli-raab-microgreens,Broccoli Raab Microgreens,Sprouts & Microgreens,Mild mustard-like microgreens from broccoli raab. Harvest at first true leaves (8–12 days).,Brassica rapa var. ruvo,"Sow on moist medium; mist to keep damp. Bright indirect light. Harvest in 7-10 days at cotyledon stage. Slightly spicy, broccoli-like flavor with a hint of mustard. No fertilizer. Rich in sulforaphane and vitamins A and C. Harvest by cutting at soil level when cotyledons or first true leaves appear.",brightIndirect,high,"[10, 32]",1.0,1.0,2.0,,neutral,moistureRetentive,nonToxic,fast,
broccoli-sprouts,Broccoli Sprouts,Sprouts & Microgreens,High-sulforaphane sprouts from broccoli seeds. Nutritious; harvest in 4–6 days. Rinse 2–3× daily.,Brassica oleracea var. italica,"Soak seeds 6-8 hours. Rinse 2× daily; drain thoroughly. Keep dark first 3 days, then bright indirect light. Harvest in 5-7 days. Mild, slightly spicy. One of the richest food sources of sulforaphane—a potent antioxidant. Store refrigerated. Harvest by cutting at soil level when cotyledons or first true leaves appear.",lowIndirect,high,"[10, 32]",1.0,1.0,2.0,,neutral,waterloggingTolerant,nonToxic,fast,
buckwheat-sprouts,Buckwheat Sprouts,Sprouts & Microgreens,Nutty sprouts from buckwheat groats. Hulled for eating. Harvest when 1–2 in (3–5 days).,Fagopyrum esculentum,"Soak seeds 15-30 minutes only (over-soaking causes mushiness). Rinse 2× daily; drain very well. Bright indirect light for greening. Harvest in 7-10 days. Mild, lettuce-like flavor. Remove hulls before eating. Rich in rutin and complete protein. Harvest by cutting at soil level when cotyledons or first true leaves appear.",lowIndirect,high,"[10, 32]",1.0,1.0,2.0,,neutral,waterloggingTolerant,nonToxic,fast,
carrot-microgreens,Carrot Microgreens,Sprouts & Microgreens,"Fine, feathery microgreens from carrot. Slow to germinate. Harvest at first true leaves (14–21 days).",Daucus carota,"Sow on moist medium; press in. Keep moist—mist 2× daily. Bright indirect light. Slow germinator; harvest in 14-18 days. Concentrated carrot flavor; wispy, feathery tops. Patience required—one of the slower microgreens. Rich in beta-carotene. Remove dead or damaged foliage promptly.",brightIndirect,high,"[10, 32]",1.0,1.0,2.0,,neutral,moistureRetentive,nonToxic,fast,
cilantro-microgreens,Cilantro Microgreens,Sprouts & Microgreens,Strong cilantro flavor in microgreen form. Harvest at first true leaves (12–14 days).,Coriandrum sativum,Gently crush seed husks before soaking 8-12 hours. Sow on moist medium. Mist 1-2× daily. Bright indirect light. Harvest in 14-21 days. Full cilantro aroma; slow germinator. Each husk produces 2 plants. Rich in vitamins A and K. Remove dead or damaged foliage promptly.,brightIndirect,high,"[10, 32]",1.0,1.0,2.0,,neutral,moistureRetentive,nonToxic,fast,
clover-sprouts,Clover Sprouts,Sprouts & Microgreens,"Mild, delicate sprouts similar to alfalfa. Harvest in 5–7 days. Rinse 2–3× daily.",Trifolium spp.,"Soak seeds 4-8 hours. Rinse 2× daily; drain well. Keep dark first 3 days, then move to indirect light. Harvest in 5-7 days. Mild, fresh, slightly sweet flavor. Tiny and delicate. No fertilizer. Rich in isoflavones and vitamins A and C. Remove dead or damaged foliage promptly.",lowIndirect,high,"[10, 32]",1.0,1.0,2.0,,neutral,waterloggingTolerant,nonToxic,fast,
cress-garden,Garden Cress,Sprouts & Microgreens,"Peppery, fast-growing sprouts. Harvest in 5–7 days. Can grow on paper towel.",Lepidium sativum,"Sow on moist paper towel or medium; seeds stick when wet (mucilaginous). Mist 1-2× daily—do not rinse. Bright indirect light. Harvest in 5-7 days. Peppery, tangy flavor. One of the fastest and easiest microgreens. Rich in vitamins A, C, and K. Remove dead or damaged foliage promptly.",brightIndirect,high,"[10, 32]",1.0,1.0,2.0,,neutral,moistureRetentive,nonToxic,fast,
dill-microgreens,Dill Microgreens,Sprouts & Microgreens,Aromatic dill flavor. Harvest at first true leaves (10–14 days).,Anethum graveolens,Sow on moist medium; press gently. Mist 1-2× daily. Bright indirect light. Harvest in 14-21 days at cotyledon stage. Concentrated dill flavor—excellent with fish and eggs. Slow germinator; requires patience. Rich in antioxidants. Remove dead or damaged foliage promptly.,brightIndirect,high,"[10, 32]",1.0,1.0,2.0,,neutral,moistureRetentive,nonToxic,fast,
fenugreek-sprouts,Fenugreek Sprouts,Sprouts & Microgreens,"Aromatic, slightly bitter sprouts. Curry-like. Harvest in 4–6 days. Rinse 2× daily.",Trigonella foenum-graecum,"Soak seeds 8-12 hours. Rinse 2× daily; drain well. Keep dark. Harvest in 3-5 days. Slightly bitter, maple-like flavor; popular in Indian cuisine. Quick and easy to grow. Rich in iron, protein, and soluble fiber. Remove dead or damaged foliage promptly.",lowIndirect,high,"[10, 32]",1.0,1.0,2.0,,neutral,waterloggingTolerant,nonToxic,fast,
kale-microgreens,Kale Microgreens,Sprouts & Microgreens,Nutritious microgreens; mild cabbage flavor. Harvest at first true leaves (8–12 days).,Brassica oleracea var. acephala,"Sow on moist medium; press gently. Mist 1-2× daily. Bright indirect light. Harvest in 8-12 days. Mild, slightly sweet—less bitter than mature kale. Purple or green varieties. No fertilizer. Rich in vitamins A, C, K, and calcium. Harvest by cutting at soil level when cotyledons or first true leaves appear.",brightIndirect,high,"[10, 32]",1.0,1.0,2.0,,neutral,moistureRetentive,nonToxic,fast,
leek-sprouts,Leek Sprouts,Sprouts & Microgreens,"Mild, sweet allium flavor, gentler than onion sprouts. Harvest at first true leaves (10–14 days).",Allium ampeloprasum,"Soak seeds 8-12 hours. Sow on moist medium; keep damp. Mist 1-2× daily. Bright indirect light. Harvest in 12-14 days. Delicate onion-leek flavor, milder than mature leeks. Thin, elegant garnish. Rich in folate and vitamin K. Remove dead or damaged foliage promptly.",brightIndirect,high,"[10, 32]",1.0,1.0,2.0,,neutral,moistureRetentive,nonToxic,fast,
lentil-sprouts,Lentil Sprouts,Sprouts & Microgreens,Bean sprouts from lentils. Earthy. Harvest in 3–5 days. Soak 8 hrs first.,Lens culinaris,"Soak seeds 8-12 hours. Rinse 2-3× daily; drain thoroughly. Keep dark. Harvest in 3-5 days when tails are 1/2-1 inch. Mild, slightly sweet, earthy. Best cooked lightly or added to stir-fries. Rich in protein, iron, and folate. Harvest by cutting at soil level when cotyledons or first true leaves appear.",lowIndirect,high,"[10, 32]",1.0,1.0,2.0,,neutral,waterloggingTolerant,nonToxic,fast,
mizuna-microgreens,Mizuna Microgreens,Sprouts & Microgreens,"Mild, mustard-like Japanese green. Harvest at first true leaves (8–12 days).",Brassica juncea var. japonica,"Sow on moist medium; press gently. Mist 1-2× daily. Bright indirect light. Harvest in 7-10 days. Mild, peppery mustard flavor with serrated leaves. Japanese green; popular in salad mixes. Fast grower. Rich in vitamins A and C. Harvest by cutting at soil level when cotyledons or first true leaves appear.",brightIndirect,high,"[10, 32]",1.0,1.0,2.0,,neutral,moistureRetentive,nonToxic,fast,
mung-bean-sprouts,Mung Bean Sprouts,Sprouts & Microgreens,Classic Asian bean sprouts. Crunchy; harvest when 2–3 in (4–6 days). Rinse 2–3× daily.,Vigna radiata (Mung bean sprouts),"Soak seeds 8-12 hours. Rinse 2-3× daily; drain thoroughly. Keep dark for thick, white sprouts. Harvest in 3-5 days. Crisp, mild, slightly sweet. Staple in Asian cuisine—stir-fries, pho, spring rolls. Rich in vitamin C and protein. Remove flower stems and any damaged or rotting leaves promptly.",lowIndirect,high,"[10, 32]",1.0,1.0,2.0,,neutral,waterloggingTolerant,nonToxic,fast,
mustard-microgreens,Mustard Microgreens,Sprouts & Microgreens,"Spicy, pungent microgreens. Red or green. Harvest at first true leaves (6–10 days).",Brassica juncea,"Sow on moist medium; press gently. Mist 1-2× daily. Bright indirect light. Harvest in 7-10 days. Spicy, horseradish-like kick—among the most flavorful microgreens. Yellow, brown, or red varieties. Fast grower. Rich in vitamins A, C, and K. Remove dead or damaged foliage promptly.",brightIndirect,high,"[10, 32]",1.0,1.0,2.0,,neutral,moistureRetentive,nonToxic,fast,
onion-sprouts,Onion Sprouts,Sprouts & Microgreens,Mild onion-flavored sprouts with a gentle allium bite. Harvest at first true leaves (10–14 days). Pre-soak seeds before planting.,Allium cepa,Soak seeds 8-12 hours. Sow on moist medium; keep damp. Mist 1-2× daily. Bright indirect light. Harvest in 10-14 days when 3-4 inches tall. Mild onion flavor; excellent garnish for soups and salads. Thin and elegant. Rich in quercetin and vitamin C. Remove dead or damaged foliage promptly.,lowIndirect,high,"[10, 32]",1.0,1.0,2.0,,neutral,waterloggingTolerant,nonToxic,fast,
pea-shoots,Pea Shoots,Sprouts & Microgreens,"Young pea plants grown from seeds, harvested for tender shoots and leaves. Quick-growing microgreen with sweet pea flavor.","Pisum sativum (Pea shoots, Pea tendrils)","Soak seeds 12-24 hours. Sow densely on moist medium. Water daily; drain well. Bright indirect light for greening. Harvest in 10-14 days by cutting above first node—may regrow for second harvest. Sweet, fresh pea flavor. Excellent in salads and stir-fries. Rich in vitamins A and C. Remove dead or damaged foliage promptly.",brightIndirect,high,"[10, 32]",1.0,1.0,2.0,,neutral,moistureRetentive,nonToxic,fast,
radish-microgreens,Radish Microgreens,Sprouts & Microgreens,"Spicy, colorful. Fast-growing. Harvest at first true leaves (6–10 days).",Raphanus sativus,"Sow on moist medium; press gently. Mist 1-2× daily. Bright indirect light. Harvest in 5-8 days. Spicy, peppery crunch. One of the fastest and easiest microgreens to grow. Red-stemmed varieties are visually striking. Rich in vitamins A, B, C, E, and K. Remove dead or damaged foliage promptly.",brightIndirect,high,"[10, 32]",1.0,1.0,2.0,,neutral,moistureRetentive,nonToxic,fast,
sesame-sprouts,Sesame Sprouts,Sprouts & Microgreens,"Nutty, tender sprouts from sesame seeds. Harvest when 1–2 in (4–6 days). Rinse 2× daily. Hulled seeds preferred.",Sesamum indicum,"Soak seeds 4-8 hours. Rinse 2× daily; drain well. Keep in dark. Harvest in 3-5 days. Mild, nutty sesame flavor. Small and delicate. Rinse thoroughly to remove seed coats. Rich in calcium, iron, and healthy fats. Harvest by cutting at soil level when cotyledons or first true leaves appear.",lowIndirect,high,"[10, 32]",1.0,1.0,2.0,,neutral,waterloggingTolerant,nonToxic,fast,
shiso-microgreens,Shiso Microgreens,Sprouts & Microgreens,Mint-basil flavored microgreens from shiso (perilla). Green or red. Harvest at first true leaves (10–14 days).,Perilla frutescens,"Sow on moist medium; press gently—seeds need light. Mist 1-2× daily. Bright indirect light; warm conditions. Harvest in 14-21 days. Complex flavor—minty, basil-like with anise notes. Green or purple varieties. Slow germinator. Prized in Japanese cuisine. Remove yellowing or damaged leaves promptly.",brightIndirect,high,"[10, 32]",1.0,1.0,2.0,,neutral,moistureRetentive,nonToxic,fast,
soybean-sprouts,Soybean Sprouts,Sprouts & Microgreens,Large bean sprouts from soybeans. Crunchy; cook before eating. Harvest when 2–3 in (4–6 days). Rinse 2× daily.,Glycine max (Soybean sprouts),"Soak seeds 12 hours. Rinse 2-3× daily; drain thoroughly. Keep dark and weighted for thick sprouts. Harvest in 4-6 days. Mild, bean-like flavor; best cooked (blanched or stir-fried). Staple in Korean cuisine (kongnamul). Rich in protein, isoflavones, and vitamin C. Remove dead or damaged foliage promptly.",lowIndirect,high,"[10, 32]",1.0,1.0,2.0,,neutral,waterloggingTolerant,nonToxic,fast,
sprouts-microgreens,Sprouts & Microgreens,Sprouts & Microgreens,"Young seedlings harvested within 1-3 weeks of germination. Sprouts are grown in water only; microgreens are grown on a thin layer of soil or growing medium. Nutrient-dense and easy to grow indoors year-round. Popular mixes combine varied flavors, colors, and textures.","Broccoli sprouts, Alfalfa sprouts, Sunflower microgreens, Pea shoots, Radish microgreens, Wheatgrass, Mixed microgreen blends","Mist or water lightly 1-2 times daily to keep seeds and growing medium moist. Never let dry out, but avoid standing water which causes mold. Bright indirect light preferred (a windowsill or grow light). Good air circulation essential to prevent mold and damping off. No fertilizer needed — seeds contain all necessary nutrients. Use clean, food-safe containers and fresh seeds. Harvest sprouts in 3-7 days, microgreens in 7-14 days. Rinse sprouts twice daily. Succession sow every few days for continuous harvest. Harvest by cutting at soil level when cotyledons or first true leaves appear.",brightIndirect,high,"[10, 32]",1.0,1.0,1.0,,neutral,moistureRetentive,nonToxic,fast,
sunflower-sprouts,Sunflower Sprouts,Sprouts & Microgreens,"Nutty, crunchy sunflower sprouts. Use hulled seeds. Harvest when 1–2 in (7–10 days).","Helianthus annuus (Sunflower sprouts, Sunflower microgreens)","Soak seeds 8-12 hours. Sow on moist medium; cover 2 days for germination. Mist 1-2× daily. Bright indirect light once sprouted. Harvest in 7-12 days when cotyledons are fully open. Nutty, crunchy flavor. Rich in protein, vitamin E, and healthy fats. Remove hulls before eating. Remove dead or damaged foliage promptly.",brightIndirect,high,"[10, 32]",1.0,1.0,2.0,,neutral,moistureRetentive,nonToxic,fast,
tatsoi-microgreens,Tatsoi Microgreens,Sprouts & Microgreens,Mild brassica; spoon-shaped leaves. Harvest at first true leaves (8–12 days).,Brassica rapa var. rosularis,"Sow on moist medium; press gently. Mist 1-2× daily. Bright indirect light. Harvest in 7-10 days. Mild, creamy mustard flavor with rounded spoon-shaped leaves. Asian green; excellent in salad mixes. Fast grower. Rich in vitamins A, C, and calcium. Harvest by cutting at soil level when cotyledons or first true leaves appear.",brightIndirect,high,"[10, 32]",1.0,1.0,2.0,,neutral,moistureRetentive,nonToxic,fast,
turnip-microgreens,Turnip Microgreens,Sprouts & Microgreens,"Mild, slightly peppery. Harvest at first true leaves (8–12 days).",Brassica rapa,"Sow on moist medium; press gently. Mist 1-2× daily. Bright indirect light. Harvest in 7-10 days. Mild, slightly spicy, turnip-like flavor. Fast and reliable grower—good for beginners. Rich in vitamins A, C, and K. Harvest by cutting at soil level when cotyledons or first true leaves appear.",brightIndirect,high,"[10, 32]",1.0,1.0,2.0,,neutral,moistureRetentive,nonToxic,fast,
watercress-sprouts,Watercress Sprouts,Sprouts & Microgreens,"Peppery, nutrient-dense sprouts from the aquatic watercress plant. One of the oldest known leaf vegetables. Rich in iron, calcium, and vitamins K and C. Harvest in 5-7 days. Keep constantly moist—watercress naturally grows in shallow running water.",Nasturtium officinale,"Mist 2× daily—keep constantly moist; watercress is semi-aquatic. Bright indirect light. Harvest in 5-7 days. Peppery, slightly bitter flavor. Can grow on wet paper towel without soil. Rich in iron, calcium, and vitamins K and C. One of the oldest known leaf vegetables. Remove flower stems and any damaged or rotting leaves promptly.",brightIndirect,high,"[10, 32]",1.0,1.0,2.0,,neutral,moistureRetentive,nonToxic,fast,
wheatgrass,Wheatgrass,Sprouts & Microgreens,Juiced or chewed; nutrient-dense. Harvest when 6–8 in (7–10 days). Second cut possible.,Triticum aestivum (Wheat sprouts),"Soak seeds 8-12 hours. Sow on moist medium or coconut coir. Water 1-2× daily; avoid waterlogging. Bright indirect light Harvest at 6-7 inches (7-10 days) by cutting above the root. Juice fresh for maximum nutrition—rich in chlorophyll, vitamins A, C, E, and minerals. Remove flower stems and any damaged or rotting leaves promptly.",brightIndirect,high,"[10, 32]",1.0,1.0,2.0,,neutral,moistureRetentive,nonToxic,fast,
allium,Allium,Bulbs,"Ornamental flowering bulbs in the Amaryllidaceae family, include edible onions and ornamental varieties.","Allium (Ornamental onion), A. giganteum (Giant allium), A. cristophii (Star of Persia), A. 'Purple Sensation', A. sphaerocephalon (Drumstick allium)","Keep soil moist during growth and flowering. Allow to dry after foliage dies back. Plant bulbs in fall. Full sun preferred. Well-drained soil essential. Fertilize when shoots emerge. Ornamental varieties have large, spherical flower heads. Naturalize well. Allow foliage to die back naturally. Deterrent to many pests. Perfect for borders and cut flowers. Bulbs go dormant after flowering; reduce watering when foliage dies back. Toxic to pets. Remove yellowing or dead leaves promptly.",outdoorFullSun,medium,"[10, 27]",3.0,,,,neutral,wellDraining,toxic,moderate,
amaryllis,Amaryllis,Bulbs,"Also known as: Hippeastrum. Large flowering bulbs in the Amaryllidaceae family, popular for indoor winter forcing, can rebloom with proper care.","Hippeastrum (Amaryllis), various colors and cultivars, single and double varieties","Keep soil moist during active growth and flowering. Reduce watering after flowering as foliage dies back. For forcing: plant in fall, keep in cool dark place until shoots appear, then move to bright light. For outdoor: plant in spring in warm climates. Bright indirect to direct light. Fertilize monthly during active growth. Can rebloom with proper dormancy care. Large, showy flowers. Perfect for holiday displays. Toxic to pets. Deadhead after flowering but leave foliage until it yellows naturally to feed the bulb.",brightIndirect,medium,"[18, 24]",7.0,,10.0,14.0,neutral,wellDraining,toxic,moderate,
anemone,Anemone,Bulbs,Also known as: Poppy anemone. Spring-blooming tuberous perennials. Anemone blanda (early) and A. coronaria (poppy). Plant in fall; dormant after flowering.,Anemone coronaria (Poppy anemone),Keep moist during growth and bloom. Full sun to partial shade. Plant tubers in fall. Reduce watering when foliage dies back. Allow foliage to yellow before removing. Toxic to pets. Remove dead or damaged foliage promptly.,outdoorFullSun,medium,"[10, 28]",7.0,,,,neutral,wellDraining,toxic,moderate,
bulbs,Bulbs,Bulbs,"Plants that grow from underground storage organs (bulbs, corms, tubers, rhizomes). Many are spring-flowering and require a winter chilling period.","Tulipa (Tulip), Narcissus (Daffodil), Crocus, Hyacinthus (Hyacinth), Lilium (Lily), Allium",Water moderately during active growth — keep soil moist but not waterlogged. Reduce watering as foliage yellows and dies back after flowering. Do not cut foliage until fully brown — leaves feed the bulb for next year. Plant at depth of 2-3 times bulb height. Full sun to partial shade depending on species. Fertilize at planting and again when shoots emerge in spring with balanced bulb fertilizer. Lift and store tender bulbs before frost in cold climates. Many spring bulbs need a winter chill period to bloom. Research specific species for exact requirements. Deadhead after flowering but leave foliage until it yellows naturally to feed the bulb.,outdoorFullSun,medium,"[-5, 25]",5.0,,,,neutral,wellDraining,unknown,moderate,
calla-lily,Calla Lily,Bulbs,"Also known as: Arum lily. Tuberous aroid with elegant spathe flowers in white, pink, or dark cultivars. Grown as houseplant or garden bulb; goes dormant after bloom.","Zantedeschia spp. (Calla, Arum lily)","Keep soil evenly moist during growth and flowering. Reduce watering when foliage yellows; allow dormancy. Bright indirect light indoors; full sun to partial shade outdoors. Well-draining soil. Fertilize monthly during active growth. Toxic to humans and pets if ingested; causes mouth and throat irritation. Toxic to pets. After flowers fade put in a shaded place, when leaves turn yellow, remove the withered part on the ground, leave tubers for germination next year Remove spent flower stems at base. Trim yellowing foliage after dormancy begins.",brightIndirect,medium,"[10, 28]",7.0,7.0,10.0,14.0,neutral,wellDraining,toxic,moderate,
camassia,Camassia,Bulbs,"Also known as: Common camas, Small camas. Native North American bulb producing tall spikes of starry blue, purple, or white flowers in late spring—historically an important food source for Indigenous peoples.","Camassia quamash (Common camas, Small camas), C. leichtlinii (Great camas, Large camas), C. leichtlinii 'Alba' (White camas)","Water regularly during spring growth and flowering; allow to go dry after foliage dies back in summer (summer dormant). Full sun to partial shade. Medium humidity fine. Prefers moist, moisture-retentive clay or loam soil that dries out in summer—perfect for seasonal wet meadows. Minimal fertilizer needed; top-dress with compost in fall. Plant bulbs in fall, 10-15 cm deep. Naturalizes beautifully in lawns and meadows. Leave foliage to die back naturally. Non-toxic to pets. Remove dead or damaged foliage promptly.",outdoorFullSun,medium,"[-10, 25]",5.0,,,,neutral,moistureRetentive,nonToxic,moderate,
canna,Canna,Bulbs,Tender rhizomatous bulbs with bold foliage and tropical flowers. Summer bloomer; lift before frost or mulch in zone 8+.,Canna × generalis (Canna lily),"Full sun. Rich, moist soil. Water regularly in summer. Fertilize monthly. Lift rhizomes after frost; store dry over winter. Replant in spring. Remove dead or damaged foliage promptly.",outdoorFullSun,medium,"[10, 28]",7.0,7.0,10.0,,neutral,wellDraining,nonToxic,moderate,
chionodoxa,Glory of the Snow,Bulbs,Early spring bulb with blue star flowers. Naturalizes well. Plant in fall. Dormant after bloom.,Chionodoxa forbesii,Full sun to partial shade. Well-drained soil. Plant bulbs in fall. Keep moist during growth; reduce when foliage dies. Allow foliage to yellow naturally. Toxic to pets. Remove dead or damaged foliage promptly.,outdoorFullSun,medium,"[10, 28]",7.0,,,,neutral,wellDraining,mildlyToxic,moderate,
crocosmia,Crocosmia,Bulbs,Also known as: Montbretia. Cormous perennial with arching stems of fiery funnel-shaped flowers in summer. 'Lucifer' is one of the bestselling garden plants worldwide.,"Crocosmia × crocosmiiflora (Montbretia), C. 'Lucifer' (most popular cultivar), C. masoniorum (Giant montbretia)","Water regularly during active growth; reduce after flowering. Full sun for best flowering; tolerates light shade. Well-drained soil — corms rot in waterlogged winter conditions. Fertilize in spring as growth emerges with balanced fertilizer. Plant corms 8-10cm deep. Clumps spread vigorously and should be divided every 3-4 years. 'Lucifer' is the most reliable variety with intense red flowers. Montbretia can be invasive in mild, wet climates (listed as invasive in parts of UK and New Zealand). Non-toxic to pets. Deadhead after flowering but leave foliage until it yellows naturally to feed the bulb.",outdoorFullSun,medium,"[-10, 30]",5.0,5.0,7.0,,neutral,wellDraining,nonToxic,moderate,
crocus,Crocus,Bulbs,"Early spring flowering bulbs in the Iridaceae family, among first flowers to bloom, naturalize well.","Crocus vernus (Spring crocus), C. chrysanthus (Golden crocus), C. sativus (Saffron crocus), C. tommasinianus (Tommasini's crocus)",Keep soil moist during growth and flowering (spring). Allow to dry naturally after foliage dies back. Plant bulbs in fall (6-8 weeks before ground freezes). Full sun to partial shade. Fertilize when shoots emerge. Among first flowers to bloom in spring. Naturalize well - will spread over time. Allow foliage to die back naturally. Perfect for naturalizing in lawns or under trees. Bulbs go dormant after flowering; reduce watering when foliage dies back. Remove dead or damaged foliage promptly.,outdoorFullSun,medium,"[5, 20]",3.0,,,,neutral,wellDraining,nonToxic,moderate,
crocus-sativus,Saffron Crocus,Bulbs,"Fall-blooming crocus. Red stigmas yield saffron spice. Dormant summer; leaves appear spring, flowers fall.",Crocus sativus (Saffron),Full sun. Well-drained soil. Water when leaves present (spring) and during bloom (fall). Harvest stigmas when flowers open. Dry before storing. Mildly toxic to pets—may cause GI upset. Remove dead or damaged foliage promptly.,brightIndirect,medium,"[10, 28]",7.0,,10.0,14.0,neutral,wellDraining,mildlyToxic,moderate,
cyclamen-bulb,Florist's Cyclamen,Bulbs,Tuberous perennials with heart-shaped leaves. Florist cyclamen blooms winter; goes dormant in summer. Cool temperatures essential.,Cyclamen persicum (Florist's cyclamen),Bright indirect light. Water when soil dry; avoid crown. Reduce watering when leaves yellow (summer dormancy). Resume when new growth appears. Toxic to pets. Remove dead or damaged foliage promptly.,brightIndirect,medium,"[10, 28]",7.0,,10.0,14.0,neutral,wellDraining,toxic,moderate,
daffodils,Daffodils,Bulbs,"Also known as: Jonquil. Spring-blooming bulbous perennials in the Amaryllidaceae family, planted in fall, naturalize well and are deer-resistant.","Narcissus (Daffodil, Jonquil), N. pseudonarcissus (Wild daffodil), trumpet, large-cupped, small-cupped, double, and miniature varieties","Keep soil moist during growth and flowering (spring). Allow to dry after foliage dies back. Plant bulbs in fall (6-8 weeks before ground freezes) with pointed end up, 4-6 inches deep. Full sun to partial shade. Fertilize when shoots emerge and after flowering with bulb fertilizer. Allow foliage to die back naturally - don't cut until yellow. Naturalize well and multiply over time. Deer and rodent resistant. Excellent for naturalizing in lawns and gardens. Bulbs go dormant after flowering; reduce watering when foliage dies back. Toxic to pets. Deadhead after flowering but leave foliage until it yellows naturally to feed the bulb.",outdoorFullSun,medium,"[5, 20]",3.0,,,,neutral,wellDraining,toxic,moderate,
dahlia,Dahlia,Bulbs,Also known as: Garden dahlia. Tender tubers with showy summer flowers. Thousands of cultivars. Lift before frost; store dry over winter.,Dahlia pinnata (Garden dahlia),"Full sun. Rich, well-drained soil. Water regularly; stake tall varieties. Deadhead for continuous bloom. Lift tubers after frost; store in cool, dry place. Toxic to pets.",outdoorFullSun,medium,"[10, 28]",7.0,7.0,10.0,,neutral,wellDraining,mildlyToxic,moderate,
freesia,Freesia,Bulbs,Fragrant spring corms. Plant in fall (mild climates) or spring. Tubular flowers in many colors. Tender—lift in cold zones.,Freesia × hybrida,Full sun. Well-drained soil. Plant corms 2 in deep. Keep moist during growth. Reduce when foliage yellows. Lift and store in cold-winter areas. Deadhead after flowering but leave foliage until it yellows naturally to feed the bulb.,outdoorFullSun,medium,"[10, 28]",7.0,,,,neutral,wellDraining,nonToxic,moderate,
fritillaria,Fritillaria,Bulbs,"Also known as: Snake's head. Spring bulbs with nodding, checkered or crown-shaped flowers. Snake's head (F. meleagris) and crown imperial. Plant in fall.",Fritillaria meleagris (Snake's head),"Full sun to partial shade. Moist, well-drained soil. Plant bulbs on side (hollow crown). Keep moist during growth. Dormant after flowering. Toxic to pets. Deadhead after flowering but leave foliage until it yellows naturally to feed the bulb.",outdoorFullSun,medium,"[10, 28]",7.0,,,,neutral,wellDraining,toxic,moderate,
gladiolus,Gladiolus,Bulbs,"Also known as: Garden gladiolus. Summer flowering bulbs in the Iridaceae family with tall spikes of colorful flowers, excellent for cut flowers.","Gladiolus × hortulanus (Garden gladiolus), various colors and sizes, dwarf and standard varieties",Keep soil evenly moist during growth and flowering (summer). Plant corms in spring after last frost. Full sun essential (6-8 hours daily). Fertilize when shoots emerge and during flowering. Stake tall varieties. Lift corms in fall in cold climates and store over winter. Allow foliage to die back before lifting. Excellent for cut flowers. Plant in succession for continuous blooms. Bulbs go dormant after flowering; reduce watering when foliage dies back. Mildly toxic to pets—may cause GI upset. Deadhead after flowering but leave foliage until it yellows naturally to feed the bulb.,outdoorFullSun,medium,"[18, 27]",3.0,3.0,5.0,,neutral,wellDraining,mildlyToxic,moderate,
hyacinth,Hyacinth,Bulbs,"Fragrant spring flowering bulbs in the Asparagaceae family, can be forced indoors or grown outdoors.","Hyacinthus orientalis (Common hyacinth, Dutch hyacinth), various colors and cultivars","Keep soil moist during growth and flowering. Allow to dry after foliage dies back. Plant bulbs in fall (6-8 weeks before ground freezes). Full sun to partial shade. Fertilize when shoots emerge. Very fragrant flowers. Can be forced indoors with pre-chilling. Naturalize slowly. Allow foliage to die back naturally. Perfect for spring borders and containers. Bulbs go dormant after flowering; reduce watering when foliage dies back. Toxic to pets. Remove the withered parts on the ground after flowering, leaving bulbs for germination in the next year Deadhead after flowering but leave foliage until it yellows naturally to feed the bulb.",outdoorFullSun,medium,"[5, 20]",3.0,,,,neutral,wellDraining,toxic,moderate,
iris-dutch,Dutch Iris,Bulbs,"Hybrid spring bulb with slender stems and elegant flowers in blue, purple, white, or yellow. Plant in fall for spring bloom; goes dormant after flowering.",Iris × hollandica (Dutch iris),"Plant bulbs in fall, 4–5 inches deep. Full sun. Well-drained soil essential. Water during spring growth and bloom; allow foliage to yellow before cutting back. Fertilize when shoots emerge. Bulbs go dormant in summer—no watering needed. Suitable for beds, borders, and cut flowers. Toxic to pets. Deadhead after flowering but leave foliage until it yellows naturally to feed the bulb.",outdoorFullSun,medium,"[10, 28]",7.0,,,,neutral,wellDraining,toxic,moderate,
lilies,Lilies,Bulbs,"Also known as: Lily. Bulbous perennial flowering plants in the Liliaceae family with showy trumpet-shaped or recurved flowers, many are fragrant.","Lilium (Lily, Easter lily, Oriental lily, Asiatic lily), L. longiflorum (Easter lily), Oriental hybrids, Asiatic hybrids, L. candidum (Madonna lily)",Keep soil evenly moist during growth and flowering (spring-summer). Allow to dry slightly after flowering. Well-drained soil essential - avoid waterlogged conditions. Full sun to partial shade depending on species. Fertilize when shoots emerge and after flowering with bulb fertilizer. Plant bulbs in fall or early spring. Mulch to keep roots cool. Remove spent flowers but leave foliage until yellow. Divide bulbs every 3-4 years. Many are fragrant. Research specific type for exact requirements. Bulbs go dormant after flowering; reduce watering when foliage dies back. Toxic to pets. Deadhead after flowering but leave foliage until it yellows naturally to feed the bulb.,outdoorFullSun,medium,"[10, 27]",3.0,3.0,5.0,,neutral,wellDraining,toxic,moderate,
lily-asiatic,Asiatic Lily,Bulbs,"Early summer lily with upright, unscented flowers. Cold hardy. Plant in fall or spring. Multiply by scales or division.",Lilium (Asiatic hybrids),Full sun. Well-drained soil. Plant bulbs 4–6 in deep. Keep moist during growth. Stake if needed. Toxic to cats. Toxic to pets. Deadhead after flowering but leave foliage until it yellows naturally to feed the bulb.,outdoorPartialSun,medium,"[10, 28]",7.0,7.0,10.0,,neutral,wellDraining,toxic,moderate,
lily-calla-mini,Mini Calla Lily,Bulbs,"Also known as: Compact calla. Compact Zantedeschia with smaller spathes. Colors include pink, yellow, orange. Toxic to pets.",Zantedeschia rehmannii (Compact calla),"Water when top inch of soil is dry. Light requirements vary by species. Fertilize during growing season. Toxic to humans and pets if ingested; causes mouth and throat irritation. Toxic to pets. After flowers fade put in a shaded place, when leaves turn yellow, remove the withered part on the ground, leave tubers for germination next year",brightIndirect,medium,"[10, 28]",7.0,7.0,10.0,,neutral,wellDraining,toxic,moderate,
lily-oriental,Oriental Lily,Bulbs,"Fragrant late-summer lilies. Large, often spotted flowers. Stargazer and Casablanca types. Toxic to cats.","Lilium Oriental hybrids (Oriental lily), 'Casa Blanca' (White fragrant), 'Stargazer' (Pink spotted), 'Muscadet' (White spotted)","Water when top inch of soil is dry — excellent drainage essential to prevent bulb rot. Partial shade preferred, especially afternoon shade in hot climates. Intensely fragrant blooms in late summer (July-August) in white, pink, or red. Stake tall stems before flowering. Acidic to neutral soil preferred. Do not plant near Tiger Lilies, which can transmit Lily Mosaic Virus asymptomatically. Mulch to keep roots cool. Highly toxic to cats — can cause fatal kidney failure. Deadhead after flowering but leave foliage until it yellows naturally to feed the bulb.",outdoorPartialSun,medium,"[10, 28]",7.0,7.0,10.0,,neutral,wellDraining,toxic,moderate,
lily-tiger,Tiger Lily,Bulbs,Orange Turk's-cap lily with black spots. Lilium lancifolium. Naturalizes; can spread. Toxic to cats.,Lilium lancifolium (Tiger lily),"Water when top inch of soil is dry. Full sun to partial shade — tougher and more adaptable than Oriental Lilies. Blooms early to mid summer with recurved orange spotted flowers. Produces bulbils in leaf axils that drop and grow into new plants — naturalizes readily. Very cold hardy and disease resistant. Asymptomatic carrier of Lily Mosaic Virus — keep away from Oriental and Asiatic Lilies. Highly toxic to cats — can cause fatal kidney failure. Remove dead or damaged foliage promptly., after flowering remove the upper part staring from 5 cm above soil surface, leaving 3-5 leaves",outdoorPartialSun,medium,"[10, 28]",7.0,7.0,10.0,,neutral,wellDraining,toxic,moderate,
muscari,Muscari,Bulbs,Early spring bulb with grape-like blue flowers. Naturalizes aggressively. Plant in fall. Dormant after bloom.,Muscari armeniacum (Grape hyacinth),"Full sun to partial shade. Well-drained soil. Plant bulbs in fall. Keep moist during growth. Allow foliage to yellow. Can spread—contain if desired. Remove the withered parts on the ground after flowering, leaving bulbs for germination in the next year Deadhead after flowering but leave foliage until it yellows naturally to feed the bulb.",outdoorFullSun,medium,"[10, 28]",7.0,,,,neutral,wellDraining,nonToxic,moderate,
oxalis-bulb,Oxalis Bulb,Bulbs,Shamrock-like bulbs with triangular leaves. Purple or green. Can go dormant in summer. Often grown as houseplant.,Oxalis triangularis (Bulbous oxalis),Bright indirect light. Water when soil dry. Reduce when leaves die back (dormancy). Resume when new growth appears. Toxic to pets in large amounts. Remove dead or damaged foliage promptly.,brightIndirect,medium,"[10, 28]",7.0,,10.0,14.0,neutral,wellDraining,toxic,moderate,
ranunculus,Ranunculus,Bulbs,"Spring tuber with layered, rose-like flowers. Soak tubers before planting. Plant in fall (mild) or spring. Dormant after bloom.",Ranunculus asiaticus (Persian buttercup),Full sun. Well-drained soil. Soak tubers 4 hrs before planting. Keep moist during growth. Reduce when foliage yellows. Lift in cold zones. Toxic to pets. Remove dead or damaged foliage promptly.,outdoorFullSun,medium,"[10, 28]",7.0,,,,neutral,wellDraining,toxic,moderate,
ranunculus-garden,Garden Ranunculus,Bulbs,"Tuberous perennial producing exquisite, densely layered paper-thin petals in warm shades of yellow, orange, red, pink, and white; a favorite for spring bouquets.","Ranunculus asiaticus (Persian buttercup), R. asiaticus 'Tecolote' series, R. asiaticus 'Amandine' series, R. asiaticus 'Butterfly' series",Soak dried tubers (claw-side down) for 3-4 hours before planting. Water regularly during active growth to keep soil evenly moist but never soggy. Full sun to light shade in hot climates; prefers cool spring temperatures (10-20°C) for best blooms. Well-drained soil is critical — tubers rot in wet conditions. Fertilize every 2 weeks during growth with balanced liquid fertilizer. Stop watering when foliage yellows after blooming; lift tubers in cold zones (below zone 8) and store dry. Toxic to pets — all parts contain protoanemonin. Remove dead or damaged foliage promptly.,outdoorFullSun,medium,"[5, 25]",7.0,,,,neutral,wellDraining,toxic,moderate,
scilla,Scilla,Bulbs,Early spring bulb with blue bell flowers. Siberian squill naturalizes well. Plant in fall. Dormant after bloom.,Scilla siberica (Siberian squill),Full sun to partial shade. Well-drained soil. Plant bulbs in fall. Keep moist during growth. Reduce when foliage dies. Allow leaves to yellow naturally. Toxic to pets. Remove dead or damaged foliage promptly.,outdoorFullSun,medium,"[10, 28]",7.0,,,,neutral,wellDraining,toxic,moderate,
snowdrop,Snowdrop,Bulbs,"One of the earliest spring bulbs, often blooming through snow. Dainty nodding white flowers with green markings appear from late winter to early spring.","Galanthus nivalis (Common snowdrop), G. elwesii (Giant snowdrop), G. 'Sam Arnott', G. plicatus","Plant bulbs in fall, 7-10cm deep and 7cm apart. Moist, well-drained soil during growing season; tolerate summer dormancy dry-out. Partial shade under deciduous trees is ideal — they bloom before leaves emerge. Do not remove foliage until it yellows naturally. Best divided 'in the green' (while still in leaf) after flowering. Naturalizes well in lawns and woodland. Mildly toxic if ingested. Remove dead or damaged foliage promptly.",outdoorPartialSun,medium,"[-10, 20]",7.0,,,,neutral,wellDraining,mildlyToxic,moderate,
tuberose,Tuberose,Bulbs,Highly fragrant summer bulb. White tubular flowers. Tender—lift before frost. Used in perfumery.,Agave amica (Polianthes tuberosa),Full sun. Well-drained soil. Plant when soil warm. Water regularly. Stake if needed. Lift tubers after frost; store dry. Replant in spring. Mildly toxic to pets—may cause GI upset. Deadhead after flowering but leave foliage until it yellows naturally to feed the bulb.,brightIndirect,medium,"[10, 28]",7.0,7.0,10.0,,neutral,wellDraining,mildlyToxic,slow,
tulips,Tulips,Bulbs,"Spring-blooming bulbous perennials in the Liliaceae family, planted in fall for spring flowers, many varieties available.","Tulipa (Tulip), T. gesneriana (Garden tulip), single early, double early, triumph, Darwin hybrid, parrot, and fringed varieties","Keep soil moist during growth and flowering (spring). Allow to dry after foliage dies back. Plant bulbs in fall (6-8 weeks before ground freezes) with pointed end up, 6-8 inches deep. Full sun preferred. Fertilize when shoots emerge and after flowering with bulb fertilizer. Allow foliage to die back naturally to feed bulbs - don't cut until yellow. Many varieties are treated as annuals in warm climates. Research variety type for exact requirements and bloom time. Bulbs go dormant after flowering; reduce watering when foliage dies back. Toxic to pets. Deadhead after flowering but leave foliage until it yellows naturally to feed the bulb.",outdoorFullSun,medium,"[5, 20]",3.0,,,,neutral,wellDraining,toxic,moderate,
amazon-sword,Amazon Sword,Specialty - Aquatic & Bog,"Also known as: Broadleaf Amazon Sword, Paniculatus Sword. Popular background aquarium plant with large, bright-green rosette leaves that can grow up to 50 cm tall.","Echinodorus bleheri (Amazon sword), E. amazonicus (Narrow-leaf Amazon sword), E. cordifolius (Radicans sword), E. 'Ozelot' (spotted leaves)",Moderate to high light — 10-12 hours per day for strong growth. Plant roots firmly in nutrient-rich substrate; root tabs recommended. pH 6.5-7.5. Heavy root feeder — iron-rich substrate or fertilizer essential. Propagates via runner shoots which can be separated. Grows large — best as background or centerpiece plant. Non-toxic and safe for all aquarium inhabitants. Remove dead or yellowing leaves. Thin overcrowded plants to maintain water quality.,mediumIndirect,veryHigh,"[20, 30]",,,,,neutral,waterloggingTolerant,nonToxic,moderate,
anubias,Anubias,Specialty - Aquatic & Bog,"Hardy, low-light aquarium plant with thick dark green leaves that grows attached to rocks and driftwood.","Anubias barteri (Broadleaf anubias), A. barteri var. nana (Dwarf anubias), A. barteri 'Petite' (miniature), A. hastifolia (arrowhead anubias)","Low to moderate light preferred — too much light promotes algae growth on leaves. Never bury rhizome in substrate — attach to rocks or driftwood. pH 6.5-7.8. Very slow grower — new leaf every 2-3 months. No CO2 needed. Minimal fertilization. Extremely resilient and nearly indestructible. Non-toxic to all fish, shrimp, and snails. Remove dead or yellowing leaves. Thin overcrowded plants to maintain water quality.",lowIndirect,veryHigh,"[20, 30]",,,,,neutral,waterloggingTolerant,nonToxic,moderate,
aquatic-plants,Aquatic Plants,Specialty - Aquatic & Bog,"Plants that grow fully or partially submerged in water, include floating, submerged, and emergent types.","Nymphaea (Water lily), Nelumbo (Lotus, Sacred lotus), Eichhornia (Water hyacinth), Pistia (Water lettuce)","Fully submerged or floating in water - no soil watering needed. Maintain water quality - clean, oxygenated water essential. Full sun to partial shade depending on species. Fertilize with aquatic plant fertilizer tablets placed in soil or water. Remove dead leaves and flowers regularly. Control algae growth. Some species are invasive - check local regulations. Water depth varies by species. Research specific plant for exact requirements. Perfect for ponds and water gardens. Aquatic; winter care varies by Hardiness Zone. Remove dead or damaged foliage promptly.",outdoorFullSun,high,"[10, 29]",,,,,neutral,waterloggingTolerant,unknown,moderate,
arrowhead,Arrowhead,Specialty - Aquatic & Bog,Also known as: Duck potato. Aquatic pond plant (Sagittaria)—not the houseplant Arrowhead plant (Syngonium). Arrow-shaped leaves; grows in shallow water or pond edges. Edible tubers (duck potato).,Sagittaria latifolia (Duck potato),Shallow water (2–12 in) or saturated soil. Full sun. Plant in pond margin or container. Divide when crowded. No soil watering—plant in water. Remove dead or yellowing leaves. Thin overcrowded plants to maintain water quality.,outdoorFullSun,medium,"[10, 28]",,,,,neutral,waterloggingTolerant,nonToxic,moderate,
bog-plants,Bog Plants,Specialty - Aquatic & Bog,"Plants adapted to constantly wet or waterlogged soil, ideal for water gardens and pond edges.","Cyperus papyrus (Papyrus, Egyptian paper reed), Canna (Canna lily), Iris pseudacorus (Yellow flag iris), Sagittaria (Arrowhead)",Keep soil constantly moist or waterlogged - never allow to dry out. Can grow in shallow water (up to 6 inches). Full sun to partial shade depending on species. Fertilize monthly during growing season with aquatic plant fertilizer. Ideal for water gardens and pond edges. Some species spread aggressively - contain with barriers. Remove dead foliage. Research specific plant for exact requirements. Adapted to constantly wet conditions. Aquatic; winter care varies by Hardiness Zone. Remove dead or damaged foliage promptly.；remove peduncle after flowering,outdoorPartialSun,high,"[10, 29]",3.0,3.0,5.0,,adaptable,waterloggingTolerant,unknown,moderate,
cattails,Cattails,Specialty - Aquatic & Bog,"Emergent wetland plants in the Typhaceae family, grow in shallow water or wet soil, can be invasive.","Typha latifolia (Common cattail, Broadleaf cattail), T. angustifolia (Narrowleaf cattail), T. domingensis (Southern cattail)",Grow in shallow water (6-12 inches) or constantly wet soil. Never allow to dry out. Full sun preferred. Fertilize sparingly if at all. Spreads aggressively by rhizomes - contain with barriers or grow in containers. Remove seed heads to prevent spread. Can be invasive - check local regulations. Perfect for pond edges and water gardens. Provides wildlife habitat. Aquatic; winter care varies by Hardiness Zone. Remove dead or yellowing leaves. Thin overcrowded plants to maintain water quality.,outdoorFullSun,high,"[10, 29]",,,,,adaptable,waterloggingTolerant,nonToxic,moderate,
duckweed,Duckweed,Specialty - Aquatic & Bog,Tiny floating plants. Rapid spread; provides shade and filtration. Can be invasive. Often used in aquariums and small ponds.,Lemna minor (Common duckweed),Floats on still water. Full sun to partial shade. No planting—add to water surface. Control spread; remove excess. Provides habitat for tiny aquatic life. Remove dead or damaged foliage promptly.,outdoorFullSun,medium,"[10, 28]",,,,,neutral,waterloggingTolerant,nonToxic,moderate,
giant-water-lily,Giant Water Lily,Specialty - Aquatic & Bog,"Also known as: Amazon water lily, Victoria water lily. The largest water lily in the world, with circular floating pads up to 3m in diameter that can support the weight of a child. White flowers bloom at night.","Victoria amazonica (Giant water lily, Amazon water lily), V. cruziana (Santa Cruz water lily), V. 'Longwood Hybrid'","Fully aquatic — grow in still, warm water at least 60 cm deep. Full sun essential — at least 8 hours daily for pad development. Very high humidity (naturally provided by water). Rich, heavy clay-loam pond soil topped with gravel. Feed heavily with aquatic plant fertilizer tablets pushed into soil monthly. Water temperature must stay above 20°C — grown as annual in temperate climates. Each pad lives about 2 weeks before being replaced. Pads have sharp spines underneath. Flowers open white at night, turn pink by morning. Non-toxic. Remove dead or yellowing leaves. Thin overcrowded plants to maintain water quality.",outdoorFullSun,veryHigh,"[22, 35]",1.0,1.0,1.0,1.0,neutral,waterloggingTolerant,nonToxic,moderate,
hornwort,Hornwort,Specialty - Aquatic & Bog,"Also known as: Coontail, Rigid Hornwort. Fast-growing rootless aquatic plant that floats or can be anchored, excellent for nutrient absorption and algae control.","Ceratophyllum demersum (Hornwort), C. submersum (Soft hornwort)","Medium light preferred — very high or very low light causes needle shedding. Can float freely or be weighted down; has no true roots. with optimal growth at 22-28°C. pH 6.0-7.5. Very fast grower — up to 10 cm per week under ideal conditions. Trim regularly and remove fallen needles to keep tank clean. Excellent biological filter, absorbing ammonia, nitrates, and phosphates. Non-toxic and safe for all aquarium fish and invertebrates.",mediumIndirect,veryHigh,"[10, 30]",,,,,adaptable,waterloggingTolerant,nonToxic,moderate,
horsetail,Horsetail,Specialty - Aquatic & Bog,"Ancient, primitive plant with hollow, jointed, bamboo-like stems and no true leaves or flowers. A living fossil — horsetails date back over 350 million years to the Carboniferous period.","Equisetum hyemale (Scouring rush, Rough horsetail), E. arvense (Field horsetail), E. japonicum (Japanese horsetail)","Keep soil consistently wet to waterlogged — horsetails are semi-aquatic and naturally grow in ditches, stream banks, and boggy ground. Partial shade to full sun. Adaptable to any soil. Do not fertilize. CAUTION: Extremely invasive — spreads aggressively by deep rhizomes that are nearly impossible to remove once established. Always grow in containers sunk into the ground or in lined beds. Popular for modern, minimalist garden design (architectural vertical lines). Used historically for polishing metal (silica in stems). Mildly toxic to livestock if consumed in large quantities; mildly toxic to pets. Remove dead or yellowing leaves. Thin overcrowded plants to maintain water quality.",outdoorPartialSun,veryHigh,"[-10, 30]",3.0,3.0,5.0,,adaptable,waterloggingTolerant,mildlyToxic,moderate,
indoor-aquatics,Indoor Aquatics,Specialty - Aquatic & Bog,Aquatic plants grown indoors in water containers or hydroponic setups.,"Dracaena sanderiana (Lucky bamboo), Pothos in water, Philodendron in water, Spider plant in water",Keep roots submerged in water at all times. Change water weekly to prevent stagnation and algae growth. Use filtered or distilled water to avoid mineral buildup. Bright indirect light preferred. Add liquid fertilizer monthly at quarter strength. Clean container monthly. Some plants can transition from soil to water. Perfect for hydroponic setups or decorative water containers. Research specific plant for exact requirements. Aquatic; winter care varies by Hardiness Zone. Remove yellowing or damaged leaves promptly.,lowIndirect,high,"[18, 24]",,,,,neutral,waterloggingTolerant,unknown,slow,
java-fern,Java Fern,Specialty - Aquatic & Bog,"One of the most popular beginner aquarium plants, grows attached to rocks and driftwood rather than planted in substrate.","Microsorum pteropus (Java fern), M. pteropus 'Windelov' (lace-leaf), M. pteropus 'Narrow Leaf', M. pteropus 'Trident'","Low to moderate light — avoid high-intensity lighting which causes brown spots. Do not bury rhizome in substrate — attach to driftwood or rocks with thread or glue. pH 5.5-7.5. No CO2 injection needed. Propagates via plantlets on leaf tips. Very slow grower. Non-toxic and safe for all fish, shrimp, and snails. Remove dead or yellowing leaves. Thin overcrowded plants to maintain water quality.",lowIndirect,veryHigh,"[15, 30]",,,,,adaptable,waterloggingTolerant,nonToxic,moderate,
java-moss,Java Moss,Specialty - Aquatic & Bog,"Also known as: Bogor Moss, Mini Moss, Christmas Moss (similar). Fast-growing aquatic moss that clings to surfaces, ideal for aquascaping and providing fry shelter.","Taxiphyllum barbieri (Java moss), Vesicularia dubyana (Singapore moss), Vesicularia montagnei (Christmas moss)","Low to moderate light — higher light speeds growth but may encourage algae. Attach to driftwood, rocks, or mesh with thread or glue; it will self-attach over time. for a wide comfort range. pH 6.0-7.5. No CO2 or fertilizer required but both boost growth. Trim regularly to prevent dense mats that trap debris. Absorbs nitrates and phosphates, improving water quality. Non-toxic and safe for all aquatic life.",lowIndirect,veryHigh,"[15, 30]",,,,,adaptable,waterloggingTolerant,nonToxic,moderate,
lotus,Lotus,Specialty - Aquatic & Bog,"Also known as: Sacred Lotus, Indian Lotus. Aquatic perennial with iconic round leaves and showy flowers rising above the water. Edible roots (lotus root), seeds, and leaves widely used in Asian cuisine. Spiritual significance in many cultures.","Nelumbo nucifera (Lotus, Sacred lotus, Indian lotus), various colors and sizes","Grow in shallow to deep water (6-24 inches). Never allow to dry out. Full sun essential. Fertilize with aquatic plant fertilizer tablets. Plant tubers in spring. Beautiful flowers bloom above water. Edible roots (lotus root), seeds, and leaves. Can be invasive - contain with barriers. Important in Chinese culture and Buddhism. Requires water garden or pond. Aquatic; winter care varies by Hardiness Zone. Remove dead or damaged foliage promptly.",outdoorFullSun,high,"[18, 29]",,,,,adaptable,waterloggingTolerant,nonToxic,moderate,
marimo-moss-ball,Marimo Moss Ball,Specialty - Aquatic & Bog,"Spherical green algae colony that grows naturally in cold, clear lakes. A popular low-maintenance aquatic novelty plant.",Aegagropila linnaei (Marimo moss ball),"Low to moderate indirect light — avoid direct sunlight which causes browning and algae overgrowth. Keep in cool water (10-20°C); temperatures above 25°C can kill them. Change water every 1-2 weeks and gently squeeze to remove debris. Freshwater only; pH 6.5-7.5. Gently roll the ball periodically to maintain its round shape. Extremely slow-growing at about 5 mm per year. Non-toxic to fish, shrimp, and pets. Remove dead or yellowing leaves. Thin overcrowded plants to maintain water quality.",lowIndirect,veryHigh,"[5, 25]",,,,,neutral,waterloggingTolerant,nonToxic,moderate,
papyrus,Papyrus,Specialty - Aquatic & Bog,Tall marginal aquatic. Egyptian papyrus grows in shallow water or wet soil. Dramatic upright stems with fluffy tops.,Cyperus papyrus (Egyptian papyrus),Shallow water or saturated soil. Full sun. Tropical—protect from frost. Can grow in submerged pots. Fertilize occasionally in growing season. Remove dead or damaged foliage promptly.；remove peduncle after flowering,outdoorFullSun,medium,"[10, 28]",,,,,neutral,waterloggingTolerant,nonToxic,moderate,
pickerelweed,Pickerelweed,Specialty - Aquatic & Bog,"Emergent aquatic plants in the Pontederiaceae family with spikes of blue flowers, ideal for pond margins.","Pontederia cordata (Pickerelweed, Pickerel rush)",Grow in shallow water (up to 12 inches) or constantly wet soil. Never allow to dry out. Full sun to partial shade. Fertilize monthly during growing season with aquatic plant fertilizer. Spreads by rhizomes - may need containment. Remove spent flowers to prevent self-seeding. Perfect for pond margins and water gardens. Attracts pollinators. Provides wildlife habitat. Aquatic; winter care varies by Hardiness Zone. Remove dead or damaged foliage promptly.,outdoorFullSun,high,"[16, 27]",,,,,adaptable,waterloggingTolerant,nonToxic,moderate,
umbrella-palm,Umbrella Palm,Specialty - Aquatic & Bog,Cyperus (umbrella plant) for water gardens. Stems topped with umbel leaf whorls. Thrives in saturated soil or shallow water.,Cyperus alternifolius (Umbrella papyrus),Shallow water or saturated soil. Full sun to partial shade. Keep roots wet. Tropical—protect from frost. No soil watering—grown in water. Remove dead or damaged foliage promptly.,outdoorFullSun,medium,"[10, 28]",,,,,neutral,waterloggingTolerant,nonToxic,moderate,
water-hawthorn,Water Hawthorn,Specialty - Aquatic & Bog,Floating aquatic with fragrant white flowers. Aponogeton blooms spring and fall. Submerged planting; leaves float.,Aponogeton distachyos,Plant in 6–18 in water. Full sun to partial shade. Fertilize with pond tabs. Can go dormant in hot summer. Flowers float on surface. Remove dead or yellowing leaves. Thin overcrowded plants to maintain water quality.,outdoorFullSun,medium,"[10, 28]",,,,,neutral,waterloggingTolerant,nonToxic,moderate,
water-hyacinth,Water Hyacinth,Specialty - Aquatic & Bog,Floating aquatic with purple flowers. Highly invasive—illegal in some areas. Provides shade and filtration. Check local regulations.,Eichhornia crassipes (Floating water hyacinth),Floats on still water. Full sun. No planting—add to surface. Remove excess to control spread. Illegal in many US states—check before growing. Remove dead or damaged foliage promptly.,outdoorFullSun,medium,"[10, 28]",,,,,neutral,waterloggingTolerant,nonToxic,moderate,
water-iris,Water Iris,Specialty - Aquatic & Bog,"Iris species adapted to wet conditions, grow in shallow water or boggy soil, ideal for water gardens.","Iris laevigata (Japanese water iris), I. pseudacorus (Yellow flag iris), I. versicolor (Blue flag iris)","Grow in shallow water (up to 6 inches) or constantly wet, boggy soil. Never allow to dry out. Full sun to partial shade. Fertilize monthly during growing season with aquatic plant fertilizer. Divide every 3-4 years to maintain vigor. Remove dead foliage. Perfect for pond edges and water gardens. Some species can be invasive - check local regulations. Aquatic; winter care varies by Hardiness Zone. Toxic to pets—rhizomes especially; keep away from pets. Need pruning frequently, Remove dead or damaged foliage promptly.",outdoorFullSun,high,"[10, 27]",,,,,neutral,waterloggingTolerant,toxic,moderate,
water-lettuce,Water Lettuce,Specialty - Aquatic & Bog,Floating rosettes resembling lettuce. Spreads rapidly. Invasive in warm climates. Provides shade. Check local regulations.,Pistia stratiotes,Floats on still water. Full sun. No planting—add to surface. Control spread; remove excess. Illegal in some areas. Tropical—frost kills. Toxic to pets—keep away from pets. Remove dead or yellowing leaves. Thin overcrowded plants to maintain water quality.,outdoorFullSun,medium,"[10, 28]",,,,,neutral,waterloggingTolerant,toxic,moderate,
water-lily,Water Lily,Specialty - Aquatic & Bog,Classic floating aquatic. Leaves and flowers float on surface. Plant in pots at pond bottom. Hardy and tropical types.,Nymphaea spp. (Water lily),Full sun. Plant in soil at 6–18 in depth. Use aquatic pots. Fertilize with pond tabs. Remove yellow leaves. Trim roots when repotting. Mildly toxic to pets—may cause GI upset if ingested.,outdoorFullSun,medium,"[10, 28]",,,,,neutral,waterloggingTolerant,mildlyToxic,moderate,
butterwort,Butterwort,Specialty - Carnivorous,"Also known as: Pinguicula. Carnivorous plants in the Lentibulariaceae family with sticky leaves that trap insects, include temperate and tropical species.","Pinguicula moranensis (Mexican butterwort), P. agnata, P. gigantea (Giant butterwort), P. vulgaris (Common butterwort), P. esseriana",Constant moisture with distilled or rainwater ONLY - never tap water. Keep in tray of water (1-2 inches deep). Bright indirect light preferred. High humidity (60-70%+) preferred. Use only sphagnum peat moss or specialized carnivorous plant soil. Don't fertilize - they get nutrients from insects. Temperate species require dormancy; tropical species do not. Sticky leaves trap small insects. Research specific species for exact requirements. Remove dead or damaged foliage promptly.,brightIndirect,high,"[16, 27]",2.0,2.0,3.0,5.0,acidic,moistureRetentive,nonToxic,slow,
carnivorous-plant,Carnivorous Plant,Specialty - Carnivorous,"Plants that attract, trap, and digest insects and other small prey. Adapted to nutrient-poor boggy conditions with high humidity and acidic, low-nutrient soil.","Dionaea muscipula (Venus flytrap), Drosera (Sundew), Nepenthes (Tropical pitcher plant), Sarracenia (North American pitcher plant), Pinguicula (Butterwort)","Use only distilled, rainwater, or reverse-osmosis water — minerals in tap water damage or kill carnivorous plants. Keep soil consistently moist; many prefer the tray method (sitting in 1 inch of water). Use nutrient-free soil (pure peat or sphagnum with perlite — never potting mix). Bright light essential (4-6 hours direct sun or strong grow lights). High humidity (50-80%) preferred. Never fertilize through soil. Do not trigger traps for fun — wastes plant energy. Many temperate species require winter dormancy (cool, reduced light). Research specific genus for exact requirements. Remove flower stems and any damaged or rotting leaves promptly.",brightIndirect,high,"[10, 28]",2.0,2.0,3.0,5.0,acidic,moistureRetentive,nonToxic,slow,
cobra-lily,Cobra Lily,Specialty - Carnivorous,"Also known as: Darlingtonia. Unique carnivorous plant in the Sarraceniaceae family native to California and Oregon, requires cool conditions.","Darlingtonia californica (Cobra lily, California pitcher plant, Darlingtonia)",Constant moisture with distilled or rainwater ONLY - never tap water. Keep in tray of water (1-2 inches deep). Prefer cool conditions - avoid heat. Bright indirect to direct light. High humidity (60%+) preferred. Use only sphagnum peat moss or specialized carnivorous plant soil. Don't fertilize - they get nutrients from insects. Require dormancy period in winter. Unique cobra-like appearance. Very challenging to grow outside native range. Remove dead traps and flower stalks (unless saving seed). Avoid trimming active traps.,brightIndirect,high,"[10, 21]",2.0,2.0,3.0,5.0,acidic,moistureRetentive,nonToxic,slow,
drosera-capensis,Cape Sundew,Specialty - Carnivorous,"Popular tropical sundew from South Africa, easy to grow and forgiving of beginners. No dormancy required. Produces tall flower stalks and abundant sticky dew.",Drosera capensis (Cape sundew),Constant moisture with distilled or rainwater ONLY - never tap water. Keep in tray of water (1-2 inches deep). Bright indirect to direct light (6-8 hrs ideal). High humidity (50-70%) preferred. Use only sphagnum peat moss or specialized carnivorous plant soil. Don't fertilize - they get nutrients from insects. No dormancy needed. One of the easiest carnivorous plants to grow. Remove dead or damaged foliage promptly.,brightIndirect,high,"[10, 28]",2.0,2.0,3.0,5.0,acidic,moistureRetentive,nonToxic,slow,
nepenthes,Nepenthes,Specialty - Carnivorous,Tropical pitcher plants (monkey cups) from Southeast Asia with hanging pitcher traps. Highlanders and lowlanders have different temperature needs.,"Nepenthes spp. (Tropical pitcher plant, Monkey cups)",Constant moisture with distilled or rainwater ONLY - never tap water. Water when top of medium feels dry; avoid waterlogging. Bright indirect to filtered light. High humidity (60-80%+) essential - often grown in terrariums. Use only sphagnum moss or specialized carnivorous plant mix. Don't fertilize - they get nutrients from insects. No dormancy. Research highlander vs lowlander requirements for your species. Remove dead or damaged foliage promptly.,brightIndirect,high,"[10, 28]",2.0,2.0,3.0,5.0,acidic,excellentDrainage,nonToxic,slow,
pitcher-plant,Pitcher Plant,Specialty - Carnivorous,"Carnivorous plants with modified leaves forming pitcher-shaped traps, include temperate and tropical species.","Sarracenia (North American pitcher plant), Nepenthes (Tropical pitcher plant, Monkey cups), Darlingtonia (Cobra lily)",Constant moisture with distilled or rainwater ONLY - never tap water. Keep in tray of water (1-2 inches deep). Bright indirect to direct light depending on species. High humidity (60-70%+) preferred. Use only sphagnum peat moss or specialized carnivorous plant soil. Don't fertilize - they get nutrients from insects. Temperate species require dormancy; tropical species do not. Fill pitchers with water if they dry out. Research specific species for exact requirements. Remove dead traps and flower stalks (unless saving seed). Avoid trimming active traps.,brightIndirect,high,"[16, 27]",2.0,2.0,3.0,5.0,acidic,moistureRetentive,nonToxic,slow,
sarracenia,Sarracenia,Specialty - Carnivorous,Also known as: Trumpet pitcher. North American pitcher plants native to boggy regions. Upright or hooded pitchers trap insects. Require winter dormancy. Can be grown outdoors in zones 6-9.,"Sarracenia spp. (North American pitcher plant, Trumpet pitcher)","Constant moisture with distilled or rainwater ONLY - never tap water. Keep in tray of water (1-2 inches deep). Bright indirect to full sun (4-6 hrs). High humidity (60%+) preferred. Use only sphagnum peat moss or specialized carnivorous plant soil. Don't fertilize - they get nutrients from insects. Require dormancy in winter (cooler temps, reduced watering). Fill pitchers with water if they dry out. Remove flower stems and any damaged or rotting leaves promptly.",strongDirect,high,"[10, 28]",2.0,2.0,3.0,5.0,acidic,moistureRetentive,nonToxic,slow,
sundew,Sundew,Specialty - Carnivorous,"Also known as: Drosera. Carnivorous plants in the Droseraceae family with sticky, dewy leaves that trap insects.","Drosera (Sundew), D. capensis (Cape sundew), D. rotundifolia (Round-leaved sundew), temperate and tropical species",Constant moisture with distilled or rainwater ONLY - never tap water. Keep in tray of water (1-2 inches deep). Bright indirect to direct light depending on species. High humidity (60%+) preferred. Use only sphagnum peat moss or specialized carnivorous plant soil. Don't fertilize - they get nutrients from insects. Temperate species require dormancy; tropical species do not. Dewy appearance indicates healthy plant. Research specific species for exact requirements. Remove dead traps and flower stalks (unless saving seed). Avoid trimming active traps.,brightIndirect,high,"[16, 27]",2.0,2.0,3.0,5.0,acidic,moistureRetentive,nonToxic,slow,
venus-flytrap,Venus Flytrap,Specialty - Carnivorous,"Also known as: VFT. Most famous carnivorous plant in the Droseraceae family, native to North Carolina, requires dormancy and pure water.","Dionaea muscipula (Venus flytrap, VFT)","Constant moisture with distilled or rainwater ONLY - never tap water (minerals kill them). Keep in tray of water (1-2 inches deep). Reduce watering in winter dormancy but keep slightly moist. Bright indirect to direct light (4-6 hours daily). High humidity (60%+) preferred. Use only sphagnum peat moss or specialized carnivorous plant soil. Don't fertilize - they get nutrients from insects. Require dormancy period in winter (cooler temperatures, reduced light). Don't trigger traps unnecessarily - each trap can only close a few times. Remove flower stems and any damaged or rotting leaves promptly.",strongDirect,high,"[16, 27]",2.0,2.0,3.0,5.0,acidic,moistureRetentive,nonToxic,slow,
air-plants,Air Plants,Specialty - Epiphytes & Moss,"Epiphytic plants in the Bromeliaceae family that grow without soil, absorb water and nutrients through their leaves.","Tillandsia (Air plant), T. ionantha (Sky plant), T. xerographica (King of air plants), T. usneoides (Spanish moss), T. stricta, T. brachycaulos","Soak weekly for 20-30 minutes in room temperature water. Mist 2-3 times per week between soaks. Shake off excess water after soaking - water left in center causes rot. Ensure good air circulation - never keep in closed containers. Bright indirect light preferred. High humidity (50%+) preferred. Fertilize monthly by adding fertilizer to soak water at quarter strength. Grow without soil - mount on wood, rocks, or display in air. Research specific species for exact requirements. Remove dead leaves or spent bloom spikes. Minimal pruning needed for air plants.",brightIndirect,high,"[10, 32]",5.0,5.0,7.0,10.0,adaptable,wellDraining,nonToxic,slow,
bromeliad-neoregelia,Neoregelia Bromeliad,Specialty - Epiphytes & Moss,Tank bromeliads with colorful central cups that hold water. Leaves form a rosette; flowers emerge from the center. Epiphytic in nature.,Neoregelia spp. (Blushing bromeliad),Keep central cup (tank) filled with water - change weekly to prevent stagnation. Water soil when nearly dry. Bright indirect light. High humidity (50%+) preferred. Fertilize monthly by adding diluted fertilizer to tank. Use well-draining orchid or bromeliad mix. Good air circulation. Pup (offset) removal after flowering. Remove dead or damaged foliage promptly.,brightIndirect,high,"[10, 28]",7.0,7.0,10.0,14.0,neutral,wellDraining,nonToxic,slow,
dendrobium-orchid,Dendrobium Orchid,Specialty - Epiphytes & Moss,"Large orchid genus with cane-like stems and sprays of flowers. Many types: nobile (cool rest), phalaenopsis-type (warm), others. Epiphytic.","Dendrobium spp. (Singapore orchid, Cooktown orchid)",Water when medium is nearly dry (weekly to bi-weekly). Never let sit in water. Bright indirect light - some tolerate more sun. High humidity (50-70%) preferred. Fertilize monthly with orchid fertilizer at quarter strength. Use bark-based orchid mix. Rest period varies by type - nobile needs cool dry rest for blooms. Research specific hybrid for exact cycle. Remove dead or damaged foliage promptly.,brightIndirect,high,"[10, 28]",7.0,7.0,10.0,14.0,neutral,wellDraining,nonToxic,slow,
epiphytes,Epiphytes (General),Specialty - Epiphytes & Moss,"General category for plants that grow on other plants - see specific categories (Orchids, Bromeliads, Air Plants) for detailed care.","Platycerium (Staghorn fern), Tillandsia, Orchids, Bromeliads","Mist regularly (daily to weekly depending on species). Soak mounted plants weekly for 15-30 minutes. Ensure good drainage - never let sit in water. Bright indirect light preferred. High humidity (50-70%) preferred. Fertilize monthly with diluted fertilizer. Grow without soil - mount on wood, bark, or in specialized epiphyte mix. Good air circulation essential. Research specific plant type for exact requirements - see Orchids, Bromeliads, Air Plants for detailed care. Remove dead leaves or spent bloom spikes. Minimal pruning needed for air plants.",brightIndirect,high,"[10, 29]",5.0,5.0,7.0,10.0,adaptable,excellentDrainage,unknown,slow,
lichen,Lichen,Specialty - Epiphytes & Moss,"Also known as: Oakmoss. Symbiotic organism (fungus + algae/cyanobacteria) growing on bark, rocks, or soil. Rarely cultivated; use for identification or terrarium accent.","Various lichen species (Reindeer moss, British soldiers, Oakmoss)",Mist regularly to maintain moisture - lichens absorb from air. High humidity and good air circulation. Bright indirect to low light depending on species. Do not fertilize. Display on bark or rocks. Very slow growth. Difficult to cultivate outside natural habitat - most are wild-collected for display. Remove dead leaves or spent bloom spikes. Minimal pruning needed for air plants.,brightIndirect,high,"[10, 28]",5.0,5.0,7.0,10.0,neutral,wellDraining,nonToxic,slow,
mosses,Mosses,Specialty - Epiphytes & Moss,"Non-vascular bryophytes that require constant moisture and high humidity, absorb water through leaves.","Sheet moss, Sphagnum moss (Peat moss), Fern moss, Cushion moss, Haircap moss",Mist daily or multiple times per day to maintain constant moisture. Never allow to dry out completely - even brief drying can kill moss. High humidity (80%+) essential - use terrarium or enclosed space. Bright indirect to low light preferred; direct sun dries moss quickly. Use distilled or rainwater - tap water minerals can harm moss. Acidic conditions preferred. Perfect for terrariums and moss gardens. Very challenging to maintain outside natural habitat. Remove dead leaves or spent bloom spikes. Minimal pruning needed for air plants.,lowIndirect,veryHigh,"[10, 21]",2.0,2.0,3.0,5.0,acidic,moistureRetentive,nonToxic,slow,
oncidium-orchid,Oncidium Orchid,Specialty - Epiphytes & Moss,"Epiphytic orchids with spray-like flower stems, often yellow ""dancing lady"" blossoms. Includes many intergeneric hybrids (Oncostele, etc.).",Oncidium spp. (Dancing lady orchid),"Water when medium is nearly dry (weekly to bi-weekly). Never let sit in water. Bright indirect light - more light than Phalaenopsis. High humidity (50-70%) preferred. Fertilize monthly with orchid fertilizer at quarter strength. Use bark-based orchid mix. Good air circulation. Pseudobulbs store water - slight wrinkling is normal between waterings. Remove dead or damaged foliage promptly., remove peduncle after flowering",brightIndirect,high,"[10, 28]",7.0,7.0,10.0,14.0,neutral,wellDraining,nonToxic,slow,
orchids,Orchids,Specialty - Epiphytes & Moss,"Large family of epiphytic and terrestrial plants in the Orchidaceae family, many are popular houseplants with specific care needs.","Phalaenopsis (Moth orchid), Cattleya, Dendrobium, Oncidium, Paphiopedilum (Lady's slipper), many genera and species","Water when potting medium is nearly dry (weekly to bi-weekly). Never let sit in water. Bright indirect light preferred - avoid direct sun. High humidity (50-70%) preferred. Fertilize monthly with orchid fertilizer at quarter strength. Use specialized orchid potting mix (bark, sphagnum moss). Repot every 2-3 years. Good air circulation essential. Many species are epiphytic. Research specific genus for exact requirements. Remove dead leaves or spent bloom spikes. Minimal pruning needed for air plants.",brightIndirect,high,"[18, 27]",7.0,7.0,10.0,14.0,neutral,wellDraining,unknown,slow,
paphiopedilum,Slipper Orchid,Specialty - Epiphytes & Moss,"Also known as: Lady's slipper orchid. Terrestrial orchids prized for their distinctive pouch-shaped lip that traps pollinating insects, with blooms in rich earth tones, greens, and dramatic spotted or striped patterns.","Paphiopedilum maudiae (Maudiae slipper orchid), P. delenatii (Vietnamese slipper orchid), P. rothschildianum (Gold of Kinabalu orchid), P. insigne","Keep potting mix evenly moist but never soggy; water when top layer feels slightly dry. Medium indirect light—no direct sun; mottled-leaf types tolerate lower light than plain-leaf types. High humidity (60%+) essential. Use fine-grade bark orchid mix with perlite and sphagnum; they are terrestrial, not epiphytic like most orchids. Fertilize weakly every 2 weeks with balanced orchid fertilizer (flush monthly to prevent salt buildup). Do not mist water into the pouch—causes rot. Repot every 1-2 years when medium breaks down. Non-toxic to pets. Remove dead or damaged foliage promptly.",mediumIndirect,high,"[13, 27]",5.0,3.0,5.0,7.0,neutral,wellDraining,nonToxic,slow,
resurrection-fern,Resurrection Fern,Specialty - Epiphytes & Moss,Epiphytic fern in the Polypodiaceae family that can survive extreme drought by curling up and appearing dead.,"Pleopeltis polypodioides (Resurrection fern, formerly Polypodium polypodioides)",Mist regularly (2-3 times per week). Soak mounted plants weekly for 15-30 minutes. Can survive drought by curling up - will revive when watered. Bright indirect light preferred. High humidity (50-70%) preferred. Fertilize monthly with diluted fertilizer. Grow without soil - mount on wood or bark. Good air circulation essential. Epiphytic - grows on trees in nature. Very drought tolerant for a fern. Remove dead or damaged foliage promptly.,brightIndirect,high,"[16, 27]",5.0,5.0,7.0,10.0,neutral,wellDraining,nonToxic,slow,
spanish-moss,Spanish Moss,Specialty - Epiphytes & Moss,Also known as: Graybeard. Air plant (Tillandsia usneoides) that hangs in draping strands. No roots in soil - absorbs moisture through leaves. Grows on trees in Southeast US.,"Tillandsia usneoides (Spanish moss, Graybeard)","Mist or soak 2-3x per week. Can dunk in water 10-20 min weekly. Shake off excess - never leave waterlogged. Bright indirect light. High humidity (50%+) preferred. No soil - hang or drape on branches, driftwood. Good air circulation. Tolerates mild freeze. Do not use copper - it is toxic to Tillandsia. Remove dead or damaged foliage promptly.",brightIndirect,high,"[10, 28]",5.0,5.0,7.0,10.0,adaptable,wellDraining,nonToxic,slow,
tillandsia-xerographica,Xerographica Air Plant,Specialty - Epiphytes & Moss,"Large, sculptural air plant with silvery curly leaves. Xeromorphic - needs less water than most Tillandsia. Drought tolerant.",Tillandsia xerographica (King of air plants),Mist 2-3x per week; soak 1-2x per month for 30-60 min. Shake off excess - water in crown causes rot. Thick leaves mean less frequent watering than other air plants. Bright indirect light. High humidity preferred. No soil - display on wood or in air. Tolerates neglect better than most air plants. Remove dead or damaged foliage promptly.,brightIndirect,high,"[10, 28]",7.0,7.0,10.0,14.0,adaptable,wellDraining,nonToxic,slow,
vanda-orchid,Vanda Orchid,Specialty - Epiphytes & Moss,"Monopodial orchids with strap leaves and large, colorful flowers. Often grown bare-root in baskets or with minimal media. Need high light and humidity.",Vanda spp. (Vanda orchid),"Water daily to every few days when grown bare-root; when potted, water when nearly dry. Mist roots frequently. Bright light - more than Phalaenopsis. High humidity (60%+) essential. Fertilize weekly at quarter strength. Use coarse bark or grow in slatted basket without media. Good air circulation. Can bloom multiple times per year. Remove dead leaves or spent bloom spikes. Minimal pruning needed for air plants.",brightIndirect,high,"[10, 28]",7.0,7.0,10.0,14.0,neutral,wellDraining,nonToxic,slow,
vanilla,Vanilla,Specialty - Epiphytes & Moss,"Climbing orchid (Vanilla planifolia) that produces the vanilla bean. Grows as a vine; needs support. Tropical, high humidity and warmth. Also grown commercially as one of the world's most valuable spices.","Vanilla planifolia (Vanilla orchid, Vanilla bean), V. tahitensis (Tahitian vanilla), V. pompona (West Indian vanilla)",Water when medium is nearly dry (2-3x per week when growing). High humidity (80%+) essential - greenhouse or terrarium ideal. Bright indirect to filtered light. Fertilize monthly with orchid fertilizer. Use orchid bark mix. Provide sturdy support for vining growth. Flowers only with maturity (several years) and hand-pollination. Beans develop after pollination. Remove dead or damaged foliage promptly.,brightIndirect,high,"[21, 32]",5.0,5.0,7.0,10.0,neutral,wellDraining,nonToxic,slow,
alpine-aster,Alpine Aster,Specialty - Alpine,"Compact alpine aster with daisy-like flowers in late spring to summer. Cold hardy, suited to rock gardens and alpine troughs.",Aster alpinus (Alpine aster),"Light watering (every 1-2 weeks). Allow to dry between waterings. Excellent drainage essential - use rocky, gritty mix. Full sun preferred. Drought tolerant once established. Fertilize sparingly in spring. Perfect for rock gardens. Shear after flowering to contain. Alpine; reduce watering when dormant; avoid winter wet. Remove dead or damaged foliage promptly.",outdoorFullSun,medium,"[10, 28]",7.0,7.0,10.0,14.0,neutral,wellDraining,nonToxic,slow,
alpine-plants,Alpine Plants,Specialty - Alpine,"Plants adapted to high-altitude, rocky conditions with excellent drainage, many are drought tolerant.","Saxifraga (Saxifrage), Sempervivum (Hens and chicks), Dianthus (Pinks, Carnations), Gentiana (Gentian), Androsace (Rock jasmine)","Light watering (every 1-2 weeks). Allow to dry between waterings. Excellent drainage essential - use rocky, gritty soil mix. Avoid waterlogged soil which causes root rot. Full sun preferred. Many are drought tolerant once established. Fertilize sparingly in spring. Perfect for rock gardens. Adapted to high-altitude, rocky conditions. Research specific species for exact requirements. Alpine; reduce watering when dormant; avoid winter wet. Deadhead after flowering. Remove dead foliage in early spring. Avoid heavy pruning.",outdoorPartialSun,medium,"[10, 21]",7.0,7.0,14.0,,neutral,wellDraining,unknown,slow,
aubrieta,Aubrieta,Specialty - Alpine,"Mat-forming alpine perennial in the Brassicaceae family with masses of spring flowers, excellent for rock gardens.","Aubrieta deltoidea (Aubrieta, Rock cress), various cultivars and colors","Light watering (every 1-2 weeks). Allow to dry between waterings. Excellent drainage essential. Full sun preferred. Drought tolerant once established. Fertilize sparingly in spring. Shear after flowering to maintain shape. Mat-forming habit. Masses of spring flowers. Perfect for rock gardens, walls, and slopes. Very cold hardy. Alpine; reduce watering when dormant; avoid winter wet. Remove dead, rotten, diseased leaves and the parts that may affect the good appearance",outdoorFullSun,low,"[10, 24]",7.0,7.0,10.0,,neutral,wellDraining,nonToxic,slow,
campanula-alpine,Alpine Bellflower,Specialty - Alpine,"Low-growing alpine bellflowers with blue or purple bells. Cold hardy, suited to rock gardens and crevices.",Campanula alpina (Alpine bellflower),Light watering (every 1-2 weeks). Allow to dry between waterings. Excellent drainage essential. Full sun to light shade. Fertilize sparingly in spring. Perfect for rock gardens and walls. Very cold hardy. Alpine; reduce watering when dormant; avoid winter wet.—keep away from pets. Remove dead or damaged foliage promptly.,outdoorFullSun,medium,"[10, 28]",7.0,7.0,10.0,14.0,neutral,wellDraining,nonToxic,slow,
dianthus-alpine,Alpine Pink,Specialty - Alpine,"Tiny alpine pink with single flowers, often pink or white. Compact cushion form. Cold hardy, ideal for rock gardens.",Dianthus alpinus (Alpine pink),Light watering (every 1-2 weeks). Allow to dry between waterings. Excellent drainage essential - alkaline soil preferred. Full sun. Drought tolerant once established. Fertilize sparingly. Shear after flowering. Perfect for rock gardens. Alpine; reduce watering when dormant; avoid winter wet. Toxic to pets. Remove dead or damaged foliage promptly.,outdoorFullSun,medium,"[10, 28]",7.0,7.0,10.0,14.0,neutral,wellDraining,mildlyToxic,slow,
edelweiss,Edelweiss,Specialty - Alpine,"Iconic alpine plant in the Asteraceae family with woolly white flowers, symbol of the Alps, requires excellent drainage.","Leontopodium nivale (Edelweiss, Alpine edelweiss), L. alpinum","Light watering (every 1-2 weeks). Allow to dry between waterings. Excellent drainage essential - use rocky, gritty soil mix. Avoid waterlogged soil. Full sun preferred. Very drought tolerant once established. Fertilize sparingly if at all. Perfect for rock gardens and alpine gardens. Challenging to grow outside alpine conditions. Symbol of the Alps. Requires cool summers. Alpine; reduce watering when dormant; avoid winter wet. Remove dead or damaged foliage promptly.",outdoorFullSun,low,"[10, 21]",7.0,7.0,10.0,,neutral,wellDraining,nonToxic,slow,
gentian,Gentian,Specialty - Alpine,"Also known as: Gentiana. Alpine and woodland plants in the Gentianaceae family with intense blue flowers, prefer cool, moist conditions.","Gentiana (Gentian), G. acaulis (Stemless gentian), G. septemfida (Crested gentian), G. sino-ornata (Chinese gentian)","Keep soil evenly moist but well-drained. Prefer cool, moist conditions. Excellent drainage essential. Full sun to partial shade depending on species. Fertilize sparingly in spring. Perfect for rock gardens and alpine gardens. Many species are challenging to grow. Adapted to high-altitude conditions. Research specific species for exact requirements. Alpine; reduce watering when dormant; avoid winter wet. Deadhead after flowering. Remove dead foliage in early spring. Avoid heavy pruning.",outdoorFullSun,medium,"[10, 21]",7.0,7.0,10.0,,neutral,wellDraining,nonToxic,slow,
lewisia,Lewisia,Specialty - Alpine,"Also known as: Bitterroot. Alpine succulents with rosettes and showy flowers in pink, magenta, or white. Needs sharp drainage; crown must stay dry.","Lewisia cotyledon (Bitterroot, Siskiyou lewisia)",Water when soil is dry; avoid wetting crown - rot is common. Excellent drainage essential - grow in sloping rock or gritty mix. Full sun to light shade. Plant crown above soil level. Fertilize sparingly. Perfect for rock gardens. Challenging in wet climates. Alpine; reduce watering when dormant; avoid winter wet. Remove dead or damaged foliage promptly.,outdoorFullSun,medium,"[10, 28]",7.0,7.0,10.0,14.0,neutral,wellDraining,nonToxic,slow,
primula-alpine,Alpine Primrose,Specialty - Alpine,"Delicate alpine perennials forming rosettes of leaves with clusters of jewel-toned flowers in spring, native to mountain meadows and rocky crevices of Europe and Asia where they endure harsh winters under snow cover.","Primula auricula (Auricula primrose, Bear's ear), P. marginata (Silver-edged primrose), P. hirsuta (Red alpine primrose), P. allionii (Allioni's primrose)","Keep soil evenly moist during spring growth and flowering; reduce watering in summer heat and winter. Partial sun with afternoon shade in hot climates—full morning sun is ideal. Medium humidity fine; good air circulation essential to prevent crown rot. Excellent drainage critical—use gritty, mineral-rich alpine mix (50% grit to 50% compost). Minimal fertilizer; light top-dressing with fine gravel and lean compost in autumn. Protect rosettes from winter wet—an overhead rain cover works well. Grows well in troughs, rock gardens, and alpine houses. Mildly toxic—contact with leaves can cause skin irritation. Remove dead or damaged foliage promptly.",outdoorPartialSun,medium,"[-10, 20]",3.0,5.0,7.0,,neutral,excellentDrainage,mildlyToxic,slow,
saxifrage,Saxifrage,Specialty - Alpine,"Also known as: Rockfoil. Diverse alpine genus with cushion, mat, or rosette forms. Flowers in white, pink, or yellow. Many species for rock gardens.",Saxifraga spp. (Rockfoil),"Light watering (every 1-2 weeks). Allow to dry between waterings. Excellent drainage essential - use rocky, gritty mix. Full sun to partial shade depending on species. Fertilize sparingly. Perfect for rock gardens and walls. Alpine; reduce watering when dormant; avoid winter wet. Remove dead or damaged foliage promptly.",outdoorFullSun,medium,"[10, 28]",7.0,7.0,10.0,14.0,neutral,wellDraining,nonToxic,slow,
,Curry Leaf,Herbs,,,"Grow curry leaf plants in a warm sunny location with well-draining soil. Water when the top layer of soil begins to dry, but avoid waterlogging. Provide plenty of sunlight for healthy growth. Protect the plant from frost and extremely cold temperatures. Prune regularly to encourage bushier growth and remove damaged leaves.",Outdoor Full Sun,Medium,"[18, 35]",4.0,3.0,5.0,7.0,,,Non-Toxic,Moderate,India
